x1,x2
0.5515561669507889,0.007169279633586309
0.5826502895074362,0.16494039363978225
0.6583892008787924,0.1482866825967283
0.6588255427745028,0.4681620973820475
0.6019038493787209,0.4112473093323521
0.43588454474794963,0.10516617730702296
0.4589602824279283,0.5481228453053062
0.4633944435627526,0.373815351714823
0.6900689079422556,0.28084514547882333
0.6287204142985111,0.19945654502902235
0.4990600737858397,0.22929179266464164
0.558413644400648,0.3194052400378859
0.4337361325358415,0.028041562254815966
0.4997199303136828,0.0801604560584278
0.5653332829553497,0.3317975959168477
0.372229022130735,0.3207706618296578
0.4929770448339891,0.032647891233861644
0.6857913043592384,0.47552825162672624
0.6701246801505245,0.43076706717491386
0.5043013580967618,0.5419097205805082
0.47760281645025116,0.28769723424053223
0.5783252913968165,0.44683818837196
0.11679810382186905,0.25990956694358053
0.5994018043159928,0.3478390841325981
0.4511924018434737,0.5093372379856607
0.5038515910283097,0.37605874855605426
0.60455217630053,0.4858407162288782
0.47151564380917194,0.6254799986261634
0.02551031606731837,0.1386516560120426
0.3027198362284024,0.4401565488190228
0.39973126315208607,0.6153595958569354
0.6174673307969384,0.6446033799679818
0.5451779150682728,0.08104182178864051
0.5195278262158353,0.6012822778404778
0.140540481708625,0.34513496421087675
0.5365056626439568,0.3347518359622781
0.5437142481425682,0.45529791456460555
0.5910044564679502,0.2913758147605916
0.6566304398837467,0.6865273518054043
0.5780422171131874,0.683004609705777
0.3969781355531663,0.44825673804100985
0.5742718802129667,0.43045086706481117
0.4502789085587073,0.048458308794887904
0.2938325968790244,0.5886756826237766
0.5390337250043049,0.007059656706624326
0.6185911187681263,0.5716773560906114
0.650561573985341,0.16478910562521196
0.19872989457231738,0.6651162388671724
0.4378985164596612,0.17749099284878828
0.47680017210295905,0.17445463144516715
0.5983590369492561,0.2009661615444858
0.5576913260626629,0.1904254121452468
0.6489688013204021,0.34953124835955857
0.4211099898843871,0.43837811749130334
0.6465914124817715,0.301977269840645
0.4362134528912211,0.34597266515323194
0.39340171092858855,0.3807111427464675
0.4283515097929863,0.5166869975945227
0.26691219961337287,0.6957234614936118
0.5228767843930716,0.5559828758714269
0.3362490058841593,0.3896691789405702
0.6183054389162704,0.1871988138493467
0.09647220645792282,0.318976976426781
0.6672901316464749,0.609865060277232
0.5053012728580362,0.43294074713561703
0.5688837716189932,0.5205794697546046
0.5263654260477955,0.07811058514090861
0.4500848487212737,0.30949513537448947
0.40883171907229576,0.4181949643807648
0.5971242030781099,0.47149428657951503
0.4980808849943295,0.1606849923134297
0.5078346159981248,0.12607481053932557
0.6022581970662272,0.012685860592260068
0.06083972016783007,0.27313764039951116
0.3633189072940095,0.09603276678570323
0.2160404845920707,0.2322014291574716
0.43622969514997306,0.633933390554866
0.5524259068418066,0.4690917287062881
0.5007134718654515,0.04365975865720596
0.3831613740406483,0.3752906145480817
0.46141894053314386,0.6066865386604765
0.5355074929021272,0.3131876162798485
0.49508782971694404,0.49084552436531187
0.43624433805807117,0.28367944056787675
0.2930847597902403,0.30017019063917133
0.6817939067701915,0.4404334483179062
0.5331508589943121,0.4692192567774458
0.24711273181622917,0.19768414668341336
0.5118981531595428,0.6212168461557432
0.3825207024954678,0.5791153057867426
0.5057600925518513,0.13707976564362434
0.3068477919340512,0.4448445050990567
0.5554177098485519,0.48101688577338125
0.026043503241263692,0.14882685498643763
0.3900025837264193,0.32808682519993904
0.38549116935564653,0.1826122232662128
0.44092458854889327,0.30246870936861764
0.6564432524017407,0.23855336631808893
0.3947250514510574,0.5583996054580196
0.5084147746766869,0.37681840126078425
0.49776782126482866,0.050057705300664654
0.3114850491572765,0.4351286196849089
0.5088409717716295,0.5958917620756393
0.5156465941994438,0.14332438989581298
0.39176357893994596,0.690953160993832
0.3003303236567,0.29907437237609946
0.4841615476560448,0.2737535250955413
0.6175713317265439,0.5033407682321953
0.5156356669304182,0.2991520257498996
0.5277276818663255,0.5959375465702187
0.1245969280002043,0.25432522330045026
0.6333003914399068,0.5983369121246311
0.505239356242365,0.1484792386214718
0.629272623905596,0.5400212260731565
0.19073086074741474,0.35232030069854714
0.46070188170803733,0.4204869002604577
0.4040571668044822,0.3502448470486369
0.6382494521704883,0.6049940734114219
0.5384281911941909,0.1988871109450298
0.549662769509022,0.5701944999392723
0.03368852407282674,0.5690296608989083
0.2500542911879329,0.25939617066157133
0.3372524684073674,0.26905159187803424
0.3648091601550406,0.012184230435573564
0.5405829864565301,0.2833071049602058
0.4506489073071918,0.622356309174565
0.3260493719124382,0.21786041472115908
0.3296526944910563,0.42287459666880745
0.4159380914244478,0.3457452643444887
0.4566928101416184,0.6212119061815768
0.516910383131994,0.07399347898155018
0.353480094780261,0.5796091360316857
0.6688561644733063,0.1446091648355209
0.6212576726901637,0.5476457017416532
0.6623607212141686,0.5866671558455896
0.6382623786039979,0.2897939536863031
0.6623053808992913,0.6286136737587332
0.11705071190237895,0.22602568356460154
0.08719797298776633,0.6345814186396062
0.6040696499010357,0.21748785323184266
0.4745524991917839,0.373205292581233
0.6213566326184853,0.48724241075749686
0.6153002972212891,0.1282878722531882
0.07860045924018885,0.26446714693916834
0.1450748641583533,0.5310875550446793
0.3350970183922516,0.2234646415108651
0.5678190905302432,0.5758119340844542
0.6057466375516218,0.41951668470332065
0.49209412413029957,0.3966044380829688
0.10610378460183656,0.13879905772100137
0.5474100491657033,0.3569824073904127
0.5311709935604817,0.557530659443436
0.2978531893950544,0.030352197401701975
0.24382479932825663,0.2171963758267524
0.5494663568808624,0.04843258704471555
0.5549812288560187,0.43278559447044945
0.441664449148668,0.5702420798973861
0.5572056889842254,0.6967243409783247
0.5620115339893066,0.031187154880615447
0.46540618940432055,0.2537290384059286
0.5493638540012306,0.6510822388232277
0.567237613659801,0.2221002880800277
0.5576340392050749,0.6297162965724629
0.4409409012959774,0.629062866468649
0.46828920933526064,0.44476299552539544
0.6984635939056416,0.47397928876539375
0.6291270324828121,0.14625237419460657
0.45023510774020004,0.20588721726301012
0.03769089304372403,0.4006283855768996
0.48163738896964,0.5850162572365969
0.2764852859457864,0.07380650407923225
0.4130815539192317,0.47004601644988836
0.6968108603329055,0.5716914322372318
0.09194610222997313,0.3459458536596748
0.6216637561782762,0.382475547046476
0.5136889920884516,0.3575375247086933
0.6319971974763399,0.6302825549442126
0.5740853172942091,0.6627899750609595
0.6884422115898456,0.48590010853321447
0.3472618674241694,0.6405646913291576
0.40110497179000576,0.40293897583316085
0.24666069057584128,0.37363075728863127
0.48317568040864906,0.27080585162526477
0.23983865590858724,0.48691357438209615
0.6219537032654935,0.5176572444084782
0.4215262696626612,0.4885330194541239
0.43176781456718283,0.5148873533234146
0.2406328867347179,0.5356775109099283
0.41919618868447545,0.179577671984113
0.6267785918628945,0.31279448925555564
0.49976876569746004,0.14501065174753552
0.5815284353675225,0.39019281539741235
0.41826572349418717,0.15750350403752167
0.2789642685475333,0.5735768795454966
0.442229479692371,0.23474768608293822
0.369328569103417,0.06175131866020141
0.6077209312995926,0.35885222568252284
0.35642135729098134,0.4268264096683017
0.12515916009201436,0.5915749513593886
0.6795907597253019,0.0588111213358883
0.309779304820945,0.49098986961489177
0.1489567735244639,0.42603286614466584
0.018188784600547684,0.4389442147678417
0.2864117259263571,0.5664158378118289
0.5175383085560137,0.39204971850735
0.6270621053916217,0.27138080152178656
0.5913444991702471,0.4505943960869132
0.42182480794288,0.0006399598401449005
0.4773795165093814,0.576708670707458
0.6722268379016286,0.5515062974450798
0.47198870089221784,0.40360118357875774
0.6889777554746216,0.3370885556164509
0.43707027109642693,0.2616304632540371
0.6440102282295211,0.5960290274705184
0.5935384567006675,0.4831557614543955
0.6339918409899962,0.1740067025572545
0.6970447036066731,0.5286421701249522
0.30141584581746045,0.4291659625579742
0.6564362345802063,0.6826943254400819
0.4543946679399101,0.47534960911283514
0.599723266592661,0.2068255251326102
0.5029817819154043,0.35978658203828134
0.6722947235118575,0.5590582007798759
0.5832452835882717,0.303070421938462
0.6007690251618027,0.4395007040151576
0.5999242855857364,0.2751585247665571
0.6376278114986089,0.43422348275422906
0.6455452844562007,0.6006316122481944
0.5672511974282192,0.18452005849147196
0.5429837200994027,0.30559396142205086
0.542580892098212,0.28815940702599685
0.134725892093089,0.2623413755592833
0.5914200377816584,0.2870363913506844
0.4134301144327536,0.4316993238047152
0.6400585736693414,0.04351895249033556
0.45302707037353407,0.03586483555213109
0.44053403694842014,0.1773466538073204
0.3570360344446859,0.5038607338884589
0.4347493720735201,0.3068408387531639
0.4499721482695677,0.40974798684508673
0.4359809904813032,0.2917773665231677
0.6456483178228327,0.6488759879393899
0.2888350642474594,0.07505941281531871
0.48274340112813824,0.3926381153934004
0.4044299615423004,0.3692207196781909
0.64000122460344,0.07798509436800154
0.5236231346623819,0.07546886198676278
0.6973912924624426,0.6720078006252607
0.6693846681293643,0.31915739005924826
0.6899163275287515,0.3268353957203581
0.6464160463102401,0.5375150406229533
0.5331850371537649,0.2648587800782902
0.45713469927776484,0.6888763206829884
0.5066801728960565,0.479461770532217
0.5608310772961935,0.3346915308397002
0.40913510057898494,0.3903140324552925
0.1723130366288518,0.35723314487131813
0.42782282662388166,0.06243360023823995
0.3600340217613298,0.3161159918752234
0.16502889816313748,0.3015471881178027
0.28630914995858614,0.5554044886596481
0.4615933262852696,0.36620554064183
0.5499739626164698,0.20156969075281342
0.6957458320455898,0.3698380246556846
0.2650819622493389,0.2686934560407216
0.6539009191891211,0.10179867184798506
0.383231564187728,0.19054971076507127
0.06780611417385787,0.07572124959314491
0.4345615454958546,0.5186834730215815
0.36640021244049265,0.507997510118884
0.6784292641762175,0.693609183689094
0.32753123994696354,0.19467294873994867
0.6194437651583635,0.4978378279381016
0.44927174053379976,0.13921591492419544
0.5486806083574386,0.3271039384789215
0.672796406203705,0.3123631149612575
0.4466532780739113,0.34158416089546006
0.611009360812194,0.5261633890304478
0.40635173018379556,0.4369901370374665
0.38522260694344107,0.6865559954415886
0.5026653398975548,0.4300436201132429
0.43618489378026715,0.3607772753241796
0.6641542183158904,0.14819687061258657
0.28076419025959526,0.651290322218429
0.6521516682009778,0.5787513075599965
0.5608680649410083,0.6566479360382895
0.6338041789800081,0.502139873289023
0.3957875791953809,0.4385437669891132
0.6910270854277553,0.5768549365184353
0.512313250916855,0.25916930293643226
0.11938702936962965,0.589532362005294
0.5798665702323214,0.480402752553057
0.6133024735002829,0.456814068304242
0.4495989715521917,0.5177028341001391
0.26111678683455397,0.034102995943820956
0.6948429365481457,0.1226913631930216
0.41804542543295187,0.38441915310809827
0.4254169226473749,0.3163097799473494
0.14857456387019913,0.6378735770580387
0.18171102165755984,0.4919273219207064
0.5347878703534084,0.03122187080817079
0.10286480826136904,0.3048980323040278
0.30534172441042795,0.3581171223439972
0.3418567503650633,0.3697116917777737
0.6284986674942865,0.6418979888758525
0.5916703426024174,0.41396917517717025
0.07668753426146424,0.060111345822593684
0.4855795130005842,0.38165517855744446
0.35493179012099324,0.36789924981289057
0.034521492022256385,0.25722329385411663
0.3858191800143542,0.561600942713532
0.5076153540930516,0.2749929512089855
0.4304204347748103,0.4183186568384739
0.5533084106020387,0.41945950060361725
0.6469494264278206,0.26177541832598883
0.48837711809846723,0.4463723820707237
0.40460462692544436,0.14821403301757202
0.01659298043914892,0.13781396927557515
0.5901006590481916,0.2895947920172002
0.6092353512578799,0.4599868868241622
0.5181754666007846,0.4581843023535318
0.5068901547167345,0.2787234018508707
0.5779469230272295,0.34029716658049425
0.4675629606064326,0.5915605374576282
0.5350020484595475,0.11189563631892233
0.6063465732409995,0.5602211895106617
0.5903565678245608,0.4818937924610911
0.10256666986521472,0.11149103447014355
0.5291504010917856,0.18339698558566356
0.046088342229635385,0.22913673841064974
0.1369717065622923,0.2732067598158919
0.1943382496496764,0.509843438588099
0.6049096851847794,0.29251013967909956
0.6690196744199584,0.471243093080713
0.5937707758832652,0.23147387046055795
0.07269210841948724,0.517037059685435
0.04354394621232731,0.2065029240779625
0.6626369729676086,0.3763585415673938
0.665560604363152,0.05065079002888635
0.5215985489628064,0.47427312558736734
0.4099734703368338,0.22536375610199413
0.51571091422156,0.17786177616010207
0.4292243893127287,0.32614696423851774
0.6708736470066158,0.4096448507162153
0.43990257467914506,0.5219303631565347
0.4424066650987146,0.3059540147926915
0.6932149101114129,0.4532236516329006
0.3300515515013701,0.05219851789067427
0.40267377914059405,0.22369424504657828
0.587358807149407,0.4367927724140312
0.4332299610606289,0.5796056620774602
0.6370747005206976,0.2891578401112207
0.08718615257244952,0.4798234395806345
0.09064111222286277,0.4822359783019157
0.31083895880947865,0.46828734717477644
0.513742849674903,0.5185594099749157
0.43754670430547177,0.48070126561133386
0.542698656849173,0.4607277214804224
0.3403378986765913,0.045050590567470766
0.43665274307061525,0.053208268584656
0.4728286939528724,0.3211090501275612
0.6550898305262133,0.16386135412868597
0.5477618481461215,0.36961703457476536
0.39461101944238763,0.12976255586710422
0.1684742283410074,0.2917357321321849
0.6625030304670043,0.3522702608311981
0.46759751290033985,0.023663524712603207
0.3547227300484873,0.36860008378225456
0.5173505541023119,0.2912745354577046
0.19942346806421052,0.08753156752994909
0.43903628235087694,0.22385205265280517
0.2050125273275061,0.2708416175480109
0.48958429504501605,0.4815340037984122
0.27196383094887877,0.6505135033314438
0.5860335315494055,0.6175241893473554
0.540461655327218,0.3219058951422198
0.6577153848121303,0.04768940735629641
0.5656266502176,0.2665699619034755
0.4722765105615805,0.4696009624626402
0.6609065114078045,0.1846653940093232
0.677711179490416,0.4041461066540494
0.058637800280631064,0.3801397123995277
0.5321768637874502,0.5130911043173144
0.5644636713008973,0.36950215629522887
0.15682739091678166,0.4635184515237955
0.3336439619578128,0.002045280031863172
0.13020859874802931,0.3625136740242038
0.5317619538991489,0.41804400430324384
0.15819794286516187,0.55773841780809
0.09591300058022706,0.6086819322984898
0.4133661321339654,0.4376865064554511
0.5888621026209678,0.34949454668512847
0.22036174402056669,0.4026633715745317
0.5942485143463478,0.20069604775912986
0.5941548713818032,0.06400529727806137
0.34766072992812597,0.4111955406415575
0.3287919421579135,0.09170801489651113
0.6569572945784939,0.41786369437717696
0.62643916464389,0.15451171819695655
0.07996885274734888,0.507259220090638
0.33191791063723963,0.6158803245164824
0.5132360026101906,0.06641118607619617
0.6607441588184991,0.5315716312543557
0.3555513349139765,0.3677894594792612
0.660932940935528,0.1128994709952475
0.6436690872548547,0.2656406759619275
0.4956236012195822,0.5468177387000172
0.2929319632173457,0.1975664614245977
0.3356677142938523,0.1676845693605458
0.36193598227510704,0.4738347941297541
0.5404969766243737,0.0983421884425494
0.6201572272898401,0.3315785863214577
0.5994422874298044,0.6867560105282531
0.4791038276461107,0.21600860386554602
0.460250413718475,0.5758106594182435
0.3959804046141091,0.10005253713744462
0.6655801711315155,0.36715242918308383
0.687537524477989,0.33225628258026746
0.4737368917961553,0.39828106694729637
0.6287223863032444,0.29668393612179833
0.6093970687656257,0.49594328997198023
0.35906780581818787,0.5732677275053244
0.48052898402250566,0.4397364532842073
0.1644738398377114,0.26967666481008123
0.5965440290966032,0.07341271465132611
0.27163557728114446,0.6463715087070085
0.5838530750831221,0.13702967015383066
0.6095912805493633,0.38377537991249167
0.6330663618115253,0.4169012217511731
0.14439108972793824,0.5207342800103562
0.4042901946348779,0.24404407977115827
0.29804699185167016,0.5654574042522186
0.6107419748573251,0.5906805506097493
0.5005120728738683,0.5758150618642415
0.5022719981292001,0.11171206476363363
0.6216783060604355,0.4982761363712431
0.5426720605846835,0.3116749227234825
0.43141394022184937,0.5119612100334343
0.03852585956440949,0.17035401701400463
0.6078445207681087,0.6391204591137605
0.0075068806939384445,0.26694304105834654
0.00997650147301328,0.641161217203808
0.5437424100239328,0.32612403239357146
0.4483955170980613,0.5367610213420707
0.5117146080567264,0.40182820417226567
0.5524848851729308,0.43303271539729177
0.48336252658937345,0.5480234693204941
0.5609933085950857,0.6584672932098905
0.6319390757504896,0.10912196531375157
0.25870708845674484,0.3918534558714186
0.5887473972432928,0.6976207616609409
0.5949318248742411,0.48095615353545984
0.60604926718127,0.5527692234062502
0.5483652533716951,0.44149353128332397
0.5007551448249425,0.27174485647340163
0.42125784051210025,0.6173311300601728
0.5858642723394546,0.3525212103588916
0.6017335713964636,0.4308989077408389
0.13856282856067745,0.37924677988379485
0.6271665692099032,0.4521470951490076
0.5774820999910139,0.3338384181860067
0.6845592964987599,0.585026154505842
0.5864536300342248,0.5315148070796482
0.4705574914320162,0.6321126940454193
0.35494123191991056,0.06954161695240164
0.44888143351791027,0.07584448648699
0.07300881660387051,0.688609750750727
0.6476755460359879,0.6032935638031082
0.625355208109211,0.3517768303815273
0.31169689775310677,0.3602749699712384
0.6483473514454221,0.2882250914170413
0.4925182054734438,0.4049297951016893
0.6263298968713432,0.28674390722117654
0.49953258151103447,0.026152276852168442
0.27397889391913044,0.5104723523299306
0.41818411199023464,0.31762217457036274
0.6524352900529333,0.4931824494220269
0.5394502519082053,0.40208239228827886
0.6714576816197251,0.360753736208658
0.6076500854595649,0.23184408559200032
0.024118247986148283,0.34444076845565885
0.6437401232885743,0.2951025933739119
0.1560444034347665,0.23790854428209635
0.21903022822618856,0.4436797759910436
0.5303073694283736,0.14700269478142314
0.6168539913952091,0.4806639772742384
0.3914057250312957,0.33628127365485716
0.30948537188583447,0.4814426239336709
0.5991300259523582,0.5035076657997735
0.5106652319342961,0.538962727299245
0.3821100719695658,0.19073938130840332
0.04155397526887222,0.10709430496210179
0.19084395106568797,0.41403394773598734
0.3919225027093279,0.6506762850549677
0.04345589429498505,0.3941365529411027
0.4575519184330761,0.6292489978240597
0.5669516572388833,0.6291393043281556
0.5730073969000871,0.6287647169488857
0.4174353587682882,0.2966951075563304
0.40001984301571536,0.6255696252211772
0.5148661314342433,0.229515943627971
0.06367534512167841,0.2260132051368129
0.5913934008860406,0.5828603895534623
0.5000527218735596,0.04679795530598402
0.603572566586789,0.33010474344846547
0.607493394975397,0.10777991672496104
0.36283554874602086,0.3520979777788343
0.08022210919303716,0.12461330890047513
0.6048778785612262,0.40424686690428707
0.5959190752914899,0.56471289402909
0.13004104269410224,0.19297414025671714
0.21205358750601613,0.1495221191330233
0.49750488399685133,0.20357949430320194
0.15923959927362377,0.3696467811524089
0.11329778894172167,0.5286614861805674
0.4552837049884201,0.6331604624839023
0.6111397791176401,0.6664133475873921
0.4496570976061701,0.6330915046679442
0.6624094683094995,0.0614046265408643
0.6106047298178459,0.1294552455710959
0.4886654354588269,0.10316859970856995
0.2902696826394265,0.373140377151861
0.5910072069656349,0.6047826139545683
0.6013369948844759,0.6157927956097259
0.4297983429386567,0.10552659715095332
0.5809256053808799,0.6630135280692113
0.6450355361251789,0.4437269545357341
0.6838581496192673,0.22559162907498173
0.6656652268139346,0.10434180403983268
0.643789847540325,0.33915517615404545
0.5997646764303438,0.2884275123798166
0.6976865021582231,0.46298956723772133
0.6439895443953881,0.4041440325338077
0.22091545046143854,0.434162063302294
0.504475562427124,0.5248721387033914
0.6591933623707864,0.23905517569061172
0.24048574876982298,0.47674146336932977
0.47059361871988914,0.6221829983907322
0.3204895121719551,0.0806974617141974
0.567411797312455,0.37553127909284534
0.6093680376946697,0.6282407865973005
0.49720210321404695,0.5166642861829578
0.6059799657664895,0.09479546749469825
0.036755246743963466,0.4153557474206554
0.5625479721780882,0.25477490435237665
0.4268219653417057,0.08272235570834618
0.6223437393922426,0.4209224480449803
0.4620624251767808,0.4683135304875261
0.4869012719963241,0.1571965958698383
0.23333216564916445,0.10560272631177556
0.6293032815658332,0.6008073345910957
0.42588229895782936,0.4066570020698731
0.3775298441936433,0.11878282234871546
0.06666391570949139,0.36028369793044546
0.23934318793395723,0.5122892658470577
0.1108209410793096,0.2610662634129378
0.08486543319508794,0.6045975322798152
0.490091996965157,0.36756327432767627
0.5276557038587759,0.5891154528487171
0.06071688121874548,0.2435246268677559
0.44049096890242806,0.22365196382187547
0.6588858444475764,0.5305651209148338
0.02348912027931009,0.004755680955157653
0.41076906253502365,0.2515287106249503
0.6487452466430378,0.5476422177226
0.4201341719075277,0.15973901743125374
0.3548387580561094,0.6404881026129735
0.416851652761883,0.11848637511499469
0.6955133048577774,0.6187847179146283
0.5046727503019782,0.48466876516713936
0.44276533549001457,0.24235216135395724
0.26148335381092647,0.5237868187209823
0.6464209283396529,0.5171008118048953
0.5643162051007853,0.12224630481926513
0.5790817770495914,0.32318479072014866
0.4978446672065241,0.48796186901395017
0.5060260425960285,0.18281752994209693
0.5763574368208916,0.5936122999716302
0.6395962166422995,0.0033169252980853603
0.5263721340402275,0.4019740179341035
0.4558877923671033,0.38620520616458576
0.48715000351529525,0.36071545328592336
0.6239027164239842,0.05901052566579054
0.5565185229556523,0.5299239413994572
0.21848124294210647,0.267138318258293
0.4537705724530189,0.4834700494633154
0.5847677522735819,0.22886641671079155
0.4367958933259914,0.474979581169723
0.3830676453552608,0.03305611355557857
0.6037283820503473,0.4659122896989777
0.5968891347805927,0.1042400135615655
0.47175562468356314,0.2553381574855946
0.5697280301294152,0.5018752247469473
0.5264714908555057,0.4039060735856889
0.0995935101891315,0.2681897601376285
0.41422856680149966,0.052050828577268685
0.20700163292945706,0.6191262534122681
0.41755938394849323,0.44196230078698506
0.579248775105907,0.01656599588870815
0.3870238602705786,0.4137425113556518
0.6242177287870845,0.09598682436247284
0.4103485062431344,0.23597175806130494
0.1353507531817838,0.14957662646522096
0.45769317504198637,0.5228849602377602
0.09796777582631114,0.2948105372633123
0.47128506669402126,0.2250126743165205
0.454315664287678,0.5023034883984698
0.3859585282056357,0.3625523503844298
0.13955990177696048,0.024961359389060644
0.5499840820475178,0.5939687890820043
0.521644092161166,0.5533371957675772
0.3906712082984609,0.21005285039581784
0.6842300759904851,0.31741624787064715
0.6162839417989985,0.39673277409129615
0.4750574455882123,0.4973394658646397
0.31821618394536566,0.056442167017940345
0.23750155032701833,0.4905969476607316
0.3201319370375834,0.565788069734028
0.6088665117955101,0.18964085191256755
0.5245164756993597,0.6755720188338254
0.6161986872185025,0.31197607015043827
0.22365734639169893,0.20288279971227238
0.5513022343258597,0.5643229978653607
0.6328131791194744,0.11881320989327918
0.610468088909193,0.43609673721527925
0.482256384336962,0.670661712727476
0.452376704910499,0.3437842256033378
0.12584035843354754,0.06679874203110756
0.589781861025833,0.3000092144434228
0.3546074227428089,0.0689511331446375
0.3489768487293189,0.5956373143113236
0.5376776182053999,0.4510207799658022
0.6732054390385107,0.5764987357719223
0.16233523944768952,0.26820475670392346
0.3547734658779128,0.26550658566048857
0.09491966331204267,0.5947692842006859
0.41937183816049345,0.4063176734661403
0.5587672417849988,0.2607062899263887
0.6902205769116906,0.5321681998328833
0.5628417758052121,0.5240862026499107
0.5468727689316648,0.04489648517998001
0.5947335960021547,0.4890294107999771
0.408134397382076,0.297392069234714
0.5374965758953636,0.698484607784545
0.4509844627323686,0.3475935360559847
0.47551491310303884,0.34589156506112384
0.5003132401384123,0.1839364606295793
0.24853737058695893,0.1421271052198026
0.4320679296669757,0.33971026059630466
0.6638730759639632,0.19094145347578625
0.6646241481534638,0.2825529557642205
0.19995926278675388,0.48003069922646624
0.5533066664964106,0.40053742746946386
0.5446461533075639,0.6425506542046366
0.43348645691510035,0.5822145580831056
0.666587112182991,0.3579881521880092
0.03876570634863351,0.3424229257914393
0.2858886188665422,0.23784209355585256
0.48085634336679933,0.4516244561966889
0.5309896737451419,0.48726253551627186
0.5618787798249204,0.5275789538803705
0.10965334938060298,0.37525314044643754
0.6160914347731455,0.44931917803987687
0.6324621542277735,0.5200185010107268
0.4416889746087357,0.5526703170870999
0.6507930735343389,0.4337433611424902
0.5069991907492339,0.2715497907154527
0.613695711755269,0.5446406895633786
0.5081722810133191,0.35267574315912653
0.2949473155241783,0.6176500766527832
0.5593416487926711,0.4425257393548925
0.4132675210332549,0.1253784836964794
0.5861781854472974,0.47643349852133254
0.6427664417221366,0.3237944291658381
0.1880744128617125,0.6966475913144603
0.0583052551189285,0.3230879032342564
0.621708233073332,0.1725471121960574
0.4900500680150237,0.5430991940461593
0.3990258568322462,0.3274088256603694
0.2622945873426925,0.09329963629707884
0.30764553049036336,0.019768609392751248
0.3906197087660322,0.5041157097809285
0.6515058580481066,0.3703899049506792
0.5588067633948224,0.5098844716319049
0.6633822304136672,0.43529938043859123
0.597251203922201,0.46058848859345625
0.4423851122694826,0.37431234585371015
0.3788920795342894,0.2950841959048488
0.5051424048312142,0.44182318472707843
0.6904300619199816,0.6865074703091602
0.2695892984648047,0.6062021581928291
0.3577713532726536,0.5399408978502402
0.3979882170029515,0.2345528019562077
0.6850231213397993,0.1908005939830819
0.4223137195136488,0.5387189314082009
0.4222777206538027,0.6376527404352049
0.6250120594223479,0.55196468469715
0.4084412502791527,0.32280360596696867
0.6816942791151603,0.39161674972926697
0.5454149800681292,0.497688482109666
0.6183544163017538,0.14785243055647387
0.5879749675245912,0.554806801409175
0.662999826751377,0.5747461522293706
0.6330602000651376,0.07922487656591287
0.22314680136397783,0.026275087137443785
0.6153554335173742,0.33745170583556233
0.4670962121832217,0.43755235385036195
0.46738791373263877,0.5853723842114468
0.39675765515035144,0.06752774529840255
0.6836998353612693,0.42053743934658594
0.6186130054614537,0.07105013501962842
0.6778841841937976,0.310382186603331
0.48114176865896785,0.29337472161680483
0.303592038826281,0.6233110224377879
0.5512380572845348,0.4407608322355383
0.4133717547201009,0.4774727153865794
0.4663123781445536,0.31138805940114345
0.394639660276636,0.41072353095424563
0.48823623087199614,0.41916237969903114
0.2600943554416103,0.2949098950096826
0.519034559132082,0.4734533880202554
0.6859592526505441,0.6605612618717152
0.42384759526540594,0.5762031494412203
0.5771738684223775,0.07223951441297803
0.6541273589103944,0.13706018282766774
0.006288130657357392,0.3434758953916409
0.4841228037564205,0.5795229107394184
0.49464368614915016,0.056080078289478065
0.6835583068053187,0.648829439215239
0.409197205002058,0.024841169083034915
0.4953164710839494,0.5936747553940089
0.6747043325654145,0.29257602480261424
0.43993508957736427,0.4704752132039731
0.5219533741174035,0.5254782978284758
0.5876405932388054,0.4648048533671806
0.4829023142851411,0.14527356520175289
0.4384831718190571,0.5963337554506136
0.675491562451498,0.5588554806055943
0.46418295251598485,0.39170226577510464
0.5242334533577518,0.46357751938256564
0.6427196732307457,0.25166616811463893
0.5972064309804502,0.2955026456849314
0.525832467042421,0.35342233704427484
0.543976937918313,0.2263493008030017
0.5223286903642567,0.5271622267884271
0.3080703686271978,0.5061168701266731
0.5940408456418825,0.4533848134763037
0.29893398431130097,0.6782882006560207
0.6736988366466337,0.47255036176934484
0.5894917827046611,0.45261679661887816
0.6099967860533243,0.6567018838785079
0.3683806725207447,0.06711360455946735
0.4916558417793063,0.3687938185445168
0.26844266565825137,0.3298141967419873
0.5968018042445128,0.4589711748008617
0.5123371275506345,0.5686876752298103
0.486110140050723,0.5343047539255577
0.6485113437918754,0.48113689754801925
0.016911675889133074,0.0025262237333025413
0.6551449731953043,0.15674069466413096
0.3639613690827782,0.3341492162881234
0.6022770482396026,0.24263496304655932
0.30442068829935603,0.6690341332312657
0.4252419236874118,0.46036678577657136
0.5798577746584382,0.3852990496669676
0.43079634238474246,0.4725874854567259
0.003825252506025806,0.27243432778620147
0.08185392955723098,0.6362487314429465
0.3451225487380144,0.3948183550407543
0.6346238918946081,0.11887447121949948
0.423174289598686,0.08447232276265225
0.49292245763334885,0.6027868651529413
0.5943277936882096,0.5009563950719603
0.19888514743588032,0.34029857468229163
0.2655389271668713,0.35050951249314105
0.5213001693200175,0.48177713376219583
0.5449521255352896,0.00020350546534873837
0.03871811765870791,0.1309131744639106
0.5278331623410466,0.3538549618178117
0.6709589134873784,0.29529752082562355
0.5694921993316947,0.4015168667607591
0.41353748902883725,0.5141122991694765
0.5795912133702713,0.15766819585747033
0.6327506220143616,0.46472769006141684
0.6794091569748959,0.3906056376332193
0.3800345547563281,0.41500051730930165
0.5216408895599933,0.3007864482662315
0.41006006116022237,0.6285206045060422
0.5216431837152664,0.3402488897999244
0.64897590577764,0.5710984348255738
0.45957680666934336,0.02480269092952856
0.38548272523676747,0.5330154019932589
0.5126943310548802,0.4908229374650827
0.48846244750815704,0.0689491258484692
0.30975183456603067,0.08144851717056481
0.3261922227240481,0.657036514144871
0.128616782041234,0.6563850125995545
0.5872393500071473,0.386924302832325
0.5355115010839707,0.5578051816077791
0.41263935011581754,0.6132378618191393
0.4772890656224473,0.2551165454949632
0.5394056536567714,0.5372866920084931
0.5022476126692015,0.26659596271437475
0.12281040730453668,0.5405745209213234
0.6008934314552756,0.290305762121961
0.5256403776286693,0.3714540538170904
0.5474378266339517,0.12034909366724286
0.4023414719610696,0.17144244856405125
0.3947651821353173,0.31961106025160924
0.5519427783012676,0.1896074674212997
0.5839308714271039,0.38847197668300193
0.5181514744794611,0.27647152159827243
0.43130301879452493,0.2056826339406981
0.25454714084067664,0.5117619905226433
0.6032334545353139,0.43666020019222684
0.6535580875173644,0.4466218888735183
0.5282240223159875,0.3498988113809781
0.6245508171693187,0.4116603249076922
0.4698264725198619,0.5856782516154908
0.47760413071373903,0.6783118314281797
0.6244353910756277,0.4081343888704319
0.61242856102062,0.5902081500818231
0.5517145958749534,0.45321793612618816
0.014323952301409846,0.19316698988671596
0.6188582437291554,0.20710440639365224
0.5916063024059262,0.6603168184392054
0.6445180790448118,0.05175022962722903
0.493792350859666,0.3690429339920268
0.6918567283499187,0.6538584553123936
0.5411824101439143,0.10077524331196944
0.4758401066358561,0.4010109241906556
0.42959385619424356,0.5811562877114689
0.6111365914997756,0.3750952292014278
0.503383976252095,0.2580888787677371
0.506178401608829,0.27969341845559564
0.5510161648253653,0.09954026892841929
0.14891005240793798,0.5472094269325982
0.6623722047281996,0.225050230080353
0.6846929233930357,0.3404885361195552
0.5003890832913751,0.2824899157525142
0.20249088550819055,0.5270701629974737
0.18473547586764244,0.23907814783308085
0.42099830510032127,0.20922110000555028
0.2940632863301283,0.3712108588765998
0.46184564701763914,0.5109928765597902
0.4506962703580316,0.058736959949559374
0.04098434294678889,0.14956808663139726
0.45526200878428613,0.6312738246991945
0.1107771912760781,0.031836219087209176
0.6703424361606708,0.30258761619190916
0.40791795431084704,0.4589012092633004
0.6047200076845156,0.22814507948953933
0.5802779086431642,0.3443652430576302
0.4222508311402656,0.13875440568670971
0.4579150302539654,0.47845717965396795
0.4637461249084273,0.10336079930399106
0.5423411364356602,0.4027565039268084
0.5682636812399401,0.36713023117971555
0.44349272362086034,0.5476550932467967
0.20306115083097165,0.2903604059937391
0.662742217844295,0.5757318939675776
0.5603094588591848,0.38402699695299153
0.45963882061302325,0.5801547465536766
0.5610728055321158,0.28144187508013085
0.3846114790884092,0.2329680810242531
0.5248540595644886,0.3851568320912162
0.5852113083171567,0.28094609909002854
0.5692255943741265,0.40220054378797343
0.5055771662200917,0.49395244683354256
0.5680269309682043,0.3773804767614319
0.6605942147548215,0.5504034449332208
0.5232440733973176,0.21590499684007977
0.013548382999914767,0.15933611075132253
0.07326842025240833,0.4292552339315673
0.048205382451438746,0.4098764254761458
0.5694354521076629,0.32059202455565633
0.4575124841310473,0.37754259362061765
0.36321974323598044,0.6029381268469108
0.625942608882254,0.31436869157951064
0.6364014630622556,0.524567916534273
0.619451781111,0.06827409458209432
0.20794746149068635,0.3207870955399944
0.6428635662029503,0.3598296253447852
0.023696022883248916,0.3116632533917583
0.46976522076114396,0.19650735941108222
0.26648675095704305,0.05947563611588848
0.6325668123134024,0.6126850387869911
0.5107708177461037,0.532026874372093
0.6677382097460505,0.440389433964834
0.6339368868055331,0.5295859412412446
0.4554791958357912,0.46814056713749364
0.6153390617271728,0.23646224637832858
0.6215427377053542,0.5575596333073359
0.590403235199348,0.18836324726057296
0.19415509063655534,0.6010856988238801
0.6559530081589249,0.3557455012656851
0.562405898176393,0.3776970512957806
0.49691860124439563,0.304168938529668
0.4485786272875121,0.25062617244622437
0.6073902199215603,0.4145641260466073
0.44765188263928596,0.5741730096884071
0.5711559421072334,0.1900005442292052
0.43558109780610865,0.42930143646599755
0.4551388342461378,0.6523641093678401
0.13126584533871166,0.27718051692479695
0.29454414547516694,0.5622253109733583
0.6265273886592594,0.2198744999608767
0.3830301445787675,0.5043768205477449
0.6768275589031053,0.05345504377100048
0.09816459067160918,0.46586256187405295
0.5832015025478895,0.5872194102767523
0.163288787235917,0.26404235588253877
0.5076367085789713,0.2319011531225213
0.1418473803355878,0.4621631343208761
0.641598530535956,0.4586403592681794
0.24590025650921132,0.5360265072638896
0.20241534646239837,0.35964521974291436
0.37687132908198906,0.2046534021999321
0.6768463066190138,0.3819537578890832
0.47632457550730467,0.4200035994351353
0.32992292401197726,0.6631310341939759
0.4373620475804229,0.4434757889720945
0.3160768106621902,0.4512318028194743
0.6938500035346898,0.2647025816845689
0.5998269868281048,0.33044611535980145
0.6371265826148104,0.29179504937969036
0.4774926259893286,0.6586253578330472
0.49909052325115716,0.050225416442723755
0.4513998198479633,0.5346102560892543
0.6221859948288454,0.47914532876162624
0.08371552218423405,0.45037083849673626
0.6687006213343419,0.470614681814256
0.048315819278548236,0.5244865813651503
0.5735509234160848,0.4503870651517855
0.47841518234553043,0.22171926183701463
0.5685713269611886,0.22518285214421152
0.35432985745433054,0.02184126057335642
0.1990351821779558,0.576015457916262
0.11311337915447386,0.24151511500429998
0.5494794825621965,0.08426756602639944
0.6098438333086538,0.5599249610993131
0.5372793426191544,0.631297607925148
0.27634641513410274,0.39536390018245404
0.47350453391889186,0.09579036000487429
0.468897161538596,0.5581333621649259
0.5402702437066608,0.39074319619154785
0.15920089420849837,0.5604575538147161
0.01686607145768021,0.37422395982687195
0.6036174913861658,0.4741754678462361
0.361640739653345,0.3963736318464605
0.49105936372668446,0.35423739430589946
0.6530688743192017,0.47034930089124743
0.5476392429412135,0.47194559786179396
0.1925662929441429,0.4092349616202451
0.2864869108678177,0.34637242462423184
0.6699362712269142,0.4598965042203127
0.6682027165458737,0.3421619148813969
0.5184336533453318,0.4079371656943193
0.4575606221560449,0.44431324619083135
0.1437050483586362,0.5032044619423279
0.5102350258995068,0.5298903356035822
0.6190927147499592,0.013832104077402124
0.6730250657764979,0.315382947330735
0.07204871944189328,0.2967382481522818
0.24835688743080442,0.5842835165193019
0.5003956800365824,0.269971122732668
0.327770785151361,0.5467201669862511
0.21250470112350925,0.5481098177167378
0.44987018282672564,0.4851739143240971
0.2798793376275027,0.5643012454137359
0.46702596875849534,0.5138585859485743
0.4746689571247501,0.055441401467657664
0.640457788677838,0.28322602797959534
0.5513721753351029,0.3197478583284452
0.533972399512666,0.020156845005317635
0.34739653896301353,0.5698552619002872
0.5833319260272103,0.5328469988352948
0.08370392564930948,0.20482144657608753
0.5066658177599302,0.3386344563574959
0.309984373449368,0.26989503108208734
0.5986955836220818,0.45546520215923547
0.20608460144563892,0.0730042300521182
0.5870774518385702,0.5877023498149867
0.5335032270425077,0.35169883948799363
0.5416343810525215,0.3523092761761793
0.21211719138521065,0.1251990047410772
0.5338779444021589,0.32755329674214484
0.31975733262488715,0.33487014997856074
0.5439841028944087,0.5652680552778836
0.524124494394504,0.4358044213350387
0.5741378388118905,0.4856866807289551
0.47132177507800765,0.6502522591664643
0.4974644314400571,0.561979993413395
0.39630619479304674,0.1592623630326374
0.6396608623556954,0.4454485255964033
0.6745444679982419,0.1171864108992095
0.1267391305413253,0.18829136766762133
0.06318916036482836,0.6063187184814839
0.5453830304532512,0.3288717794468068
0.44823804196186506,0.027311696187463364
0.40884922087351944,0.37127351438233464
0.3554296857758038,0.6594642879823144
0.5762866037832857,0.6460489229959351
0.3534915756945398,0.5412246507626071
0.11243492257747435,0.5811811984592434
0.5727264738024536,0.5364873337872339
0.6006318062688314,0.45349961091066876
0.23841550564952432,0.07588303877730304
0.6355649758359985,0.28523248270147444
0.08211316233782052,0.48770340801335066
0.014581333672610006,0.4588814834280376
0.48932468487332925,0.4136945480179929
0.6925179433827755,0.6704577976814949
0.6129841375738034,0.07948665480475774
0.15636293994604222,0.15090473623306364
0.5098025823117757,0.3049708894492864
0.5177453089771502,0.025909820506351905
0.3080604444043601,0.263966267753399
0.5712168650348303,0.12950445782962766
0.5411728362855349,0.5068084932661691
0.4244131110469643,0.5166275622026072
0.650053573992447,0.4890858338411662
0.5577108907523767,0.4514591806192411
0.685299371009685,0.3788678018312284
0.5735177112854408,0.4435149192389113
0.4755620542962263,0.3522497420348316
0.694068463210034,0.07880041913529519
0.438356991162704,0.14873150440953398
0.42046368591075045,0.20046011050179097
0.45053480956394665,0.01687052951621294
0.586215499165763,0.06243612002764789
0.32821439487222526,0.28662848249993184
0.5476843212182189,0.4557375006575961
0.6800852569384737,0.4568547883594235
0.45131211008994027,0.3985388373846743
0.4988570465046898,0.16438755889693152
0.4215170527779372,0.24201687817763737
0.38265499989806295,0.0839487885468477
0.5594052681129471,0.26915901493600497
0.5155381571845516,0.0023982165267917854
0.17104498529451523,0.656250767504213
0.1319748304952842,0.6003440789175055
0.0023639295865254886,0.20880525772219036
0.5190612262013117,0.22241373718951815
0.6729186923511419,0.26611891693668893
0.6216359229667517,0.5229378776674696
0.690689070455093,0.560143990704679
0.5093585789648643,0.2710714247823107
0.5432755266743641,0.5227795228416794
0.4922185220704527,0.14305592088647912
0.6232854164512653,0.37427449486286524
0.04247305069244506,0.5726775805638181
0.695361340312267,0.4479252072329622
0.4908863352653507,0.28900312414614976
0.33853347505133385,0.2752052717945585
0.3075094051394959,0.44740206149373873
0.48247280350060906,0.4294047228420862
0.5672936478376649,0.12093831608429795
0.5972690708844156,0.2602841544266959
0.28273722003798085,0.5501875718521152
0.648613826793771,0.6338677170712199
0.3211626195543841,0.3739959086146609
0.5459419997731061,0.3634845015924897
0.5499174441291459,0.1243581851071563
0.4058614291416414,0.027733670258659034
0.3846296214320869,0.4499873868645875
0.6495494233377821,0.2114220062820061
0.3447185360552169,0.5391384049359058
0.6503670547402843,0.45840181631679133
0.6759958947927424,0.34636565540059017
0.47718189924238197,0.5992825977865546
0.017633332991653837,0.30061184297887805
0.51037433827705,0.0835650047371071
0.5615511080735907,0.12553838234112033
0.6628250247666985,0.45514270894606623
0.157037203943386,0.38496397129739635
0.10612178212744003,0.5737023424550474
0.17501534316103917,0.5577872932157629
0.4020505084999044,0.016862036496354205
0.47265701146247685,0.41450995823652564
0.513518519247345,0.3301130683402703
0.6148797016355254,0.4459243502699056
0.45472098797831595,0.47555270056540144
0.6385361811167659,0.17831167399959197
0.4472947643132771,0.3126292904282328
0.6590133999504928,0.4362355304959823
0.42584679259189123,0.5004686647263532
0.387338213196078,0.4204464376434066
0.6579479655876691,0.015211195696302374
0.6799165154961927,0.2110893269591841
0.4330126574209834,0.3215852678088309
0.2778683939868719,0.03455505051107567
0.6114557713231507,0.0794368931078582
0.10390555209434896,0.032028680263384186
0.6063615773036137,0.47625452133706914
0.604720375948396,0.3670432383672791
0.5520788461461721,0.3365033153194511
0.6420269370066745,0.5318054193908979
0.0428491435552943,0.23796176463838611
0.5379412461191747,0.3394573931193388
0.2432700718904831,0.2841305074247481
0.3536006531512663,0.5022392493403048
0.07653889288316613,0.39599413916211323
0.6029596909332573,0.512966997944972
0.5163213068172466,0.2577832250579311
0.47516534350323314,0.3023369055935624
0.514948887139412,0.31767575589500996
0.4100249201707521,0.5991518946361744
0.6588466514318125,0.5571944068323854
0.06408562237851079,0.19776856694342204
0.24508643435658556,0.3576643459472383
0.6517355121487872,0.48933035361951255
0.4060103075682838,0.5029246999204904
0.33119919205184944,0.15096979225366827
0.22547054607546763,0.6499183152706126
0.6135423008194073,0.45965412357532986
0.5178083558258415,0.6209920278280832
0.6651224400544344,0.684779966676496
0.6324409779032433,0.2747524893159977
0.3369371603924264,0.5860613423709602
0.5281470035126992,0.39709603335215393
0.6637900786532532,0.5246964311525029
0.6335909091150908,0.4768787270489065
0.4909427535487692,0.33166221522866646
0.5579121219608711,0.32420009813611306
0.3083641680124043,0.33798863424378295
0.6768405519188331,0.2765079488698076
0.5401249989902838,0.39302954034427695
0.5571434195158332,0.4318006915686387
0.487239610290921,0.3440983016767757
0.13273790159416576,0.29346684571652104
0.39577115603761304,0.13619664583553304
0.2438495060741777,0.2608536981317524
0.6385671528341295,0.5387684224797578
0.3837766413559203,0.09847288823945093
0.5800217991394923,0.10866372244420645
0.16335935071086294,0.20885208484826587
0.11413039659977652,0.530651069466718
0.6330444675478992,0.0531743906191451
0.4602877238521603,0.5250689669871144
0.49910732876827973,0.1934662422709132
0.6295964686550948,0.5399922190959282
0.4620820525533926,0.4001290578745815
0.3888619691281445,0.0824351135621843
0.48587124320608704,0.3888203890309362
0.23359272060586353,0.4729244738476148
0.5845329789059444,0.6090220872239092
0.6846230217661637,0.24515219876723798
0.14768517432229458,0.5452363282941595
0.6610016457992947,0.23207312427510446
0.43018699511678854,0.09249770613015139
0.5980959895243997,0.17256373289340257
0.5708069672580427,0.3730339229513774
0.5939122314132995,0.5435611521309848
0.207896902588347,0.26272433661901906
0.6997607979516902,0.3608436916418942
0.677603838083044,0.5466427694844415
0.5313378213325395,0.5596157695513424
0.10903095462810787,0.24392372030091125
0.6927593396244264,0.5654802725548903
0.40585673369023856,0.45148934286642833
0.6253994410548982,0.3961008039950299
0.6169128913188879,0.30870506744584847
0.6120984921321725,0.2337410132908455
0.6012175702905181,0.267807076275729
0.6879097559299667,0.33299392040702375
0.6227029200733661,0.656697032665377
0.5070123818796607,0.4542079119593017
0.6702890244856602,0.3196229933388622
0.5190589041725876,0.33770772478853384
0.36630683276088044,0.2657738069447683
0.48375210424593373,0.4837061985181307
0.5343200413263852,0.5547553571310186
0.6980212374946977,0.4870626515586668
0.6861989774588773,0.5711093070570485
0.6716662938353369,0.41023118074477144
0.5403829689882332,0.3838842698512524
0.2179591448385464,0.047653515179306105
0.4691730636944558,0.44907696030245514
0.3636415681351282,0.02714933145312551
0.6603943342180465,0.3162832346515322
0.6374595385234079,0.31307890706531843
0.6658630251713087,0.46183391293258597
0.693956734283241,0.4597896671032855
0.6428200547074089,0.42206526143447765
0.15948371591984323,0.4635522481909346
0.45121555896857357,0.5551994238103103
0.6081642903664436,0.2435537207861316
0.11295294114210427,0.060473509702292566
0.6516271077778989,0.5638269280720692
0.40618309239364336,0.5174991873416934
0.5762143593583443,0.35832844753935156
0.6462914749016287,0.44229182204758943
0.48431907444555017,0.3720034693808535
0.5707135673570755,0.6682624519633806
0.39407262503992524,0.6682144948075067
0.4186988086001788,0.3566145102170188
0.5619623418921877,0.337413846701259
0.4192699680541895,0.22330076796922005
0.6157990438257058,0.6591732639521464
0.6024085997313322,0.4621707448856026
0.16636187533648597,0.35680981224620517
0.1029659562317856,0.607384814690778
0.2086239029484948,0.39873350060942747
0.6173822137788685,0.17813855003035794
0.48904947890339545,0.44223715474966324
0.5322971577882,0.3662613524398126
0.5877964141737525,0.41108694417852454
0.12097767381246662,0.6165486633912461
0.4034270301929691,0.4112895188074379
0.428086807585673,0.41638772135835483
0.46465686315843246,0.2773518593309943
0.043441921203484696,0.18849427761286386
0.6170599166317058,0.36457305508517734
0.4415080735920873,0.3916832631390464
0.5432676784340709,0.037035624393105676
0.6817350421229138,0.6443449949603476
0.3146267852194159,0.26352134483488243
0.12810806469999225,0.09012458491501696
0.5112490380248886,0.16610673706486084
0.5440935965332738,0.49996923398667736
0.4270724581507013,0.22998394554858584
0.3824647114205407,0.416223431393772
0.5262871460735694,0.28420482572755373
0.3484752518254532,0.24463554561527004
0.48967411700437796,0.5462047662515233
0.2147823132620018,0.6071415729838078
0.1622141706575709,0.22994240254133705
0.5674739152586477,0.010449697869219357
0.650074780678119,0.18000170054342218
0.2821478098728825,0.38420197492941993
0.1376827001550055,0.10862176702280416
0.5220481895383307,0.5276583200408599
0.19176133450202681,0.27802051270007055
0.48817752559004757,0.3057593570202689
0.5072640328631172,0.35483011144101073
0.44166683741699253,0.30745258056041147
0.05862242366608813,0.31876097596607045
0.2786645603338415,0.3306229137901426
0.3054678598813695,0.524541629189766
0.06880501627239353,0.32880932038665317
0.3976085684608257,0.29290115142423434
0.6084138244271876,0.1474265162065636
0.42797163062517224,0.028513566134631498
0.4353946932767555,0.028216055099416267
0.5492847827653661,0.433761013683347
0.6675699574697942,0.4313366271654241
0.34479010064853294,0.03014145373103245
0.544426743865302,0.11525869431880068
0.26237910379176443,0.28701693436706566
0.4797536617091692,0.5373218984117881
0.5764226965230932,0.3303821983349419
0.5883005946019082,0.3123103103511467
0.5287943141103506,0.2020280210399905
0.6534907382082493,0.05713371930767357
0.4781247140411905,0.28459790730997375
0.5705169076884495,0.4628447772032599
0.5722580330430831,0.388617345188045
0.645583509402934,0.6243712346743983
0.4129397964187197,0.03581819677622859
0.6451678726388278,0.35533758886077776
0.4197507528622651,0.4709526302404978
0.6983478596385154,0.16519002409182498
0.23389567652775398,0.3734043382395946
0.45433658586325476,0.3930333882268493
0.6304879294721333,0.31328102463922075
0.040000126276615006,0.38969009414385536
0.5586579807062201,0.05612003677952247
0.514051400975059,0.09480974508572124
0.49132745602295536,0.3254489188864424
0.621871870308525,0.2560006323115642
0.46944043664432716,0.2850385612484117
0.13532249300254376,0.6239735439475723
0.4638886433948598,0.4307149748285769
0.3567417546205124,0.04617155913001375
0.5843048921555912,0.32880082185514303
0.3232280142231477,0.054758665305351464
0.17910489006390734,0.20827216133783083
0.5091259316712493,0.28477777094433754
0.49189930247796193,0.002548789643797119
0.5993063963751473,0.11030764352949765
0.0005638842946389666,0.49681532432131015
0.41844793085124377,0.00817556682579998
0.49881276798484137,0.07400097808322836
0.6203974618069287,0.4703476331595944
0.4969103115037822,0.3452184116366365
0.5125286423572479,0.29067737802470167
0.1586130387950489,0.5110695224586804
0.0788873437676813,0.2404617758797193
0.5357491844114353,0.4583456581450146
0.5558051359913401,0.42768744657171465
0.47755963477140945,0.3181669658970057
0.6918198922583413,0.3008901845307447
0.47407205957538545,0.002037232702738867
0.4287993612130811,0.5974625688371671
0.3950553166730868,0.531553095744571
0.18658421991484295,0.6395986624827399
0.2857660086109981,0.518389989859465
0.4952823073027103,0.48016028741648953
0.43084905700982856,0.38678718965229525
0.3743875474502165,0.37526906652039277
0.5203305607771207,0.5657079297396019
0.47295010074697424,0.03682534408810468
0.5238556882710701,0.3799985622075578
0.6143088396765941,0.043758505769593475
0.34586560498333435,0.12145135136372497
0.6119751373335144,0.5399832427383724
0.6882112998980792,0.6605138395246284
0.6222029651073807,0.37527955732035434
0.4849209286970476,0.44574349071227454
0.22364194225204947,0.532163535811511
0.19802471157133975,0.42234579383583426
0.6231678449485858,0.27190114477757155
0.5062724122757734,0.6200446902301163
0.21457141239944424,0.6473500822591043
0.41053709538447153,0.1999146321231347
0.37322795320448343,0.4652957095044095
0.47228180616637716,0.03372605960271732
0.14494892675172055,0.23037179113346595
0.5474315044961069,0.010393032387515867
0.560005533889576,0.6876302409197463
0.18034246214459337,0.22827125717373442
0.4544290078771563,0.1746457900683522
0.4011852706559245,0.442653757177307
0.6269156057248803,0.6349276479028275
0.055516276426927635,0.5751535044344881
0.5504300803240312,0.633202211922639
0.3100080433794465,0.10712966687174709
0.5580114771525355,0.4728484524983576
0.07900733962417042,0.2541376288141946
0.09301875408981473,0.17850450438507068
0.490456405992886,0.48922953031397026
0.6645587255911785,0.48168474301561026
0.6745445412626471,0.07184448590226124
0.2903948863860159,0.6278404818829948
0.5424917016321682,0.673803693196711
0.6295606420958263,0.5243727604001027
0.3999212326798378,0.08260678131189951
0.4684136218712251,0.07690785080783649
0.4449002444202571,0.39456270038857155
0.6967596807164997,0.5467595881486317
0.12254316757791982,0.23692665015457665
0.49298283143830623,0.31649234848559155
0.6783392493282948,0.40402751572784534
0.6313918727751797,0.5974001229887371
0.25492429655234067,0.567962116121861
0.25410645671934146,0.5689957066637642
0.41824182887287376,0.5813649985973597
0.47990500060415175,0.6773720809438214
0.600988935546386,0.4349281259198029
0.588692364921238,0.6215948485293897
0.10387164048490449,0.5836553368725493
0.5668244703529808,0.2682385539654924
0.5581880905319314,0.47270860447655016
0.32896806734381245,0.4133611004217312
0.5528042332317777,0.5096360222224005
0.5522485474241029,0.6776243046525344
0.4981348897598637,0.2402811308953419
0.4577180530195617,0.4901595262537601
0.6804036206164996,0.4863918473630388
0.6305690690423625,0.3186898391695179
0.6459442037563501,0.4609728028559505
0.6834887094065494,0.6146647653493222
0.30887691279613677,0.3340143878119247
0.549566238755659,0.45193785852069335
0.5470437733166944,0.311814194214676
0.6308677822137837,0.6445346417189487
0.48231067193632016,0.3668920609642513
0.46522938244514467,0.06799602250092912
0.4539127798139942,0.41853310451479914
0.46393696560351183,0.28288394553301893
0.5470030246733791,0.4030724067787502
0.4423774767525444,0.09153516088920918
0.683056231730935,0.18988900261394037
0.577728762646782,0.6098630100873677
0.4035371652367284,0.363586763572917
0.1884033819281969,0.5117661468593094
0.279529822447319,0.524302066063201
0.40690066377453316,0.3803771449819297
0.60418677431333,0.5594321790417954
0.021043523691160877,0.26943257206564536
0.6149077804442716,0.44033095836924585
0.14937801318968597,0.6312554901768688
0.6775894370504091,0.4661926852187179
0.6931380353108981,0.10056258069622954
0.43205049383159777,0.5197068219514316
0.30881915631091805,0.0909483536337328
0.5831742786065054,0.21319526217582388
0.4562358427125393,0.23329272887368388
0.46629613866188435,0.2527981092716276
0.19110443280601763,0.34306731045961764
0.692798571735317,0.5923700465421322
0.4931012487202805,0.526766056666906
0.6360236239578233,0.4327046520684713
0.019601243680683694,0.3270710758152408
0.5286571969398718,0.19514968244746442
0.5452074154014037,0.255272099400122
0.37371105347039957,0.04217061961885095
0.4406030740801453,0.03478437441884735
0.6817143177459523,0.03295644992977963
0.5790129576842267,0.31602496385607465
0.48053828927374875,0.3542490620181862
0.5866167858658085,0.2232484364028222
0.4639827427311819,0.19673455468666387
0.6202302021982687,0.623723753235828
0.5164224043011758,0.5576426746319912
0.4482820616928028,0.2426017056652829
0.6561805862667313,0.4733951488994549
0.6052959668806253,0.485739565062646
0.05306968259565834,0.20269227539783535
0.5262870018181444,0.003720905192281989
0.5539103348052938,0.47011841767177415
0.3412702491530044,0.3046301503809614
0.5699149882387666,0.5676002088715426
0.48885910986023673,0.3296883021549647
0.5218001198470966,0.4555478002162406
0.47271788190119857,0.17596521625387415
0.3474446890645829,0.44320553758972014
0.5014419259529834,0.25021685351477285
0.6263692473260661,0.4264833276577123
0.4590671053426951,0.3094557701115904
0.4877229254742004,0.6933893127540147
0.590607735200426,0.11576777685371191
0.06022920041681515,0.18065673987444908
0.5138612203129771,0.6163845338258801
0.5004871694762069,0.03321841365200661
0.37561484263315753,0.5691315356185269
0.43856283032204246,0.37550206064041297
0.19001810122110432,0.61512881037485
0.12244520249516758,0.31962804292823976
0.3167394104328738,0.24996071007320844
0.5928581238059047,0.061566901524115036
0.02084946236748844,0.6209481698490862
0.648022750770195,0.29741530069318667
0.5643448194191792,0.655190857484985
0.4287626580903797,0.4181153678398938
0.6428834494970143,0.1259356625734678
0.5975562108810712,0.27888658073124406
0.5490156577478896,0.10126809617415788
0.49851456245379844,0.14952831176634068
0.34255935199284004,0.32894136115507927
0.5008236882903699,0.30970261644949015
0.512814147979713,0.2702247158227621
0.6515669208636077,0.2811690953806703
0.6630965077651794,0.48466760274012294
0.3345566323934872,0.5751068947641235
0.5795273438338235,0.24018564839148956
0.34950845376087813,0.6701821383539178
0.5998987655083897,0.17947091278358812
0.6273573147352218,0.3543996191749824
0.47683189567398193,0.1365465499984968
0.5755632146714049,0.41033345731063486
0.5552007770339952,0.5484216105564352
0.22017287740992303,0.38466444888082624
0.4877563633045094,0.5737498957892913
0.6861020051413763,0.058242721602551034
0.49555688076792725,0.434323421219672
0.11591264343401884,0.17501881487715798
0.32505246558945045,0.22266218065137525
0.6031300980767158,0.24558189286172238
0.5966339023451602,0.10220316551009018
0.676718518123997,0.5686704021322994
0.43002619792580393,0.41670085179376964
0.6752361813922938,0.34468593202007525
0.2573759904256127,0.26178909770260317
0.4821292519128435,0.546826504626528
0.6343285345460783,0.5105663125947324
0.4651133615279642,0.05626761012116473
0.45994208370628775,0.2673389876691731
0.5299628573525408,0.2666160291275578
0.4213320852350527,0.16139587500813918
0.646789558953716,0.5689960491260069
0.30204894126769877,0.4999499001921828
0.3674367719488495,0.369664613508411
0.5707207399709131,0.5203973704656636
0.5590947658733484,0.5105182046282123
0.5915585111030617,0.36310789233772833
0.663012181470768,0.1164783228144212
0.5918724833081733,0.47990997378215755
0.5033859222275046,0.495062438441215
0.01804592023432061,0.45891545872514483
0.06541095339361566,0.32332839006904124
0.15018545710648867,0.4767205294114616
0.5551583459715425,0.6178556169271824
0.5748894867837681,0.01991941398035542
0.6071402194348422,0.2776175656561874
0.6135467832344473,0.48060831900029016
0.6945119087237495,0.5201730247496001
0.591109688288233,0.6020848220664357
0.5825354281556241,0.5844910506154083
0.668441214105269,0.1444543844708464
0.48606984196186964,0.5893801765123868
0.1312816836366696,0.6062103130741946
0.008594733879780058,0.3269022404979757
0.5596399859775534,0.5519188208909298
0.3729515568540046,0.47709563418180295
0.5723360025578357,0.04963842283684309
0.11263834869648683,0.10601672095984899
0.49499324437719927,0.27683102430627415
0.07940343778279514,0.24097981045985575
0.33352357955145007,0.12952388902591636
0.5562067322669755,0.27986659501430433
0.5049823058638945,0.4486091195416764
0.146505709446885,0.5854025117500654
0.5657474391302181,0.5968214673547836
0.2968824756442632,0.358567950108703
0.30102450811989145,0.6706275422906296
0.6657466097409561,0.4245885618377878
0.6241305311747383,0.5588199960994265
0.3785540152811866,0.643926135378039
0.4740490830628553,0.36689548427778385
0.6315968513413692,0.6459997153929598
0.6466758759834302,0.6390593682829153
0.6218669077783217,0.09432929203045295
0.4125644960485412,0.3294054053732446
0.641472556786173,0.5630172793959568
0.4791341081199095,0.6298215862161156
0.10381673609697778,0.4674746603564323
0.44675455607281767,0.6886265034948186
0.5080499328900921,0.5525986040907491
0.5661941232021953,0.678733366565952
0.6512647656774815,0.4554270128528436
0.6778807458607393,0.46581164103802236
0.5686925504672758,0.46847627145742704
0.47029760497979345,0.5429324821779015
0.26875204046505624,0.5568660117928763
0.37191124316164353,0.4382584965670799
0.5059317647254572,0.5947598260009777
0.51301695119552,0.3293703866941755
0.444362558325583,0.2866574480351504
0.4488997571583305,0.43388807229664694
0.6631898937432598,0.5368921469702947
0.40358199056325295,0.4921358889909099
0.5172228234608487,0.4907660021861567
0.4318439413515096,0.48276501786812653
0.3763734223910307,0.380507686477622
0.5454386476817482,0.04972171058102652
0.5483454500796145,0.33965297134629135
0.5621494637739775,0.15901304463085708
0.3783501191540118,0.038618340003492506
0.5949644926677589,0.6792973544814238
0.48034603294223477,0.341344962369004
0.6691453069889326,0.15769214969963366
0.24411966035124513,0.26956486914041533
0.4368977158636325,0.2886252378316123
0.45479186467899513,0.4796104909738631
0.6295823339496197,0.4098628945630822
0.6658166821451551,0.37888170522419
0.29542844248094535,0.5276875373244752
0.4111294161866521,0.27797615131445746
0.67269200961633,0.44478279986805325
0.6674982309393087,0.16851581393637127
0.5487970275729375,0.4061302136246534
0.4054119233232447,0.6501081457962988
0.5108522483891426,0.5120297744808389
0.33278884035594575,0.16632720253580724
0.590330094984559,0.45245192899029274
0.6774502298008002,0.4641027738869673
0.2904419859517715,0.6607580337349317
0.5565318782907447,0.6089506034476105
0.6660524930417248,0.25022559615076095
0.3441382782302165,0.10941180649648255
0.5381657675885114,0.3449180397748959
0.5302431801016911,0.6386774361077714
0.5651570139049539,0.28726934701372175
0.06520911376311779,0.18491393001417966
0.46839265184522805,0.13720591906691545
0.610464763527986,0.5275924519443519
0.443769840819578,0.6922910933630166
0.5567335982404213,0.3974202105897845
0.6020885930420622,0.021803890245399
0.19126575597760276,0.3720967343176719
0.505496558453886,0.5223316921310818
0.4195755011894726,0.19689067911080183
0.40661447543845125,0.39818050666937377
0.6967523351728044,0.5225344310794073
0.4322404125122997,0.31621826334971304
0.5547463320999126,0.23533907942784527
0.6532750844846649,0.5471269530927219
0.6741894342307284,0.5496204294438358
0.5743243668737336,0.06909440185409602
0.40717636987991696,0.2940669281781143
0.35311457002393476,0.3785034091679788
0.3600872217070341,0.45479676179313566
0.05310933453077693,0.23578460411363678
0.578172058442573,0.1527685750041662
0.5494466205530759,0.4469863488835409
0.12773328972018336,0.6144415498818995
0.2365347446660496,0.6411195625693435
0.506112423622447,0.35255963385694467
0.3975128737572296,0.342890298629696
0.21141684511327313,0.56684013496147
0.5740154513987495,0.2886079078172522
0.6344238424540393,0.4590245817779823
0.6146215102656106,0.12993241651434223
0.20252749265891018,0.3933191042825954
0.5371660976872926,0.19282319416986876
0.13474350290697223,0.5196168077281812
0.6691674734013864,0.4842884493295335
0.4611730115437457,0.529042687312725
0.6321055928587167,0.5250315655879995
0.3817056651283643,0.015490538948402847
0.17676802398936897,0.1934472760424296
0.2139529716184123,0.03868941197997691
0.4654799811013197,0.4148404252864853
0.2914557012877607,0.04046162235129902
0.6067965740521083,0.5182607703306363
0.5858210942804858,0.27722971238349603
0.6574983573760667,0.08827567743577773
0.4996389375557299,0.48279390790419824
0.5728939317826833,0.19425612828440839
0.06238870578343466,0.21073062531254247
0.6440178076658328,0.5935832237509099
0.4619632419207213,0.31411119040286806
0.4167993719412896,0.5317473042427208
0.6563352629505601,0.5232197661428281
0.035646530147448154,0.06677374358513885
0.020236031813331862,0.5266993343252953
0.6317111658647834,0.35906750732772874
0.600853052934639,0.4196132775476041
0.48429265999760845,0.6406247798501681
0.6164497080190233,0.5473464401180076
0.3458122410903457,0.02999714366258069
0.40029836447420175,0.16566513395606525
0.511231087361342,0.3899700694004843
0.6316743019453339,0.17925310893299967
0.595644597131552,0.5214137714687199
0.37466189598908156,0.4160763176667499
0.4794033992926302,0.08691839595516054
0.5527732297249327,0.41478595667025747
0.18466564637523225,0.005058305013751797
0.6041308807631687,0.26401154614221556
0.48284537359491303,0.598236023061534
0.671262863648855,0.5566565645477599
0.6533648613397859,0.6646785094697764
0.5796052134137335,0.3224850529811916
0.414404330558938,0.3088808985013544
0.5190280047740942,0.4666190346382543
0.17970531123879324,0.5182801562856427
0.562463870118502,0.34617581159531946
0.2081325319951573,0.33748284519945415
0.5226851279144477,0.25015944782328187
0.32925121909413907,0.5666584388181293
0.5301622718075741,0.08710614392632723
0.4060330133479791,0.11688827620895621
0.6730537298470808,0.468532472482916
0.48903518713822813,0.35719638623253663
0.42016082103838476,0.506595169554576
0.5455296636408309,0.1310312571627136
0.2821190691835751,0.6135707043683762
0.6513941477573723,0.5442126398850121
0.6907401896148244,0.19064483702546284
0.32584549640851285,0.5486695514051447
0.697025817605875,0.3585869450384707
0.5127928769506844,0.6534670924889441
0.5103988819343604,0.6097296562026477
0.5929498793427126,0.25202073641580935
0.4627923729491401,0.35669714230640415
0.6558659064130079,0.29911593027356825
0.24014329179797922,0.20538369721659241
0.3742372013642228,0.29530548310208826
0.2971761392512242,0.07870740429808526
0.49266441687587736,0.4542840514102166
0.4071746535196066,0.4611642640779057
0.5486812296953003,0.4114645010439435
0.5961636894165021,0.2438893293542018
0.5241981782212334,0.6077860956884874
0.3044186096395258,0.613856801697137
0.1750533046462676,0.5587027037538852
0.5199592944386492,0.1550552179010388
0.5719364313684857,0.3215085912858598
0.6007667524120295,0.4343457605741781
0.5294528155829028,0.2591718554262743
0.49483728174585395,0.6716239190731413
0.5225127308951794,0.46062451994623
0.372963477142051,0.2885030949897212
0.42746729136867095,0.07924098663458506
0.6373142988064882,0.049567133397951074
0.5584195404423438,0.201664668419962
0.5046643983165995,0.20693375129740688
0.15828641291238604,0.012103045859540147
0.4377620611805375,0.38711127988951843
0.00023171776739824845,0.2826123151867594
0.5212760193086855,0.3318591966546382
0.6124211834274175,0.508295668367885
0.542961720994311,0.23265651222423733
0.5120139888897551,0.41137142811107696
0.4832556699617054,0.25212167581288664
0.11861500939075328,0.2921778206946388
0.01639767520190871,0.38481917042329994
0.5717399294535334,0.15885172982889872
0.24430534238953436,0.14387789579716634
0.5982925076408896,0.5683932023998159
0.0477050454306797,0.28758520652329733
0.36147113417192334,0.4322639803742746
0.586189190917679,0.4957223229996301
0.6646985085224056,0.014123892063137248
0.6355590538812598,0.36225441922774415
0.46303079103166883,0.26524635418986964
0.23970159411428452,0.6046813758863658
0.5354512032197981,0.3714627651835984
0.5798861201026576,0.3952633614906247
0.2760515487932544,0.654803156334695
0.44061736414672065,0.31773410387920237
0.2331129707170612,0.5844068941751627
0.5296166754524481,0.3966601794574543
0.3223881286430379,0.24417202142703198
0.6445860573830345,0.228285807155353
0.10772603675830124,0.33286355507480897
0.6199045054991669,0.06713885086775895
0.14927246356406024,0.5941993351448909
0.47180290615297854,0.014478284385335678
0.4887256791894973,0.12239061290253199
0.2548165114165821,0.31113888047064037
0.32526137240453606,0.4419628246088177
0.4791343722874001,0.4144720183436964
0.48087209044055296,0.3246676495402536
0.6000617920668412,0.3644723455756682
0.6036157625747242,0.17531651855068153
0.5076929335179353,0.6314342350314034
0.4186287806645328,0.6349331110915143
0.5984396998253078,0.31562045909493897
0.6951654121838944,0.26512853126403363
0.663038862148326,0.38340234941522056
0.6875246853473342,0.5841978631567524
0.31943632120266807,0.32191740715517825
0.5905830910417764,0.5883363406832244
0.6258414910852778,0.09587780310081072
0.5149617027428245,0.31070816177127936
0.31658116910621725,0.03521908627460117
0.186256522326957,0.34767102449446524
0.4537866499411526,0.01837363048646798
0.38371827000209463,0.5950479916313307
0.48884905663489897,0.11530369677064219
0.45188125391987155,0.3154722287622872
0.5324728205547468,0.4784955593816182
0.5986613767026477,0.5623746364368445
0.5497904288871136,0.5761857596945195
0.5985582442638453,0.626804930285786
0.319587347951254,0.2967957785169344
0.551972392988018,0.24217485872554806
0.033790075233795736,0.5427759556148656
0.30224299512164,0.24724375319721997
0.6852218194870208,0.5928480630209111
0.6917737318198868,0.5006994666096161
0.5693571343899578,0.5688887052507482
0.5678576956348761,0.2986674038893379
0.5111042186391913,0.15924499939173437
0.6515381931333475,0.4312467334511809
0.6494049515863627,0.29672894486600654
0.40744969218827626,0.38027497114451075
0.6812291258542379,0.6873878458186041
0.42341244139859907,0.23135690975082607
0.22886657328257193,0.5346808609954252
0.3443512166872912,0.2849740978109981
0.618847562248848,0.1549341128237131
0.4987320520901176,0.4826277972852072
0.49645857552312345,0.5947857779212901
0.47963935411312847,0.5788954631300037
0.5822041567546283,0.3799064595333384
0.5770167509794948,0.2954559496909812
0.45739172450416843,0.20628331168404984
0.38382722199259844,0.4038660543338988
0.4899554113311418,0.20255049877350406
0.5659890694920234,0.4685365376138985
0.42517126552807216,0.19053509541515773
0.48924999813115605,0.5451891888632345
0.6686382067755668,0.147846540799316
0.40332914927031266,0.5025619806513386
0.56468289287763,0.666211993286348
0.6140528599073855,0.32063478013860514
0.05381557767700896,0.6368172155401738
0.46007770623830574,0.4507031877323838
0.48509645126812234,0.5418145860940385
0.6212529278517908,0.6774554541891561
0.4125331352515913,0.6077821384326789
0.6401267472411474,0.3055188546992385
0.5987836231748808,0.14735711220062903
0.29989967786509697,0.21612531376941935
0.39438353589543634,0.494319748615405
0.45692584186832375,0.08503339214684316
0.5099171216482778,0.3706634686482033
0.5626790525820914,0.5706005528198922
0.6544176958853677,0.2280977565658803
0.07200526601229375,0.6907670548359197
0.6557040767544178,0.5467179031105209
0.46001378002263493,0.3515981192317811
0.6492518357161974,0.03431502954906075
0.5296549573437219,0.1747411808270574
0.4946709759904736,0.31671814407886206
0.2846415562681803,0.5647603949459836
0.06321565949757732,0.18911320429054673
0.5579119718723691,0.21478362141834567
0.5947793517224579,0.4728102744268288
0.47097649641854283,0.3584744539104598
0.6334222930583467,0.49869795586045873
0.5337920906292231,0.3518988595908304
0.538234522045646,0.10642802013760068
0.5663067997161702,0.33926554402316145
0.49360895903108265,0.025160795314472614
0.550882551694683,0.2707268040924257
0.46968979792095833,0.302416133653691
0.6266267829869898,0.3451713001503722
0.5848972559416493,0.556978477518927
0.16432468242917364,0.2583213359158478
0.4336712262232986,0.31561054429663793
0.16429473201418898,0.10190147110062564
0.6361338630696551,0.5589861641483013
0.5398100927345072,0.5320294350422055
0.6724959679183642,0.17037965034536853
0.44232595863283675,0.3968523389678625
0.34478848183447125,0.02442236285225096
0.4566834274080619,0.2500456861895731
0.6198886398918394,0.2926402453468749
0.5844711902671028,0.43457718113306976
0.6155372446350494,0.4786583943946058
0.4735121680061307,0.5569591253688017
0.6527772627442644,0.3144417858444928
0.4299746904087617,0.38576039415898017
0.3959389895334817,0.4789153108941568
0.6913404695962204,0.016325885812493127
0.5552760068538605,0.4526132961587962
0.07476289896304888,0.5358054092458755
0.604936745086055,0.2525301741125597
0.4609458953284237,0.3736247817601768
0.5139370173385094,0.33911457698200453
0.6509057485340477,0.44990154705889557
0.6027943572701647,0.521265835246676
0.6373957369439851,0.588396819904973
0.2954427497120034,0.0905946770065052
0.30002718301720155,0.348170075968147
0.49294768556829865,0.21171316856703642
0.11415453908426242,0.5875516032616147
0.3416133399849396,0.517417919929904
0.5396967719534687,0.0762182808216014
0.5356380793306814,0.3253961702736406
0.569719525792614,0.5571170323364539
0.5369986509137025,0.6268567422133229
0.26747081226805736,0.06029245872085692
0.6501728218712922,0.25099718665922544
0.5030913406055436,0.6310099229536313
0.5286134839172822,0.6971279643247998
0.49717367791903266,0.6009135839812043
0.30087456257315254,0.40310852060740926
0.28971101420576884,0.5685149952339993
0.645236388808559,0.5613971891731545
0.6543346202946435,0.35962466323750986
0.43610484689750695,0.44214639145220436
0.3498510897380829,0.45442542201370356
0.37232534448214494,0.40197935880876684
0.4452927980062158,0.2620043917579396
0.5694503010657322,0.5561809168705891
0.49479627205269183,0.17726896573256562
0.6319799164646075,0.3690332934623526
0.6718687789283964,0.14457546801181045
0.5087764176419441,0.4334628040539992
0.3488711569243408,0.29059106876121144
0.2124841503935349,0.4453698067929982
0.6676918180849435,0.5965938728278971
0.30713811253650564,0.6568644879208356
0.4391512466560707,0.3637073528529514
0.28258772045516545,0.18684344801682848
0.43681262021293676,0.4878723906671976
0.4950007797526977,0.6380487868803733
0.4888784411933083,0.5813105241357173
0.5671218811723522,0.38514862334682387
0.46410749012378777,0.2154356267299135
0.498705580036165,0.46378246799271283
0.38136208969148744,0.2786706548558182
0.5065912994478879,0.5184109044794056
0.48372524605723244,0.24894472594346073
0.3751842234919999,0.013631844414154548
0.689094601816531,0.00462148310336731
0.19505895227962944,0.40087449827495647
0.49899168858086895,0.14650791751787764
0.21517675653793994,0.40332154058063135
0.5744004716833698,0.4594862224413753
0.38219997501400216,0.34173772397897695
0.48408412843912374,0.6029035101005875
0.6318787034672985,0.5334862331564569
0.38897801673761534,0.44176335756070195
0.5470736033869352,0.3882753334606618
0.09729527549697373,0.5486361520914074
0.5142440494645034,0.6022662021177252
0.5421062106287635,0.5723148962529366
0.5828792754481851,0.2845440259080069
0.5693003110653055,0.47178078521377503
0.6390081967557152,0.6230661994079552
0.5288340986124109,0.30035858461124487
0.34899752894548625,0.05111435420097878
0.4703608707556199,0.388119506872342
0.4473674000682089,0.4816912892736109
0.5914378689685056,0.130842807346101
0.3196909263348177,0.4981602330021674
0.06218039650894519,0.2037451106673706
0.6392843593853718,0.42253856813785007
0.29509470330126597,0.2901982296044637
0.18969361582887212,0.5970628573588516
0.5174220468491542,0.49947000705740074
0.6238513233730887,0.2802329619551711
0.6617981532475156,0.1534456564161136
0.583336548808443,0.30897372971897563
0.5746762774701784,0.6784912635089589
0.6872199749332936,0.3725562679303667
0.4670667294076921,0.5345963712796891
0.48112277675864384,0.4114621163344926
0.6493920523616693,0.44518856615841
0.5745196720731234,0.3656839014108626
0.5492457177820214,0.34958515685144964
0.0848149777605931,0.2720715338465495
0.09024938224333806,0.34122332547563533
0.6505740512345097,0.5245130554280205
0.562652341005139,0.37111128777170266
0.6790480517513123,0.5068092290593925
0.698641352828921,0.46678214599818985
0.5066713804156657,0.5107948727299749
0.48784872821409175,0.6541811028250852
0.20759564109669376,0.16479611089273874
0.6422827694567433,0.20570729459335146
0.14179661037209443,0.03429825403372099
0.45506975253241183,0.2569166111240327
0.5725454397548404,0.5684325078739902
0.5786566537006849,0.5203473499166885
0.5623806299501617,0.38183429266432817
0.26724510798936096,0.46064308035127405
0.5033271726374888,0.07724695935663362
0.65085410200957,0.14062424571062035
0.539893208672582,0.5790142140295904
0.658415432503027,0.04114746229718052
0.6439803961790407,0.44938762396565457
0.3415258796470587,0.22868744860012347
0.602776519360654,0.06941358746585637
0.6575727989721879,0.5503527146958034
0.6668290514377218,0.4668162485878964
0.5106020543894841,0.06796872011399809
0.42271537008265814,0.3952969028419353
0.12492680229148331,0.3541086052345639
0.2704927813858218,0.3697352405860655
0.6281732476178975,0.2283409589474603
0.5729365410437939,0.200694641412595
0.3623528336378182,0.6466917542383197
0.6722592521931667,0.656416146197323
0.6818587329911076,0.5458752360996235
0.5377661157704596,0.014858424184947316
0.6000491680639352,0.6604336075262396
0.5718816416878026,0.3286543244179537
0.40232455454507965,0.07563074601027557
0.23601724977961394,0.3240625712307585
0.5144688246736415,0.604179497259145
0.48925572464045236,0.3019001542886416
0.5232167905050675,0.5130238243651803
0.6030502021967342,0.251994833391418
0.5513921056701014,0.08564619274914681
0.2493910643418791,0.46967709030566657
0.41221350175318117,0.496712330393878
0.3799393313205958,0.03965956537879958
0.5211444244515637,0.5464051443326995
0.5536219606426376,0.29760374591557776
0.45588393969720964,0.36195878284275484
0.5979288425873396,0.40769020315829274
0.6480272970522472,0.4578707533183981
0.46590202467638886,0.3610747570532632
0.13662852006875825,0.050119816112477664
0.6859345611529699,0.5497697341438275
0.5646797461756349,0.5865993185644973
0.4933725288782235,0.21929820316241444
0.4648533107988004,0.29462346798430994
0.6271965356044725,0.4408665779575952
0.5677691215285958,0.4198568213431477
0.5040328039076972,0.4003508683586233
0.43024877072712203,0.24702840892477798
0.5857348947539667,0.1830596214109256
0.5549384867420859,0.5215257179768507
0.6971208472777741,0.38795793892125396
0.543762842716002,0.3500164360794944
0.5406512372487893,0.046051383456603964
0.5492134206128331,0.3483533153349105
0.6855181192227113,0.39612655139444636
0.6502574361453642,0.6031810578541488
0.6847575293538439,0.3204707438327674
0.2352486345045852,0.5023898793542636
0.5140657599793809,0.39005173223097245
0.006922631310286906,0.47892854672906293
0.2580062787623773,0.5932988078358788
0.48920753889377705,0.03639420582801713
0.6024957899804455,0.32844242102194854
0.016665253128614124,0.30704940189629604
0.3878321763290548,0.2736749648312746
0.5679053329444881,0.40706071941476824
0.485025434600316,0.046085595776377206
0.569533197066103,0.2646288791977136
0.5002297914072349,0.34281374461724834
0.3665086767832558,0.09232017090436775
0.5309465114896621,0.17140895664518274
0.5111892855399395,0.06258071412075392
0.6517513136801845,0.6118625016031531
0.4230039921487091,0.5961625869783259
0.5551010581077004,0.5878230094810236
0.3502947930948058,0.014928816675703376
0.5947773707211623,0.4375602285677357
0.499525184233361,0.1341437574307991
0.5895424212937215,0.5161661900048375
0.6516522657203085,0.39069314133933053
0.08201309526852654,0.2408885063258393
0.5748303462278779,0.32151924040936697
0.5923881383137125,0.46509068147019006
0.35658477460465343,0.43713763748536283
0.34639082685268113,0.5044133639150434
0.49629000844275895,0.1696637023854251
0.4176224742809941,0.4151835688184898
0.5935114834365449,0.3768381161492078
0.3218103337457449,0.6071854821628758
0.286618773135706,0.47981518208317053
0.6457350662234348,0.4591533819924389
0.49561134321709344,0.44157776851698755
0.4504529479926035,0.05043349138167508
0.17841735418440752,0.6926903701109625
0.33226341521472547,0.061204027414957875
0.6249632691390707,0.19733391064126476
0.3656744298478145,0.3106177211459653
0.6467748830873156,0.12104358626479386
0.535590458985014,0.5686065390568453
0.4991217239749004,0.3872205040264053
0.6084331022760578,0.18104219207181665
0.04022655591306509,0.21614336549945184
0.0485600690655139,0.5942919351930201
0.4280064176405726,0.5725554035089992
0.6889829339549088,0.5489897414729051
0.4865384277285463,0.37860756971108644
0.40531898170511815,0.2159138945125399
0.35616656902610244,0.3172859872434713
0.5578239458272882,0.5040965153929591
0.5958237555704691,0.660516375773173
0.6485579197019034,0.5970155941977899
0.41181914016740495,0.06414426431580163
0.4715315078697102,0.1605026787113028
0.5520032461470882,0.2523262371859688
0.608757777687201,0.10568466798198303
0.5522621051318577,0.4921526266726215
0.6780173336166453,0.12738914634882195
0.40800622761757616,0.49980080078474487
0.5454736136854635,0.10235409265650072
0.5747693516188066,0.4389401353230515
0.5856135721702278,0.2437753374729671
0.6653817768511372,0.37481090737361117
0.6347827570529571,0.4743192089954049
0.6994284187911769,0.6705903138185436
0.445314681070875,0.44510501375775924
0.06166848988883795,0.22400186699288419
0.4526186164865329,0.48874633259263633
0.4500595442961288,0.38477768521466665
0.5394072596382031,0.497675543143495
0.41103567940231056,0.3163045616405576
0.4841647323076581,0.211199994689981
0.37716624760546874,0.2628857013592451
0.5994251133834516,0.013306949972850812
0.5973568688857687,0.6262920424423709
0.5983557120733927,0.5755543189891703
0.5561469144553484,0.07157828325564541
0.6877009393602971,0.6870628692905474
0.5313345747890983,0.650873125954044
0.12729188306157196,0.42542716246839574
0.5505279629424097,0.5267245216291672
0.5200370764296967,0.621453706218855
0.3138186298265483,0.6299423662563877
0.3744986482347342,0.09191609662959233
0.5283694430080931,0.5928039720091334
0.6952997157648044,0.037586891853051495
0.4180402064701566,0.059375399079604624
0.30630452665565255,0.5103780302652418
0.5146438337458161,0.0037525008059175607
0.6287593298811271,0.33004031781878307
0.6255197730955946,0.5429408934251467
0.5399616172849593,0.5845237651117414
0.07199086204639216,0.2745071988262622
0.6730552675452065,0.6593150439563131
0.05186111675868266,0.545512430383028
0.4431630985479976,0.6342271878605095
0.6115514960727091,0.25517808505307826
0.6730587945551793,0.6095837188546911
0.4505960032531409,0.05138112601887355
0.6888927546589704,0.3724610982612693
0.5849664476204146,0.42794385966562654
0.4214081934541302,0.12808676216038667
0.58898551411333,0.47615564188055326
0.6385124992594875,0.5937598120394364
0.3818393301722598,0.30935057276517364
0.38479258452004683,0.16571361075852342
0.634976792543524,0.5931434557172733
0.48595135401067785,0.5276727721042224
0.43665114171514907,0.37885059007657956
0.5543823002553324,0.4795248803586603
0.3828669281875102,0.19401141187017784
0.6035164202198063,0.36031965099417507
0.4579906894225784,0.4938246057973308
0.6638431076152806,0.6007124485494957
0.6460547942389901,0.31417725520860157
0.49520326411429477,0.1285763028208376
0.6328594243247284,0.6463044819069869
0.33322424889866425,0.11551589787063858
0.4454376346632295,0.31261995868124876
0.570801619786643,0.13881531684099827
0.6399109159351478,0.4255049435437311
0.6992958505017716,0.23343357180904628
0.4162437112621397,0.6090586687509602
0.6442859689233214,0.3245560521343813
0.44574312685983314,0.504393427451168
0.4713674927211182,0.6024119180892548
0.48074084260936256,0.36956985760186745
0.32506855128256956,0.22459724403564224
0.6264574894086353,0.18205061250435112
0.050965850914804656,0.5570872340865585
0.37546787500348366,0.04106376289910767
0.3554186627323386,0.6254313250055691
0.029252932043345024,0.38149840386526557
0.28176071259148555,0.4385438077679304
0.6944207035636847,0.08862669939553458
0.5288948088001157,0.22317364593565003
0.6534171779992057,0.5636797213374938
0.00782317822044936,0.3251188944863031
0.5937415532260454,0.1626725426728626
0.4083175272464511,0.4860589364892902
0.5838630553754273,0.584997750704023
0.10880608981005614,0.4908800435427816
0.6661061082976821,0.6940495941875557
0.6306833837040813,0.09262003776197575
0.6124522074560732,0.6135305705103862
0.33532949773447224,0.34310084162932697
0.6904889582302536,0.43065405523259265
0.16899537937331952,0.24255722924759326
0.5061971982656327,0.31659007210305795
0.6789668203805989,0.5176214917128888
0.5636822990486716,0.24752672106555831
0.5719123307207657,0.1018356463644677
0.3468516481544943,0.36704033997947605
0.5131552666168345,0.44252481291275353
0.0032388534117431377,0.16826539538717772
0.4728910475017044,0.4153566928216001
0.2963240796602783,0.10422352703744589
0.40939225286359177,0.4242447038116785
0.6955963008123371,0.30419125139963565
0.44842510782321926,0.003037826350358864
0.13988248610031617,0.17894849380348474
0.6555187177687434,0.11195946688217667
0.6422941855774152,0.49251532181558
0.6046289733311496,0.30960150784528995
0.46026517190471483,0.583915973633778
0.5238890741425352,0.46657327688120476
0.4153107837586483,0.5846563577681487
0.642423970251174,0.26993004186957364
0.35464946974552713,0.6722039831271072
0.49356739899141944,0.4554664625094608
0.47262266223452387,0.421639806553323
0.6587808362833052,0.5067991182018783
0.23928492807469676,0.4910056710712024
0.5755969872683085,0.36743154735876815
0.28574471766991094,0.4237467735649526
0.6829394966062757,0.5340126925276472
0.6250845864588833,0.46397064684269995
0.6253474830748699,0.42551131263709135
0.4901365400953243,0.3234622669633582
0.540331005487655,0.3544199568329919
0.6749724447195122,0.606884671899449
0.6235318514099676,0.6028567868793455
0.34050339388028167,0.5221697873968464
0.6576970560593325,0.5841940625669505
0.44890436944254936,0.4899265984136012
0.6371276701094511,0.5091108779153305
0.5758670188386604,0.5004646332925269
0.5925301949639987,0.5264722202297638
0.6758434812080534,0.33894097101549847
0.544367938436406,0.4260219250183313
0.39711097881098956,0.6054949996231059
0.3361412882856233,0.3028254163267779
0.3764693167156845,0.2794194818447993
0.5165171617135123,0.3241252176687248
0.10453373894989312,0.5825406556556618
0.49357456901166297,0.10440063290572815
0.6517421197335643,0.5647196579805197
0.4662765556275105,0.47165088515140774
0.2355114012538153,0.547441624268533
0.5728067691196107,0.5952222815504826
0.4343004266488794,0.3872456620318438
0.6845889931497057,0.5823850469842006
0.4505215079273948,0.31485241485350396
0.31015487340579123,0.612548437487791
0.46342425214370103,0.40945181452923995
0.5255946320788145,0.5162974470470423
0.5019075764051636,0.21190266927704038
0.6358289949216239,0.22979397554654696
0.4779491388497647,0.36606559444184883
0.059929210485761664,0.4821278391034918
0.23878100198975344,0.32956619934036496
0.13786742279059327,0.15725628994064805
0.5920663668771577,0.29344640168069286
0.2863996018308917,0.16741951727204196
0.3839830051721628,0.22872395658096265
0.5465643810528171,0.6059439224044043
0.490084039514174,0.3454545927993624
0.3639938449109835,0.02647982139879051
0.48241860815291154,0.617208335841993
0.38116833487708923,0.41468325334638195
0.4341876742937817,0.39905243301908816
0.36447078981296244,0.37283177297451314
0.5034659571616998,0.5193718800359535
0.40620413051418647,0.420258626852544
0.48458000046363386,0.2561139989993061
0.43021373517128536,0.22223375288072447
0.6077619851647122,0.43831715721639075
0.37113688932182654,0.4672855560770318
0.578213729187171,0.2847086031450834
0.400418947852492,0.44916548280144997
0.05877494712183021,0.16237180955893837
0.693645859536409,0.49234662312625077
0.5583961188133376,0.29212669045671225
0.6615484345585902,0.055303757499032685
0.13880453528787817,0.22125431575433713
0.6550478373576535,0.48873679423588895
0.46109916922175964,0.6627868804402797
0.2280595387571608,0.5079968971264748
0.6003220042691766,0.6063024760547434
0.5600328761282236,0.3352647269960378
0.6825714815425131,0.279935362744727
0.6384861784073201,0.6704561565914087
0.43444384441411316,0.27782752450918574
0.10996773600078423,0.33487483550098035
0.6276393271329628,0.08682777929011454
0.17338602289082286,0.6526549176653311
0.6600998252347076,0.4890226435723263
0.09905449170612238,0.251176877849259
0.2857516008826536,0.012790832343048918
0.45409547136658795,0.11810582500849442
0.6668074862488381,0.16051084697296925
0.5220187608179726,0.33915087321360843
0.3027179187826172,0.08879165014398069
0.5041328032960601,0.574265937852298
0.47188199674353903,0.2514174022716811
0.10265848429271587,0.13899117863157712
0.6277781242707566,0.32035651633676776
0.11618942980533524,0.39960778643191497
0.42970518731504076,0.3848665658991284
0.5009014317269563,0.47891543395349456
0.40288160514844207,0.5256679514830317
0.5374246264468587,0.6484025941016893
0.2408528948790743,0.015401393460687602
0.6389450301521262,0.44742038655011035
0.33349106521103,0.025202557302638935
0.5748254290509232,0.46428268659395705
0.5356383620339218,0.41352190238877007
0.38257932198880934,0.28090718246717594
0.08968490395769696,0.374181868415921
0.6841635757498169,0.6332949654106284
0.5307756956154068,0.07510858396601075
0.4489685623969677,0.342576505285753
0.5132869978435267,0.39139114367668426
0.5264696808338714,0.2558170109282306
0.3233391882646568,0.4273341472248591
0.31301233114239224,0.5642192415785885
0.48967321192953217,0.21234760700762922
0.38665179985441583,0.0013168335727872758
0.6794890792774946,0.10451743568346128
0.6715547632271328,0.33301463859390434
0.44943581660229515,0.6179971698975028
0.4206319091204156,0.038385768987283825
0.5262685276680994,0.5956317007123175
0.5382849085188397,0.038346749604050455
0.555566644818468,0.5825724589075542
0.29638377149684103,0.6175080840174781
0.6398568749349459,0.36790123179337797
0.05157116756383157,0.41353629825191873
0.5179654572958753,0.542489189554127
0.5196650608314513,0.515610475248868
0.45082327209029505,0.08433918595452256
0.6406557944809002,0.428587454454587
0.5688115135514433,0.1630667179785546
0.36850134648750665,0.4071220110631602
0.04985108425743498,0.2259564849901336
0.6374740690121486,0.5104656516867404
0.08974209278110125,0.2657487072800133
0.6162629927443177,0.4476867084167465
0.5979057626195321,0.05532000205187378
0.2375742647180406,0.6897654967714144
0.5207894587635786,0.5015613876866676
0.555079465696101,0.021296314638655278
0.5869059377950855,0.3114032865025909
0.49900266291187945,0.613050208447543
0.6606735349873728,0.22533820678478747
0.4837781483880747,0.4221628609274586
0.2125597926119358,0.17150526176343386
0.4849614190302449,0.25310743261601254
0.6606396535425538,0.5074318891968729
0.5433104215388059,0.6828200347791317
0.5799963487639981,0.09611297255693034
0.3668606855837002,0.07441166878005975
0.1318677170297422,0.35982819158366575
0.6986072472527574,0.05782867005511559
0.44284780424551823,0.4202196243039129
0.4939390958986808,0.41020832585551176
0.564006260453416,0.6964892086651243
0.470108463763985,0.04878116223600329
0.5894010043036509,0.2465224108513742
0.660239534988184,0.23976034217290892
0.44545430671128694,0.5185520343943106
0.49828446710778196,0.24309147889684857
0.6164501444730456,0.4906444923044423
0.6307537740178701,0.31066487464426373
0.4450950145528686,0.5016812235107333
0.4676720351153232,0.37503826697494813
0.4697330430270025,0.5158607027051522
0.32553826511649,0.4400724028108415
0.5920621997233004,0.3550256876016795
0.6472145403863551,0.0665773318979202
0.6250479657818708,0.5749847516426938
0.4089840967112355,0.39966522404399585
0.06273648027304224,0.3368067304695539
0.3105258608669458,0.3567902326326354
0.3805537860611837,0.4146779406617914
0.5640330449010529,0.4438062937375392
0.4384993378022895,0.306939580574035
0.48535648270096277,0.26695523467724114
0.6282618879841425,0.6092781613824908
0.5250968095391911,0.5135754544185852
0.3989153816875631,0.046317263603641995
0.5740927763111682,0.3408474588147669
0.5436256944398987,0.5222315478914359
0.4542130303249352,0.4028607904664954
0.5270462239634539,0.43256363946804866
0.4560769398515317,0.1887718754680573
0.5220896650783419,0.4780215526826941
0.6423147876402696,0.15116188901515515
0.40619039399880374,0.5700471190330997
0.6092623170540341,0.5500467691663835
0.3462289910968432,0.672567674094372
0.6070543377533462,0.2669896070078953
0.42869088338449746,0.4882586082520989
0.604602824917994,0.5272053606067783
0.44056984340860667,0.031857316083071435
0.6465909563022466,0.38888980897595676
0.4026545235648047,0.3048931471163091
0.6273674815533072,0.3417012069273906
0.32189857235226116,0.311614409535649
0.6315757039628062,0.5915581783218071
0.6626858501215839,0.34638427890324563
0.5690668577724567,0.3735863902809536
0.5611589379318168,0.40146886955179995
0.25696418646865327,0.24791942591297367
0.4335423655337701,0.4359445332482097
0.6556093800287583,0.5262431181417273
0.15630023166306733,0.5670651267904645
0.10774659947579528,0.3010797655215235
0.5868517668561875,0.299274295516862
0.6712212719934472,0.5019603868556027
0.5311727544354241,0.4401522154235381
0.6120598777358517,0.6454610577320983
0.4446512360407453,0.3885914711247506
0.07453713178610209,0.6648395578318057
0.27470879095397654,0.06451328092870989
0.4595354512059767,0.5208437147650209
0.45013775838411446,0.25046376306587054
0.03465084810265466,0.5668106014111781
0.5477594378579872,0.27694281482058825
0.5538301681257206,0.6117817316428064
0.5349249231250985,0.344282979847305
0.5097032423028394,0.47139895617816024
0.6195701679316182,0.4650275939300179
0.5143616980403373,0.4517658948887626
0.5465960109175779,0.4453594750697146
0.651955549013852,0.16128046769535642
0.44118024226352137,0.26254192492007916
0.45542618968122783,0.4966618494204473
0.6530837411343295,0.5068701821974245
0.44241026395886485,0.5699335571880325
0.6615411582200523,0.4678328581179161
0.665298967385406,0.40415757739055813
0.6268639683209165,0.5571943097570764
0.5023722489151715,0.4530379328136391
0.6719835230878897,0.6628744854872799
0.6891470384723082,0.4698782283950726
0.4759805176302472,0.6417462750533512
0.46197891126549784,0.09664078721531613
0.5851422599698497,0.5226978252030235
0.553094830639864,0.5293480995684723
0.4289476301371895,0.6835905692789015
0.6320337417939176,0.6085580586821276
0.16845294572116382,0.43930622034886335
0.5687201480879307,0.43928144216953635
0.5088049204095356,0.5861882702461094
0.1580346263008991,0.6925069679110987
0.06835020403861951,0.398325106119547
0.5604720065153709,0.39123339119473693
0.5911466573240031,0.0050882467821158
0.1277264258584407,0.39321813211915196
0.2880522845620422,0.32158891726603583
0.36179328742818834,0.44009572872122527
0.10551452901663749,0.6922004328337574
0.5754277251859276,0.4006724919673668
0.5745506399550779,0.16687298323609423
0.5862236243279938,0.36556336687556323
0.4985549904978216,0.3633252148750408
0.575779432089333,0.27094149908436804
0.49128928176850395,0.5887367416734776
0.6071624726253569,0.4516934141662188
0.6441713268692012,0.2700591496396967
0.11410651932729352,0.4350475590823134
0.5658907611399623,0.5069083459512971
0.5530628861455489,0.454845161216721
0.47674549072767697,0.15522252129202502
0.599395590304939,0.18871004662734825
0.5296349021640003,0.591994494728605
0.5562676286355044,0.35211203248350414
0.656765338871351,0.5586173663846288
0.5747260303769083,0.5267102654059175
0.46987573540210137,0.05626303156719471
0.5623993209025562,0.4103012486364709
0.6290091127009353,0.5835333041602903
0.03488113097607361,0.37104248433433173
0.5073127348754484,0.34258654741181105
0.6197669422961262,0.4368327803774917
0.4829886080138203,0.5908896311204636
0.41856041096322016,0.016786491675597405
0.6425991118602551,0.3530047708576557
0.11672175890999319,0.01661499959897489
0.3883648181485036,0.36732422573749696
0.2857970446762448,0.28296777693121034
0.5857223267121547,0.2663839896808761
0.6770115124370173,0.5450721853527224
0.552153483963628,0.527709534443863
0.31280352603125283,0.4527920321260141
0.6748593580098746,0.21806640251464932
0.5988669718559374,0.22127042394650234
0.47850648251649486,0.45532138874489075
0.5309317605183578,0.1401460933492279
0.5591754747793058,0.3885078527802431
0.36330127538819434,0.5706288352325865
0.4240019036591721,0.355367588241106
0.6406689236928389,0.06326642280116751
0.5696394145986245,0.5353153787702942
0.39470455092956486,0.050152901829220185
0.5132447827347131,0.3782917318358813
0.6433355827011652,0.3957870267361039
0.5828435518896803,0.494953701741435
0.2799243933440912,0.62791826633128
0.574590804943245,0.19137188594108306
0.33920941447477904,0.6138768581551752
0.5318684920883429,0.36069326767810383
0.2679752944397921,0.16567645415766077
0.5794802240760093,0.08650566824467859
0.16766200956596328,0.3543248335686684
0.4448290844196102,0.6056228092889776
0.18929176802674522,0.564714764890489
0.47298283545044084,0.5851419694466957
0.4940922475517477,0.5151133670897284
0.6303535747328914,0.3666282610628055
0.5705719806427393,0.6005753164618484
0.46529856251123514,0.058500822657159904
0.25943576355228737,0.4363045264427266
0.6071206580721131,0.2661670728905805
0.29012573209652115,0.4383568213468596
0.41176909625759606,0.468768401851328
0.675455458772015,0.01267253830381515
0.6518664152439682,0.4261246477823618
0.20548814470255145,0.4877610608863505
0.3983344230151485,0.40744762128142215
0.2837248975549987,0.5715133247112666
0.3636627184995953,0.15274833969139523
0.6057387869058001,0.3942616543187266
0.28563644782937536,0.305020654417349
0.6511212260859924,0.5888962020378445
0.5134424371313525,0.1493452234175801
0.5940091273115939,0.5290043673183813
0.4314559857800738,0.3099064340488297
0.5001100500845114,0.39098626482983606
0.5713731290631006,0.2235667876728441
0.30494855543337474,0.6226350540775214
0.47414811413242464,0.506657207284516
0.5949624785768481,0.30616042076145267
0.2919810287819187,0.3981199857431124
0.5362505626294609,0.09969596734123493
0.34990556162759556,0.17802940336835965
0.1586861911206371,0.07348100574328353
0.2927990955466767,0.21964101656445445
0.32172548008626234,0.0857382490654505
0.4761587357222826,0.16793900762867842
0.5304924168740364,0.30209826294416264
0.6151581089145429,0.41600069744658436
0.5337342632202038,0.1544723542178094
0.4207268306311324,0.12682501755059566
0.515998147708491,0.34417467972211147
0.4215043291890733,0.06446047583094373
0.19803968033388503,0.4726796496225922
0.0823279734146746,0.24414802662378557
0.6811989895181827,0.3931041711371161
0.014023717864746077,0.3562922515517253
0.4879245996888637,0.22557687638594057
0.4975111861500315,0.1253919589313105
0.6475068556091274,0.4122869537431229
0.5009040682988498,0.5565918242308422
0.6804897958824839,0.1860048299203964
0.25708136564458695,0.47034176442868586
0.38423535675702225,0.2884986037526729
0.20317710766944186,0.6665647851080828
0.5749773506318786,0.40465215376385516
0.6404711600227478,0.48782802246896334
0.5488936882606651,0.4106364165179582
0.49953083048657343,0.4097892379531641
0.37804911131214725,0.040805883169218495
0.18158642735807456,0.5348358031651854
0.3958368439174085,0.09214482543234309
0.48127886142937054,0.538107141369006
0.048701287228919476,0.3027977125168883
0.3734119749865774,0.5354310814983536
0.44409904736004135,0.35618027185164025
0.5611514213722585,0.6736719295195687
0.45805874905721805,0.6519648249018941
0.4651144132066966,0.09008301068683447
0.463645633934675,0.18220887720905235
0.57086066592231,0.17033979023091822
0.4865231630192595,0.5183838176233474
0.5998448946334702,0.43563982959710124
0.3598412519309231,0.1739505263803311
0.5680992161415114,0.4343474321799585
0.6084784608797278,0.3927875158770052
0.6734984622897241,0.5141901774808094
0.22135667763277153,0.5810712893090667
0.6457265779224518,0.39787356490619585
0.6925371895263208,0.4208809095274376
0.5367452521395975,0.14710170443111018
0.1734244256700208,0.30226570885481496
0.5466362774083703,0.42690968790092754
0.4247443076667242,0.09198861527735433
0.332572637269251,0.5789687843679774
0.6728439370789936,0.4770341008965408
0.16348426085269796,0.2947438518105291
0.42104937708184836,0.2964547308706569
0.35897342835518686,0.5447657667478502
0.3903075593829344,0.6333733914754147
0.2828025693362933,0.46136946797585915
0.6664098775493188,0.3588558218441824
0.4443776407857628,0.44031678699338483
0.33764010221733415,0.5553639978754416
0.4536432559856833,0.32303740190180796
0.3080728661026821,0.26588088089224166
0.12473255961711316,0.2754990321159615
0.008163812909372178,0.2702344586510902
0.44789165920156354,0.3786211781814005
0.5793049878403888,0.61517892871568
0.47711545183713394,0.3091689406337035
0.5174378381244051,0.45760547971320914
0.6518129151765687,0.5002934404232333
0.19441624819952497,0.5026518557215092
0.5372375292723792,0.3736994485337907
0.02183473625104925,0.34353356445341526
0.6708796520986293,0.3392832664312641
0.6018534370753073,0.6251359580266581
0.5874920039611401,0.33180046346560677
0.6653720778331873,0.5394553220661994
0.47825121242318686,0.33251365199132243
0.6760341048147454,0.2400895945272167
0.6190516900840346,0.5937616635591972
0.07006262364416055,0.18035916267635332
0.6040337624057285,0.13714696645314986
0.006256902623333047,0.10861344244104337
0.27421852415059916,0.660000697392162
0.47864260784291546,0.4737093641871463
0.5364224458694075,0.18870913365614223
0.5495648785128194,0.2667099464626337
0.33685386649340376,0.5773870611668025
0.6803599839900585,0.19708357940023477
0.5238801975561633,0.34398171888280843
0.6178306486731733,0.6378082321503448
0.5909731175407413,0.3100965662232847
0.5628839794792055,0.05493353062438633
0.5875115111918895,0.6541740641246925
0.6325905437302792,0.3351174507644869
0.44605681896420346,0.22763383827296352
0.5751760852463329,0.1836432465441724
0.6304173793436378,0.18140489041113175
0.14582320659134013,0.3206987609276742
0.5450045226818429,0.4181710283693813
0.20151174389148313,0.6720851171324012
0.19558198100274848,0.25577316233728814
0.09793244604691156,0.34569046414841553
0.6266317535740271,0.010931636164414338
0.586786432425491,0.49416140762125393
0.48525883239378936,0.42687271787400477
0.43495916524848605,0.48615497415638487
0.1592496218695756,0.3055656325991457
0.33422530666203826,0.1367321240369132
0.657200803088453,0.13039305932546458
0.6294231745505965,0.22866062229233006
0.5623258954237154,0.4998495784959065
0.644558230410597,0.5693488724910465
0.10788366005600084,0.6214236121291588
0.556250332169486,0.14392980514630832
0.5344849388413027,0.14786086677873167
0.30448544253205045,0.237959400392103
0.3696944975012223,0.40602688588495983
0.323765564663276,0.3144802810294101
0.47487537929873874,0.5014765378733687
0.5788081678757532,0.594754451784281
0.607625205112384,0.3611174928181257
0.6042476474443651,0.4616515567560799
0.1393542033171234,0.32021045411328153
0.46184752457151695,0.1273922329532306
0.3432235699366477,0.40609079809867454
0.4881087223769897,0.3717498116359856
0.5715985902985723,0.557402852176096
0.5093860632301022,0.39151971772255456
0.6859066920104536,0.18909850363496641
0.34665100125738696,0.6580434047563939
0.24922937540748286,0.56102364326251
0.655423556007776,0.6584182525544542
0.6125581471024516,0.14919482876916146
0.4441765518073134,0.4976498729094783
0.49677539913092283,0.22897398692154441
0.5369645481519076,0.029757159597100673
0.6742392964488122,0.4382331762759317
0.40633322518533055,0.36453640262772136
0.673164179173156,0.43460519817553295
0.6732563125832068,0.3471493556387043
0.5153761889722127,0.45471701525301556
0.6558704979511413,0.24858201914085465
0.5131387434048493,0.4976254057423413
0.35201589776502185,0.25874365580799075
0.6079290732204605,0.6869399301738328
0.5446033948390542,0.6668953980418133
0.4647641837411437,0.26503154336422385
0.36287381277390496,0.26512781677945463
0.5416426846234631,0.2927833545961555
0.3465823149803249,0.06304268108319916
0.5322420393997801,0.2520798068816925
0.34675030448101757,0.5194761612098646
0.39021602035094693,0.5399255791942454
0.5065300062553626,0.5922284636304833
0.6877836498008366,0.2348849914993775
0.04944605602050715,0.22575458552332445
0.40263085824218603,0.41849244896646903
0.3660114374249591,0.3689385100203342
0.0837213973861087,0.26961189822902193
0.42361051606293887,0.22720849472360066
0.6159329003966258,0.13041280696145183
0.04057967220996472,0.3306939033446069
0.22818408989390399,0.5317873593304085
0.3056290961018254,0.341921434616315
0.4499008154362044,0.04448302618306129
0.4146097448375819,0.4817635810594807
0.46889333876295103,0.5830651698091384
0.605132545171225,0.4710968089775204
0.586172210085171,0.523166037734714
0.6437293043620306,0.3807273225434759
0.6056458470025191,0.2855323589074415
0.6515005543209375,0.3990034449378817
0.5654921117531114,0.5453625687690201
0.6724937287738154,0.5700998574568985
0.45586422735455545,0.3443962881922208
0.1995297685299974,0.6454325392686537
0.09829695520822922,0.03074359598371305
0.6903226438787669,0.41639537853200875
0.19633573059103393,0.3934587162737856
0.5346405090297786,0.6213933502684059
0.2006303524612315,0.3104547219138362
0.33029492120078985,0.08521104912917662
0.5917199107698884,0.2438759256825015
0.5444216248905576,0.34967423614603776
0.2346548200990572,0.01946228155409436
0.189187197166492,0.3711294099199894
0.3778418865395191,0.6546607175846656
0.6759277579592655,0.23483368077681038
0.563235912782746,0.22672897046986934
0.524087031527358,0.09796714662540751
0.2936462669747554,0.005198444875514477
0.5989566326328184,0.49208350422355646
0.6404393414196088,0.43005823499651935
0.3556170832378705,0.10490442922748236
0.37781445233527644,0.29241557644219396
0.5852197040212743,0.5239296910108764
0.5656189044484738,0.4995295539826288
0.024241846970506145,0.3796769166417046
0.571169885754532,0.4817329106825775
0.4959493289971585,0.5193897267526535
0.5842763535544809,0.5284844435856241
0.6537524193044062,0.5929685519040588
0.39355494129424834,0.03925634912835838
0.2541462597164321,0.44777243765399205
0.48360077218493985,0.555580702276672
0.6018882577909497,0.6333770304121983
0.37342643227821065,0.09802019526084696
0.5158774093383414,0.09389052823828908
0.574095699390636,0.09623292976926195
0.32630926987928105,0.10838926836350068
0.042077646694162474,0.3775503691896462
0.6049160596392871,0.4737611668527363
0.5537183848951777,0.4416528910599739
0.6709064754483577,0.622986750073475
0.5018169282054569,0.39443760771800807
0.4901690318103393,0.08330833237080937
0.5716069577081411,0.03174363046346465
0.2828985186127737,0.19266789466420847
0.40839829097200053,0.45490160772690513
0.6156029791562807,0.1949040722266709
0.43885083804710134,0.029058303216439776
0.6034693422841193,0.4490493492678864
0.5304365168125512,0.3777124110383432
0.6649475945879666,0.1678238748727937
0.6559593859587022,0.5906071022898747
0.56948190465423,0.27566949234833005
0.5005221797165769,0.29779192761573847
0.4098846093838763,0.028562350248905174
0.6509797335443983,0.43350240466723794
0.22633479587908836,0.3490664116012987
0.6054031752300681,0.22602761170053293
0.15453771940910593,0.33327091691189414
0.6038945347322258,0.24355201632663773
0.49241792980784727,0.31809312823259006
0.55421439981743,0.30432496342697246
0.6468244661043855,0.533805498833763
0.4850462692182522,0.4274081179764013
0.6671993473906312,0.5438892996201306
0.5944744456965756,0.4447392377490036
0.38833485673870916,0.2888873788078843
0.4199957253129626,0.3939265028854876
0.5837952723623164,0.34822644799901287
0.39714475977012753,0.012677475834429408
0.16617584719128226,0.3798385414494307
0.4327129621355428,0.4490641390884589
0.5010837844567351,0.61131266778992
0.2097825597404906,0.2484822820898972
0.5481446064108597,0.006226640661787013
0.5037865269577602,0.4659384985763474
0.241637056844997,0.2563048587503087
0.1409117826889466,0.22335250988670252
0.40371418106055207,0.2632989749997963
0.545601854231554,0.17499670045137627
0.41636988281528375,0.31402387107102714
0.6607406337722633,0.4220776024326631
0.4917424571752277,0.40912604460457636
0.638580633160364,0.41393398066274323
0.22823373226143728,0.6344943612545709
0.338913139552903,0.5424807213321268
0.6351708630047115,0.21824208700850595
0.5824848136875521,0.2464644384820146
0.6508069339401457,0.5333518124569813
0.5814882008969249,0.34654360013222474
0.6728597279650445,0.670748487258107
0.594200401189554,0.3935234632573394
0.49867838448131135,0.27361003085593555
0.43956883677108505,0.17656028339665092
0.5281971731176281,0.35694003914412825
0.559653226987523,0.6544573017010495
0.5299303009006946,0.4467004821105513
0.5958717074181058,0.4478331365206818
0.0062567120146169875,0.2960389561193788
0.387287269334189,0.23587544086237497
0.6154756741094951,0.5120519003656184
0.049102780295527726,0.46100963115307586
0.42100911472617736,0.1824330173886718
0.5801837680834566,0.10354795537079342
0.1793888502257565,0.0588638248113155
0.5847050927145652,0.4837465442031238
0.6348618151227605,0.3158462685138008
0.599819798209225,0.32624267656987377
0.4775439448521285,0.38222918563554537
0.3667929420076518,0.5174149746587234
0.4787319142840658,0.6651044897218621
0.5992167674268057,0.5091333348030853
0.567989677044078,0.4143807101623699
0.5054033784803713,0.027671352404873534
0.53725255135325,0.5177155505213425
0.3821713775848772,0.10869808108219604
0.3219035760465056,0.05658388397592569
0.5455286644304574,0.25993583226932776
0.4198763726674627,0.366962902775358
0.5234282884914714,0.16518480553722087
0.5063279794143702,0.5603095513088829
0.6800543834792159,0.6205562548704764
0.6069429650106503,0.4354882755652652
0.6169382936868051,0.24017136595748645
0.160316957896555,0.30340803453807735
0.4518393736802861,0.09216585468805412
0.4469867060497037,0.3678446587426233
0.40064852818556823,0.1802486086470511
0.5968528757048439,0.28694642203087195
0.40839834931014196,0.33529805540330515
0.6900768288870239,0.2271227164927091
0.6599400778775768,0.511536007355027
0.5628058372437522,0.5045091701502211
0.6130224825006623,0.6980117303220451
0.4415121255161151,0.3529197173108949
0.5807181086113041,0.6900168285519837
0.5669876233980448,0.38660923182034407
0.3095828593725232,0.209170635021948
0.19291416423573393,0.5235451036349248
0.651418801315024,0.060509052661215784
0.25317938985915217,0.5970945180993871
0.5083305995740818,0.5238285630972022
0.5007741768342349,0.35281388128094526
0.284992518148253,0.4914751851727935
0.35950266797362423,0.5421896537328197
0.41756904345640367,0.3394190487754586
0.531348687955489,0.34662080865434963
0.017761142683076853,0.3799127682432043
0.6100394231060203,0.633743936061744
0.12712559877734533,0.20248016166081217
0.651970425465978,0.5667517740950341
0.4869683598644113,0.26227090980393714
0.6373904014066164,0.5607363685089464
0.6232345193074488,0.36761940991664843
0.6635279883543242,0.39773706953049576
0.6078694702724721,0.012432627286034365
0.5481484186883978,0.0781375743871725
0.06260821328468741,0.3714354483323679
0.38796484810889875,0.09898513594067057
0.5986043388130423,0.536545234785141
0.4371120125167606,0.4799505568479268
0.5929972414594178,0.20953135815828286
0.19137540414520166,0.29770592415841945
0.5165334102116257,0.4743258942340928
0.6770468700687643,0.32839630432152733
0.17806717561080615,0.5115637209814318
0.5950569154581531,0.4833266247677974
0.36053039751813365,0.08134121971792346
0.3231509148482855,0.6180102523497378
0.6317026311500878,0.5856228350281462
0.45361278782228465,0.390952029092761
0.6744991546994001,0.5388007282250112
0.18112085920706394,0.2871780807359928
0.4903863116131999,0.29264288358489793
0.4686720902911158,0.2552127180276236
0.5265175723420291,0.28664187525714935
0.5848541154368285,0.4312706938155795
0.12189359635611338,0.41054235799290034
0.5237111456156817,0.6494706895698157
0.6927312819099504,0.5862057418725228
0.10659274061664636,0.2587238366773334
0.34948985158873497,0.16235790324841526
0.5251750543024832,0.49597507040122424
0.529427592289484,0.5116390674613001
0.4820964602014428,0.43090114221357223
0.5256400544948698,0.3977619881512196
0.473951368920593,0.6588854068388345
0.5304532694561304,0.27525916888969726
0.492729356167777,0.3694796060661372
0.525902292797512,0.560154034596656
0.5295675446632181,0.3553800426381333
0.18740470372601856,0.3339048304598059
0.5069183402616639,0.43781862143258116
0.6023852349598008,0.2827338797240877
0.41638580147772036,0.3800504350541254
0.5713769425173871,0.41614808428289896
0.5347055626818344,0.4181849017398987
0.6311725272062471,0.45129063537598063
0.3512328320767293,0.01668509883624932
0.559052134523045,0.4738219780849413
0.6164871648119745,0.026339918002045784
0.5333657909580838,0.45866342517689834
0.33215269576644973,0.5950382845410105
0.6699304742475596,0.4641346482359527
0.46764136767315373,0.5814997719582401
0.6167855867093982,0.42469372381607384
0.44336360243582723,0.2569138970893493
0.44496091368570656,0.48546363203121434
0.30528596982351847,0.20624097698600885
0.3159765713228505,0.22379361559499497
0.17763544605706258,0.03418095920070356
0.6636713575137845,0.4831931973905869
0.33460855293741837,0.14697592531198173
0.49058720051932414,0.4388833253315626
0.5623574363366284,0.29986305481730974
0.4561659041697907,0.13119122041380724
0.5506111474267391,0.3331060025501408
0.4574806908639007,0.24702969232779043
0.39288633980284693,0.0862495332760432
0.6137956795144599,0.25787248491283943
0.6631064136329973,0.31230149885577124
0.639620064393286,0.33949511938216137
0.6172210742765553,0.5847644609600402
0.676643408690754,0.21688373279415984
0.4103985272505711,0.32381479469034297
0.4815418412515938,0.45673097880818847
0.6611477574596816,0.487744234932648
0.602004438381927,0.2173033290113104
0.5278213295057832,0.4565866591911667
0.4520631293954491,0.11040853638548696
0.6351058591726462,0.6267238446367501
0.5303335609838539,0.4350055447587597
0.69165049842508,0.47772236789176975
0.0033883218627532834,0.36299253033249157
0.5354461918491449,0.5421458303921118
0.5356431991442991,0.3369768226143489
0.3235776788419823,0.5120285911058187
0.5979781637828503,0.147508844243624
0.6397939274635214,0.38685203925901407
0.38384674600563223,0.4975155647703876
0.5340624488591436,0.3979544023311872
0.28959235525693505,0.5849278705523078
0.49241429633463857,0.11617927479485753
0.21309794654357,0.46311268197114186
0.39680283123096305,0.4477284603814203
0.3945204015798,0.3929725492129065
0.6249504669916645,0.2656745250642589
0.45696413599332314,0.4040730918675558
0.6235738002844843,0.6259785322969286
0.5965807137196986,0.6866920644712118
0.44343410949294015,0.028849740878721407
0.49444078630675387,0.3609727120125291
0.4989202797961887,0.10116875901528659
0.21918583284079746,0.4424332565163513
0.6670307802420068,0.3932261463530724
0.40458504625100267,0.005486910011005673
0.5759007058105258,0.5144106204928814
0.6780360552027922,0.461244342321068
0.6529215466937801,0.5406103078095754
0.477640743716848,0.48775529163785963
0.05624302623033356,0.5306249855602139
0.6068105656102531,0.5699893266235839
0.2873036458249244,0.4020910824777227
0.48572533786964234,0.10267876631591881
0.656644848526822,0.5764396553287093
0.5677526230975984,0.37154288166295113
0.2647145584609841,0.5678938298355938
0.6483368054388032,0.5277617730929174
0.6009038227375859,0.5335743249382079
0.5311343311215536,0.5244290604692304
0.5648849430054633,0.4793411138456858
0.31557154594650916,0.6628772653036511
0.20860152646167124,0.26165455408209254
0.5732921980500478,0.35457707331781
0.5931256578419535,0.08504338370446798
0.3864305050232446,0.58755007308986
0.4702279704515536,0.3948569101529488
0.42104710439911786,0.2785641492716749
0.6413069619216565,0.48409926875182036
0.45598753203174097,0.5227586108278536
0.4842912464387918,0.09545815421889597
0.5080674966057068,0.38554648948146153
0.438057682541229,0.4827200830272203
0.3736946152144054,0.33625598128851253
0.6627247528348211,0.30160239126919774
0.3090611916967214,0.6542005144165194
0.5142357762028119,0.0905379455352076
0.5837662742316604,0.4602042602492057
0.006300397838470639,0.07451118784864291
0.17165706706767436,0.3794742408999777
0.4008227107094481,0.22886482193412064
0.6641516118465479,0.3844097558602869
0.5629356877702578,0.6276167412484127
0.5397140771666893,0.30796875327118506
0.38992692748511254,0.15135701345318262
0.6478203437792558,0.24203367681568594
0.22404064246894412,0.393772781690248
0.577581295327975,0.18152416637618263
0.10020345992599611,0.0037294010043114507
0.38293670134437197,0.2999943030968997
0.5715733932720306,0.27175393368882456
0.12439132709738138,0.3653778609055178
0.6504280186523332,0.6833305475892494
0.0940898333547106,0.32341997194386196
0.5517270121777242,0.5224610182967492
0.3211953525510892,0.4018085224027554
0.21436396664668428,0.6029961858147261
0.5731532599511991,0.3045786532420014
0.5887360345842244,0.37664711875377094
0.3613040781182846,0.48231728484163716
0.4489670753813597,0.4323700119912056
0.4001811911849771,0.30712073295039266
0.48152432516055366,0.4842538401513512
0.4612704794748374,0.32465716029805103
0.4761465949652639,0.36680779742186076
0.38132931798461867,0.39875350506141277
0.4951435127514002,0.5263453180756076
0.2617395452342717,0.37882894629821323
0.5739215331046522,0.47797876566510666
0.4047959695525639,0.2452957664009012
0.03161023278745659,0.32637635363248646
0.589746571677852,0.4450456801752113
0.6773312090558959,0.37528453367749776
0.5309162143618685,0.5052861834185877
0.3699407883365442,0.4826221621663456
0.3772518226892184,0.30459582313354583
0.3983754213953062,0.30096139415583945
0.5277832213533318,0.006646910156088703
0.45633120426907303,0.37383622844061937
0.47816044338836455,0.2879611201020746
0.06656500501865562,0.5333628947305985
0.5685055444341394,0.09705772762459385
0.0064468052989707925,0.3988221355802973
0.3123082337170465,0.06006653095599651
0.5455767454193401,0.4071840582753855
0.5667161122928838,0.37257094654177614
0.499786397769546,0.09610358055676696
0.6675405672157535,0.21067249283562367
0.5511629808553609,0.43405564167625554
0.10905864436275371,0.6122757068364945
0.577019859743775,0.45294675087669806
0.3827748390473244,0.23844563085128542
0.11119152509598305,0.3981755117699538
0.6080434855497449,0.1337943453928055
0.6162397082910311,0.0027758870388908327
0.2740709574848223,0.2537240499945877
0.6228230005999476,0.5359970956804051
0.6651765560970829,0.20124521812199375
0.4212665430208904,0.09685978579608029
0.6693856737039919,0.5027461034897409
0.6522446987330388,0.5790971585509074
0.5819269724701356,0.46051792414155307
0.5458059031374811,0.5834870390345647
0.45496034644618855,0.0732979354180763
0.2769235055858638,0.53870244866322
0.1105004430941863,0.5563512024983049
0.5823720366485059,0.524161131737962
0.3499258666403429,0.11922647667090694
0.5621259903787055,0.45654368798857065
0.445009944869087,0.6845601510749608
0.25914643388654796,0.41397089505138956
0.5514803014613477,0.694717859653244
0.5881811429081472,0.3352646810462495
0.5051415447630195,0.258196169368638
0.49945764991535735,0.5570648576021916
0.48547049585043617,0.5504092579007952
0.6380537944983007,0.4164239057976753
0.4131726408758006,0.3992501060485216
0.47165100018305867,0.5333282661485332
0.5012708268411152,0.4821158166516864
0.5310962594857053,0.5435198527536697
0.6273178415771229,0.3364497981902025
0.6569827112614013,0.2750819315365074
0.5844575211759206,0.12760925293044545
0.5971749862635795,0.369592747045189
0.6975622363688446,0.5037981494938675
0.6296722812669738,0.2822807878236253
0.6462100975103483,0.5651898724963575
0.473506289167132,0.5763512101343757
6.969190863126244e-05,0.2553774005121443
0.4563026662798717,0.5225354104816273
0.42905866332961484,0.05716180308711703
0.32843032951523976,0.5841649595436125
0.5352726898944162,0.5726368130744511
0.3916099161006057,0.37597671479240513
0.6719771623401717,0.624937743759153
0.4977884899910805,0.5721679925670992
0.5080167421535395,0.28104730293891184
0.5887652347066883,0.6056432214773628
0.6276265407213325,0.32814391780230007
0.49849535942624984,0.14441799522527204
0.6987422305598125,0.1524131356775855
0.4893929586732958,0.42246533880159376
0.5887136933065429,0.3940239185474215
0.1486819738987314,0.3049503543221973
0.5083875823507688,0.0073097920393159765
0.5744100224394855,0.3862318413550044
0.48396068385628266,0.592273716602169
0.33535106425098316,0.020142922662997623
0.5713680614492251,0.2741452201139836
0.6894616764810405,0.3617798911520697
0.6490201698000302,0.49110735985755416
0.6026600562524387,0.19895622081762587
0.5320889039802046,0.4151175909404847
0.4767726239576013,0.31940484995820195
0.30663532305978614,0.27626967135121455
0.6330786947934355,0.47857496369736524
0.33492352255142316,0.250030571939563
0.19692465343972415,0.25908871337300987
0.6219611801766016,0.012577438450964595
0.4909425203830624,0.3049615797865072
0.3835449462458725,0.00790671191033318
0.6410410110272596,0.2651636976018543
0.41578375427954173,0.04672518428496244
0.5889352191317989,0.6176841956673647
0.47991674294089454,0.37502920501004694
0.43090903654411894,0.5092335877296187
0.5119595967287385,0.6912404174575826
0.4935346026622004,0.5551449176064597
0.44603397597109734,0.3735203117205738
0.6159252937227906,0.5957523053948625
0.6869277882323845,0.5028109630075518
0.5590593717687988,0.5030743956471554
0.5918613434271011,0.5586440932146055
0.4890641084442257,0.5282670235024909
0.566593502644487,0.38719458832411197
0.6294165249794008,0.48950135985302573
0.2144183974269914,0.3449397301392051
0.5341115146946731,0.5032367829027389
0.5839709553667125,0.4950475586935825
0.4194575786640342,0.39469681159011627
0.4683777158801532,0.32018811790443064
0.5728012823457185,0.659326932155705
0.29974632290066505,0.3739295275446279
0.4702877753217334,0.3240969283523533
0.013144187839675794,0.25217514516346784
0.3470365559135232,0.25688495256848753
0.15081691059263697,0.6344631686741895
0.6661404827082138,0.43211547180551996
0.49083423880576627,0.38484712396488174
0.31436344508529146,0.5334284720320512
0.28525289757764705,0.36376677422984943
0.6752910311235281,0.23350226615007771
0.028502207928830056,0.18765209129015908
0.3462044214502023,0.637712271714286
0.1479757010540813,0.5147604489086515
0.4771351913860956,0.47313578660446287
0.03678489244816444,0.2115589768888107
0.39849705189048445,0.6785938353305673
0.49625124993119774,0.29964193566735675
0.5829998876628604,0.25316997848746214
0.6218809585703549,0.5459663101129563
0.6433747909524095,0.4905513516102993
0.5149058707047376,0.6887429978570428
0.02650006687144687,0.11130337883190067
0.5280368139627476,0.3441752078469757
0.5136119881304522,0.4610106397754329
0.013896751015079117,0.009478160675647891
0.2213488461643756,0.28509153017780997
0.3350412392580814,0.38487223472255017
0.23849569490154332,0.5680149309341164
0.5086934305437363,0.608767731285625
0.6228049886169784,0.5090486780242162
0.41242874757431125,0.5608372803358146
0.4831795385121121,0.3820639832832553
0.3011538129756384,0.4250418446092159
0.5277711381094663,0.5412506180824251
0.18120577476427624,0.581028424880709
0.2104754619213589,0.6039274870248779
0.4457026942757131,0.5126067663858849
0.6351728281880731,0.5620367831104733
0.6518292060910615,0.13204650154145717
0.5785028175928484,0.29728130134580716
0.5011200877551409,0.09236850170982117
0.5875721358142822,0.5949401340922127
0.5155192667339147,0.012561654900963514
0.4091806382649461,0.5740809709408541
0.42527506142562077,0.678655651527528
0.6247769844906673,0.340851454903544
0.6794523157748258,0.07086719697878172
0.6343094258265621,0.4052479104260413
0.5600532399027134,0.5673878629702273
0.3840941900392405,0.041651939687205125
0.5039718155217732,0.01052379911217111
0.08093625873408432,0.3712706063836829
0.6410711523208227,0.444574168585441
0.4861720110759556,0.3571303538311677
0.6877425120788774,0.1610262432061369
0.24075852036591905,0.06048212557751174
0.6277726779644673,0.23708272547125225
0.14762236930872297,0.5729018614224816
0.30675892394848475,0.6096674486973144
0.11586074937558967,0.5122115735097925
0.6014153865617817,0.002402489721407039
0.2518194689519255,0.5567876997133357
0.45756188292281197,0.595642060514919
0.5666790241879132,0.6340750439725537
0.6370811844195243,0.6492020372562908
0.39849468440534563,0.06948001425826486
0.580532512208065,0.4276013667931732
0.6031846390065156,0.38576271382719607
0.46963514117154576,0.48663648309528057
0.5340433237714943,0.38946338727861596
0.2515201359537334,0.5631743611401722
0.6594807049571659,0.23182265389952197
0.3296391970478283,0.21087984666534343
0.667807279247851,0.15689737216840915
0.4759411759753811,0.2818262027824423
0.601229031028128,0.5488209802402478
0.54784945273404,0.41179152465192603
0.5028366219365098,0.45645611333345376
0.36730268210438133,0.4961617919099902
0.504975479519266,0.30856821688927655
0.5993428340956132,0.33912913556467417
0.2870546610898663,0.3310262289698936
0.6321455046720234,0.4303648413021728
0.5545907196958629,0.5326725695875502
0.15630399278567023,0.06529937061240673
0.2937273941419536,0.3987744245346299
0.5873722153546072,0.14041033269187897
0.3015752511017332,0.12294506319058437
0.33585009838027885,0.2946145255687271
0.5898841104947401,0.1390043084045299
0.43508998002674704,0.6215458535185604
0.6586542347189034,0.5050500233558252
0.4490063095512981,0.11530262107405952
0.4250698721286557,0.39587463874421547
0.338699576272314,0.4326711171089534
0.597861571498857,0.3191496720943808
0.5703249043871339,0.4976172542852938
0.47538256652438116,0.43071494720534975
0.31259463900308193,0.5424564316602524
0.04490851487251285,0.4338983851880309
0.5103112991067587,0.5532629117796197
0.5962920718806544,0.22782524973114793
0.5840326816840818,0.3442133651801604
0.12986160320399373,0.5094263621373725
0.4473225818662623,0.5004740486127229
0.16358051416446254,0.5135204619387913
0.5398611402431079,0.5812867306352442
0.39312537142809567,0.5892597374499071
0.6479071793684056,0.5676627810322208
0.5778085900075045,0.521574151667271
0.03074052974772215,0.5901378795043979
0.5026989283567697,0.6713429952179413
0.559222361663454,0.4546719521863569
0.4348127183693531,0.13192730338185366
0.4608399141789237,0.671287023578887
0.6837718259082396,0.325719064160656
0.3042442764951234,0.48712535731468903
0.6465029043197619,0.3957453563144492
0.36572446641370443,0.2923771225187054
0.6632073772560548,0.3272663192655437
0.5488734329128351,0.2890997146997928
0.6285202817197996,0.6056594841933026
0.5599831928977905,0.26710386825214577
0.42740623032714514,0.014094765964839134
0.5609119536341459,0.4863263106439092
0.16176988968775996,0.2092338465924568
0.4647751266588026,0.31620814624954013
0.3790154512987157,0.06315692689322977
0.19961669066849727,0.3432393425994612
0.5258011236510467,0.45672940956778896
0.29981104692301747,0.572016777559776
0.48432226022017416,0.4459967735667715
0.3227101318960862,0.5464889500930853
0.008222933543373931,0.13378946945864106
0.33259670120033874,0.11033701438987945
0.34469417753357645,0.5552367422900101
0.604411270353967,0.2884505190332096
0.5848122157123272,0.6653081091333493
0.13970169121643414,0.19534824225654362
0.20229466178552677,0.5762534976401038
0.3580693996756502,0.5846690963081638
0.41514276311847453,0.2355568645225958
0.43542931858587525,0.49142799250757996
0.17673001772210395,0.3403149265823404
0.4166346222840829,0.3276983219734615
0.47840132348701503,0.037445254648170403
0.512018601279444,0.6918947803620417
0.6564818551812209,0.2790293446868076
0.4813920315570255,0.30412323261815966
0.6180033145943704,0.47573661596899103
0.5443877791937879,0.6169115814550423
0.05534125913672008,0.2226226476925096
0.5263627176076563,0.008349003569525393
0.40331060501204674,0.3908703220082336
0.40420449688229715,0.07706535457313829
0.5579046880151136,0.2701075458664693
0.46472883769168843,0.046577592736481
0.6100013874516224,0.09321463360665737
0.6731804349458588,0.43629634095876824
0.6629718353189669,0.420554295063758
0.4440726320372238,0.5077219979655083
0.5800075288972875,0.5262769031872156
0.16549990679277868,0.6927620598594376
0.5387050534314384,0.6941517420094757
0.5772701334123285,0.12209820557772279
0.6370220394902816,0.6660318070851768
0.20764961188824246,0.4234808155279183
0.08884670932361294,0.29399091678948047
0.11721284042987448,0.4869018170158016
0.3590440192337841,0.5798515141527785
0.6763864106761138,0.3080869506993472
0.3777892818622202,0.322106441688837
0.5519412345442929,0.4980528077087779
0.5458983453182874,0.49751597640272255
0.5023561182111842,0.3497108829958784
0.5188787332672244,0.5105502527972547
0.4880662259293077,0.6008597115829053
0.4758139550408038,0.5220356430511557
0.41221187724910324,0.509996966943136
0.258161907721921,0.6413753545457674
0.5849923688744494,0.47384812140895743
0.6099063667317878,0.462458986237371
0.46372730924897465,0.5305998629386116
0.5260742621219415,0.019920489255361593
0.6385237178818167,0.48327407681121726
0.18171749332440593,0.17927950590245625
0.5466448566866826,0.01713136440181732
0.6358636365219136,0.4834788814458151
0.5834945154095069,0.29878188637669245
0.6372906558918126,0.4151045906605666
0.581852219897753,0.09940880665847959
0.5389396071480576,0.3843453403686059
0.3387580053870427,0.13897547866067295
0.13299855373770292,0.6109636600760721
0.5487838001734942,0.10334487132522864
0.4947939845988457,0.03624500926404651
0.60819415804677,0.30012280913934725
0.5048777386110103,0.2566292374811727
0.4745283028361891,0.30986834462082313
0.04653196381923656,0.167686728868446
0.5331233623127363,0.6831707724515598
0.3672767364864268,0.43773068402244497
0.5209720371033493,0.6286951257346655
0.56803900747186,0.578281927493242
0.595309062587252,0.47831263620986586
0.4632578890690605,0.3226271664218226
0.5965694860836721,0.6393447222611822
0.5415588261817625,0.1277252062353351
0.691379796837339,0.2679748662919862
0.39001578384141683,0.350169985621109
0.6883142913802391,0.4421372822656722
0.6453158061538012,0.16352286603019223
0.001358179051947045,0.3437387266977383
0.676641823895098,0.5792996269043821
0.13206165622980034,0.19608068013222937
0.649974903403831,0.4345812377960872
0.6727999992272388,0.28361524182721964
0.4824780544540887,0.5622399626670995
0.1100505614736384,0.17936460827187703
0.28728456181558426,0.6101978747466542
0.6332735946323182,0.14371321195047632
0.6224658214625198,0.5638506266178978
0.6825065981282835,0.06492085063287512
0.5060244939937093,0.6171883071113935
0.2987816520972572,0.5213979886896176
0.5240823081887617,0.42897857831180486
0.5498898943342557,0.4308903332245472
0.1694207390342023,0.11642723104993569
0.20921705693082254,0.0695658364799846
0.1915547141678266,0.41868945385903017
0.6338623646845041,0.587218955528738
0.5007171621974921,0.2630277554751754
0.481153098533445,0.1412315379755851
0.4180263156034134,0.0038735850054407786
0.4084387429354142,0.2570530450185649
0.5291536415585276,0.6916579934661496
0.6275186375014107,0.4968501780086231
0.45675137495652884,0.6337976998132714
0.16969285440780868,0.4743608569715487
0.1885190506229043,0.5007525483115165
0.5281833750865033,0.5568704009634378
0.3735533390899628,0.49523633909161957
0.6333760383296085,0.40762781482967203
0.4881442561434545,0.4242720004474177
0.6831387366079726,0.6458874347026645
0.5619694470265828,0.28907568051315746
0.6018686262929612,0.27489261423360534
0.3554178626827402,0.32568728735533775
0.6252820817551027,0.5956184103803092
0.5118037409719759,0.18341640916838878
0.6793012913988355,0.43016432741725774
0.6103943351787567,0.41100429546634576
0.5229865793144074,0.5037913451166094
0.13597828286859126,0.27502719025847067
0.4692408972426689,0.4639884105877808
0.6423288935255842,0.5002303112214679
0.5385756716526987,0.21958177708745674
0.5189641031199849,0.2785205480398202
0.47648198318475815,0.04719173068219947
0.15344072537323808,0.2849113370410942
0.5256928398406007,0.4473160016362807
0.4946816966133136,0.2586285988609166
0.6012223514003265,0.44079487600973927
0.660129095520443,0.54952569312397
0.26453900685066895,0.6163478206026374
0.6862161327461198,0.35199336769883616
0.17322219357976976,0.287084656823404
0.6775039601579206,0.6000459665492607
0.2091671540985816,0.51642496757392
0.5163907132068268,0.5900877542699514
0.6929895901923889,0.5215060360700198
0.6978604596147966,0.5915289065412385
0.5869376173196686,0.5823936808181065
0.4708511863745195,0.5109617978102475
0.6555167412736718,0.4894493027882723
0.4183806632713817,0.628721537190173
0.6994876052131236,0.23918952643713434
0.5401039220915118,0.3789840464286427
0.07602534072664138,0.03401511735142864
0.14779762646841774,0.5118771108437977
0.6615502234335033,0.412614737038309
0.4096914174571711,0.510817657038698
0.38165220630883345,0.6230038370608261
0.2124025061856476,0.34653674911056176
0.4311664310594318,0.5378746775793096
0.23375003649856665,0.6507580536193178
0.4185395370873736,0.4611212344458032
0.2782879145530549,0.22917402081288948
0.4856310619358124,0.060803476290229204
0.345649562935723,0.5279414439623643
0.6241261275334464,0.37483269796144125
0.6617983128821542,0.18755843460282404
0.6407478847940002,0.524119523965298
0.4616002246666933,0.600833018568804
0.6697921229775059,0.5608743136479569
0.4635738761510066,0.23915989952352373
0.5916343211482896,0.6569168960445771
0.28611144417719875,0.13151963779854095
0.5876312791939579,0.49562585149120436
0.5959851211158984,0.2309640116829019
0.39098448662664725,0.09186471612424385
0.5053892441894418,0.4322476162046698
0.5819542819845069,0.27503508957375095
0.40806236072445345,0.6182273850446623
0.6835463705474278,0.40100388810737014
0.49498593706783917,0.6039359913334275
0.6492428244100146,0.5815825916872968
0.38858340428661375,0.39460613950764506
0.6040357173536351,0.6103724923308745
0.6201220282460101,0.41760403455655465
0.1337425353769532,0.2885265192143036
0.2279216264083376,0.536973105856934
0.34854001951437574,0.29975878508289133
0.3368486379276928,0.22255796174031323
0.5011645383366536,0.6188747294806578
0.4784801769502976,0.4348060780902425
0.4509224745913969,0.33274603569867095
0.2873689635261861,0.38304947663172795
0.3708823925239636,0.430462773309988
0.693337217120966,0.23802711296975093
0.0729407034989013,0.3449024680613057
0.39217092005959714,0.3659371896719418
0.4721696202444341,0.10311041963072129
0.2908324023409804,0.5100923002649238
0.5136707262863754,0.4623526435889885
0.33585501709030513,0.6859201155087413
0.10334256538137102,0.11864139669921796
0.5420448036802774,0.4458806038951735
0.5681162685936461,0.5251026160934238
0.5619129220938354,0.5357471964071575
0.24916822733587557,0.5446605613324439
0.15144297064915835,0.6306469906794386
0.5970570748018302,0.4051904308325812
0.6387996909165247,0.41608249486409793
0.49999507004570853,0.652086039808357
0.25456533980239027,0.3789900069158555
0.3716743615440681,0.4367868274038425
0.6538412056467863,0.3978510038351792
0.6758039674963036,0.13491844229706174
0.49013678969172436,0.4506091415206649
0.6329319020418606,0.3714247595423004
0.33427956007368176,0.4602106411664004
0.336698986203831,0.3133713704095334
0.39758745696482234,0.3809236921854501
0.6345303475436856,0.02668110196787271
0.6356838123229067,0.4088227024575512
0.4171138455385751,0.08595632600575194
0.6106585959253773,0.4871856982287756
0.5256330416414782,0.2000351918124848
0.4752455596417328,0.5205514814092045
0.6649457391123101,0.0808472868783077
0.3596462206671009,0.6118393744257014
0.31287017443124343,0.5685684740643514
0.5834099890214582,0.22916121438603
0.5370853017297735,0.5386988365198031
0.15079389893999112,0.5194555225817625
0.5975089108275872,0.2589445375130953
0.6100700736761362,0.20494925397416822
0.699810485990475,0.2193367873266513
0.5056226223991706,0.5634554135371745
0.6143743552267293,0.3889321867356806
0.5995663067395496,0.5555809938644989
0.46195864404366904,0.5196333121550154
0.6517900097623676,0.1518134170394354
0.4417890509221588,0.3867591643504035
0.48576102109144137,0.176944929125752
0.4746404207438998,0.27652815963230193
0.5460207690724131,0.44441346826293526
0.6724138405486693,0.515951223626913
0.5852645144582502,0.3640156862322432
0.5216601828624349,0.6921335125132607
0.47217453114203245,0.6039489995723895
0.34747546584673344,0.10805653012115227
0.42169437769983076,0.26991410109566905
0.623967926618082,0.32460233607924727
0.5004549375921254,0.1435793596235626
0.20701308909871496,0.32049868267861054
0.3627831147879899,0.615278939590029
0.5571307029101429,0.468036432466574
0.5578461786299447,0.42180999871223546
0.6368717786050709,0.34157068636096866
0.6393075045637694,0.4702348196354174
0.28423450900710334,0.39107249143137207
0.5395245984932875,0.14828858519055468
0.15093087321794824,0.4833413383550734
0.39175568291798946,0.41748121883822165
0.17990944180400006,0.5913852309478911
0.47744307074416914,0.5202402248583509
0.2333338785088438,0.5209261240996094
0.694237980015894,0.3908465309435127
0.5428917805539049,0.21449303264840325
0.6338486595125548,0.37499963558777355
0.061186561219810115,0.21955907203572603
0.560719656074026,0.33723863113678454
0.4077319722443858,0.3115147266746511
0.2123386996626369,0.655532102155155
0.617618226710281,0.48239460890228414
0.020641899599190508,0.6648598976487581
0.6705149026683996,0.333044098224543
0.2752951275809007,0.1925701583724563
0.013573459455774302,0.29533316118877
0.46271525599241403,0.44868723013910483
0.2522137957943687,0.41945352333207875
0.6456041571581975,0.34950759193604547
0.4508290055306902,0.2944615213022933
0.44900635280009443,0.003932599936830549
0.5865148014869318,0.5706901126502064
0.6587426474484009,0.3587070806685797
0.24836534376727706,0.48115736600934017
0.1797836854382799,0.1127205216199113
0.5339336458308752,0.4866435518396853
0.31906672148667614,0.29685963647421465
0.5671731942303099,0.44420565807861495
0.3514207585624028,0.24996142196814852
0.6143645622655621,0.39557664876940457
0.4337723173334279,0.594438436073758
0.6683943916674656,0.5014444271848315
0.4669385003345465,0.4246716057088702
0.48464536232965233,0.5538846737417478
0.13232968162612466,0.6294708663911177
0.48479013959624423,0.373220645586405
0.3763999734857566,0.4690165919156863
0.5046844862223051,0.41799764310008813
0.4455099861314965,0.5452008140697531
0.4813718164082007,0.12365005857691233
0.675218116603015,0.5926208373871384
0.4506197867324108,0.3119465395791202
0.6881785123131149,0.3077616008698659
0.6406429845678289,0.2779980120642724
0.31735936446865404,0.16019979987735944
0.4775853897196939,0.5615082129751091
0.594733998335265,0.6167035147448368
0.5163820518816356,0.5891530002986101
0.5693030649061473,0.20954098798145404
0.6883650238576473,0.5910722844658746
0.1281960208964627,0.47844611020601024
0.624609187181604,0.4289556893122862
0.320322128215302,0.5527427324118709
0.19482119962025285,0.1656085030887278
0.4304102764322751,0.2515868769870227
0.6069102495134677,0.48544229798563493
0.4081647884920082,0.22502110577710033
0.2721323880380643,0.25963194463285305
0.44085123987612246,0.45904934604374775
0.6746267595396035,0.4975559843061853
0.5670382675523952,0.42016623436160044
0.6006762719930021,0.5781650903483562
0.13655037315908872,0.6301547632382725
0.629650038527479,0.5764491368934589
0.6927272915640964,0.3865508673796926
0.45049268006842863,0.28515881392658265
0.5493283728142264,0.47448198183363466
0.44143290259241075,0.015611986118865991
0.053367932141250955,0.34097327196190524
0.4544286627553257,0.34736063134568074
0.6017456749467671,0.4313580032970636
0.5894141568673931,0.6069100183601746
0.5565504718947617,0.44163220625986244
0.4348828740320175,0.5248824657847192
0.5086887302452634,0.434856093124137
0.5016476233805344,0.5483882342131363
0.6725424194906316,0.27186666651256985
0.11064195805124745,0.3785784864672342
0.5190903999103977,0.37008537582389406
0.5073216064737295,0.5094476193506485
0.5046072901634209,0.022854664586750312
0.45409663922964105,0.5235637973163885
0.6485171526968492,0.6559002415496843
0.5607408197993018,0.31480766436174407
0.6166223410259448,0.6871858473251665
0.6254851476777223,0.35702954292017713
0.5439560475264392,0.3768709218428687
0.5176871433256586,0.12083552820222201
0.39828288910004883,0.6359161226932024
0.6293919084086196,0.35742407406654525
0.49030062602182306,0.5545639681363571
0.09071965360820727,0.03239432102719007
0.28129590328151743,0.5051642134401947
0.48305184101679627,0.021190841334424518
0.6218544319713839,0.47469544142387676
0.029258467170980546,0.010413507486625444
0.3770960808228042,0.3613438915687049
0.27588993142673496,0.49542765905932834
0.041924853617259894,0.42995375603903185
0.4418776302974915,0.3833110205764659
0.14913099818087333,0.18331352879302126
0.5322499175781471,0.2897555861669346
0.5825519984440324,0.5637325258286542
0.3625489576842927,0.5927188869896117
0.5007610508452409,0.5549087212326651
0.45381414877672765,0.27655706946758013
0.32346454090270554,0.39791207764377956
0.6959944651887809,0.4413197983694407
0.6149016729090426,0.1437019927419121
0.5142242248359692,0.5226722095618354
0.3464365569148009,0.42793971267562436
0.5100793435162978,0.6578679686985243
0.47376725716506696,0.09120279208365549
0.6809520776019733,0.5453825259902212
0.4952010762084949,0.2427508238910641
0.592705496324582,0.3903363742088418
0.6668788193518714,0.4940733724241968
0.5233240469159859,0.4827619036499246
0.6089089799002674,0.36073283380878635
0.41786901933021603,0.4678248825854472
0.4893004735663787,0.35533900127988577
0.6871343347333826,0.15433514397372813
0.05894546114570415,0.5336955930238374
0.4707684724849973,0.17102480519530266
0.473643658434685,0.10730471598706619
0.49136627367400637,0.2962211952231076
0.5514560319043886,0.41205973212914526
0.5115019215854325,0.6041498446999252
0.5087653591180838,0.4740187877980734
0.6247570068376271,0.3320555435015827
0.45946325185677606,0.1454979435112445
0.6302064746320793,0.6186497360770556
0.03457303968013505,0.12714160487014314
0.5166519421823891,0.48453724494278955
0.6096765850029349,0.05459334242905082
0.6292168940879781,0.48548125893010236
0.2385442964639073,0.6760949665055117
0.40978485083651583,0.0715892286962139
0.40280659289387877,0.03697649460013802
0.6129429243190966,0.18926405194542373
0.681176318999368,0.5851736387127682
0.6211272556003709,0.5162126022902523
0.49536870250209347,0.3792644386669421
0.6852912440721712,0.6161951153583926
0.5696790682847586,0.2511722596888339
0.6740983145559248,0.4557498547103605
0.49541974449784376,0.15986296481755047
0.359647299156438,0.10665205263504982
0.06959992833837415,0.1948945394104707
0.6659289905059862,0.05230823847169761
0.14957061868684912,0.45526820625359665
0.6190221634372758,0.5296958842600611
0.5869640043714415,0.14185288815728753
0.4064953024554347,0.05033871074440602
0.5362218813826727,0.5444973837577018
0.6345859951540287,0.0625723906077304
0.31532051223098806,0.6007369272556539
0.3051256223463491,0.39838989831429816
0.6197530803952039,0.4718300581642252
0.5904781089113099,0.4264893367532544
0.5590512177745056,0.1394411709873025
0.5287470347446992,0.42071219868833226
0.027763769851351795,0.3045125629772949
0.6250666107327836,0.4533039443715373
0.5246723128251729,0.31983538478394014
0.5440651852363136,0.21508184214289688
0.6123530109997382,0.48614329562102654
0.07246317414441,0.38198359535235993
0.5112924796006397,0.38975011189152237
0.07810792428470034,0.47499273535348896
0.5668486296605323,0.5059334083642031
0.6236951491307337,0.6172096018935809
0.23369011721374783,0.14792645687679917
0.510725474967269,0.66030146240192
0.14107500477173968,0.15125641598240516
0.36945055817833217,0.3829461830930955
0.412834441803692,0.6722729579267482
0.6315850943313513,0.4343907573630509
0.3301636510251236,0.3546640998003801
0.39429292366384594,0.12832003011378582
0.2816334211796511,0.20630003654302637
0.44650157672962354,0.6066070681733733
0.4380042266564328,0.47613317407605105
0.6077217098870823,0.29537502964141693
0.505959407199299,0.03796002943359982
0.5010126058081589,0.2591142136744071
0.3330632331313946,0.5205612098426027
0.6257915811946622,0.34616602680696523
0.2503829018235055,0.4582573056097699
0.22393131207397085,0.27444424706511944
0.340857207553088,0.028483381963089863
0.17940575242631215,0.5158690440628406
0.5265319143617556,0.42618117869143396
0.5388559142044811,0.25821394749895127
0.56701977302371,0.48460543945370504
0.5889126244860696,0.5227806385510387
0.5473684484946256,0.19654291219778347
0.5040808074874158,0.4123942343314712
0.3553191857001533,0.020945524087172644
0.4802496278408683,0.3120576679725593
0.6212233959050351,0.5594779193462247
0.6014896346907457,0.5600928887111905
0.5287628256738934,0.618463482002312
0.4295387441954198,0.32191246012519714
0.5408678559192253,0.5592863034698505
0.5809522891362326,0.48365836957772235
0.5953485975876119,0.25295049090795824
0.2948913415716584,0.04669200703616205
0.624646829853989,0.20228759330019372
0.5878203641193368,0.2528449768826167
0.5053142665891057,0.39219486176212387
0.5768290666430335,0.40064084246242954
0.6384658918478681,0.37446297300722653
0.17565964184875055,0.3876205396653041
0.433363137986814,0.5225351528216413
0.5053338150354019,0.2652703990669394
0.41030236579915214,0.5009373639061808
0.2023719155459474,0.35225977608194226
0.40997593397391874,0.1712164370624916
0.4227598902657479,0.5787555440434082
0.6301800594173774,0.3655667880372883
0.6550737807455954,0.43668386856393393
0.44947791809098103,0.4469698246203546
0.5568168655178188,0.1866747401940201
0.6616592893814685,0.16292222192003328
0.5701176612299845,0.6014493770753009
0.17651527126804473,0.32955061020968845
0.5584277909351656,0.36000442689638024
0.5521521632084553,0.08336653149809695
0.6686317117125208,0.1585289217882125
0.41837111373521346,0.3519083899489539
0.37033495400203015,0.1197928709641156
0.14813463415283562,0.30390325930013107
0.621286303423749,0.6175135045925575
0.4059334377679088,0.3350380770699978
0.348815381823859,0.6688807054979398
0.6203560344348988,0.368941659501459
0.597581135149601,0.27803738322815646
0.6671458738193815,0.4074564793435088
0.3752566659429175,0.6107672190280373
0.21993971797632594,0.47200718861777535
0.5724400125354991,0.12427626062111716
0.6538210519586136,0.4138366942475514
0.5002886117807552,0.3849919272552546
0.4691259351064577,0.19853659235768537
0.5858200989757711,0.5906597829236329
0.5182656590776917,0.6131204932162638
0.4477366242116735,0.4876726774665983
0.2062743214408077,0.36401167795470996
0.37204343238520177,0.6359855409360662
0.21106581006347244,0.616796473126792
0.36689464916184844,0.4352051635827068
0.04560770502283206,0.2219088620566038
0.44433061374431193,0.30933000199491234
0.4168373559555466,0.2266294754881479
0.42434119337185405,0.5379256137306992
0.48573992061085514,0.3029652602541031
0.2607898898289573,0.22733381052771603
0.5050082490046613,0.027666405380651113
0.5659406891623939,0.48089868936205604
0.40103137697979985,0.4688804493217321
0.12449429714529797,0.11582017054108283
0.1850229385211247,0.5624262365510542
0.6479243314770642,0.3186754037390723
0.05968255047605464,0.3372276732712391
0.08023316649200427,0.2846206809819251
0.6963107922409395,0.41499064950416453
0.47420241201587066,0.20601870512991613
0.6208937134130262,0.11763802619129614
0.3500306982184587,0.2593098778999732
0.47426289499781793,0.25829788283471367
0.4675172188403155,0.3898682714381507
0.6415526346533238,0.05099469926092398
0.6358016635136523,0.1450054702317337
0.5549559363871686,0.2346522088608494
0.5597694015584684,0.5024586947400576
0.6419860651330582,0.3925362079875083
0.6499230635111428,0.18373583295041265
0.10908723614910905,0.31999679858624
0.44588727102944425,0.1971663010491459
0.5603331572674111,0.4709174708708626
0.3948303386528452,0.2678376910155845
0.09410116179161922,0.27309248618696147
0.5296481027394742,0.5734981605818597
0.6300491956194274,0.23798788131632945
0.1344003822526725,0.5144622101132917
0.3503560835421762,0.024689148394923175
0.5741281497217642,0.49475774846552467
0.5535230183666993,0.5708834815053387
0.2925254427680508,0.22190754973358415
0.6334064524035118,0.5314010043091661
0.6175214939143564,0.3784031766507488
0.4593940700452225,0.5551122505058607
0.4372025769991016,0.684097593528173
0.5418968416235702,0.24753418109644634
0.6814695661417172,0.6449438695796802
0.41658073221919056,0.1335214418493718
0.579749038842917,0.31402753347126083
0.6912564730774348,0.3659323904581713
0.39341074963408385,0.44248419055736843
0.5778994376217019,0.22836106132273945
0.4344426592380847,0.349612546348506
0.4531754319957463,0.5234764454282121
0.5381815585634532,0.48073964945744424
0.6375806843759179,0.6952178271797387
0.3141185822089984,0.6118269306735157
0.272284389872559,0.3579917160870479
0.26967830345664373,0.6804405507816219
0.5867984020396833,0.26859253831588487
0.6663803397098987,0.2852676290978029
0.29309578783232443,0.39701267228421044
0.5457143502022743,0.6395729027870246
0.5579324137984805,0.48431842229259375
0.4551164442902232,0.30180035770977776
0.6976041527752999,0.5139835272692419
0.6724451332994154,0.4759456822475998
0.49530505254441753,0.5873511815418101
0.6316809758287766,0.05842274270591767
0.6017835806291634,0.3502606427384724
0.5030577465842543,0.5521230217357481
0.5676953206794023,0.3844983582679146
0.4926564496226632,0.6034641843747142
0.48326443383891643,0.032551698858294745
0.6752670849601546,0.512936438538766
0.576495984394491,0.5447960924938963
0.6834462122621127,0.19613299759516528
0.49189182762731304,0.07582101367396982
0.5571082127455922,0.4697061526040311
0.6461543447852168,0.5018989834625684
0.39497227715260846,0.27232324392202956
0.3753515134339772,0.22965436040289805
0.14803936427233239,0.3687923094639409
0.16329126350451537,0.47144808097768176
0.22782596057919813,0.3834046548614233
0.5825797330549916,0.24534514610328403
0.6228340485132533,0.3557827587428458
0.47472878926186696,0.1504438826220899
0.37634442832329035,0.2744656562505565
0.5829559713421637,0.27737354158890626
0.46876289676394833,0.5704458654703048
0.6602987977987382,0.4654390512339069
0.3176499219130225,0.62586354840126
0.6579890188350462,0.4440903318562896
0.6530319433204432,0.3079175897189126
0.6671302782375339,0.6294469934731756
0.5840519641374866,0.23668321651244084
0.37053087415574915,0.5001741278966799
0.5078917793415592,0.520294581401797
0.6120895966801203,0.378702817220655
0.5645267124244981,0.6408523779663413
0.15864758887983949,0.019999540883683522
0.5171958188367758,0.11462091408135755
0.3455255292699172,0.4048200184606744
0.5317756710101359,0.4538572782778852
0.5147310710653052,0.18446764247541905
0.4125944065898241,0.2596065535901606
0.5005110669762799,0.19953464084909506
0.6467431083885522,0.5475007335626152
0.5967102651554415,0.5979218929771025
0.42263940735276107,0.528271058901755
0.45187371965898593,0.2669106963573117
0.5254110590539827,0.34090095223836847
0.5946047334506545,0.2943117433753679
0.620399845508926,0.30661459480629105
0.6280914372253258,0.45449209117547756
0.5462124909754753,0.17927201716050972
0.3858468386879027,0.045546946740055286
0.5504096771752919,0.5535527963331652
0.1687151647129405,0.2601353674608621
0.6193644265496245,0.4762913002027014
0.6632659398874623,0.3308823831713442
0.6240972910113176,0.42081695170209393
0.30275364527953275,0.12790351762762983
0.6397293137392728,0.5385350670910697
0.41519611780073784,0.35544444407080455
0.23214179569323323,0.5088693002455593
0.6965599391464702,0.34344919074165675
0.5150835451602789,0.31867586162971145
0.6246388552307062,0.08999330012327605
0.6770559966091908,0.37297424580409405
0.4537309499604314,0.2665764077457924
0.6407467332001231,0.21684003829100476
0.020949048265542274,0.13340635127848072
0.5040739584628289,0.14855020269613256
0.6289913063205793,0.3846063282461817
0.5227627299303753,0.43188245843339923
0.5352080301050773,0.29284834988049985
0.20470308465409512,0.07591351468195259
0.668529150453571,0.24943527971877844
0.43822475364887664,0.14054156216440006
0.3684437095994899,0.1962853504036333
0.4046326596356761,0.5366186803081745
0.5594105138407235,0.08590927315951183
0.06414900973769158,0.16348732529953547
0.415526517234742,0.11941013370328903
0.4217661834238722,0.2279075789381902
0.6329590817639071,0.32417024323880456
0.5878072105203218,0.39099283617759656
0.6529723944762119,0.28544133447807424
0.12903304086694417,0.30331307624393755
0.6442464140004243,0.3866426234149725
0.37035994004019607,0.10376715311331561
0.431219258062976,0.09132047750317508
0.5662034114212939,0.06689022543702168
0.6054691821163107,0.28415306954819874
0.3809678353530906,0.029525725898754622
0.4729769462228268,0.33268357286653316
0.49441471449383145,0.08905070886851732
0.4455852992476507,0.34954629415292715
0.5920847234567239,0.29423689698010813
0.5533638980189307,0.39743700401796905
0.3820106427412079,0.45968941510117134
0.4599331252052486,0.3551225405479594
0.37716701796536317,0.5792427189759879
0.581328564004474,0.5663927419708863
0.47486216514038304,0.5344706029920935
0.5964260023648664,0.5117336836095933
0.6114763157575495,0.1311917059976464
0.5813515606510702,0.09516260985817564
0.46474796340088853,0.24455102437113357
0.5528762814104693,0.42654311646473025
0.5298676020985174,0.4853480263595599
0.3804344728994986,0.2784454578901802
0.22204317930331158,0.36543010477269894
0.5930393565929494,0.4247393452761835
0.1158938254299321,0.5419561370587433
0.6190101848066758,0.6466600046393722
0.6983728502801113,0.30825728204147423
0.42916330665237495,0.4709284891644068
0.6447909620884117,0.3271410287746617
0.24912438565674838,0.5215757998852153
0.31575104263811815,0.4657917242441643
0.6108062550928105,0.2866817238296303
0.3491542365528135,0.40692743769160344
0.5086310501276784,0.12416639718250645
0.23118459592449372,0.5424936989842502
0.5556566826636409,0.3553991580181083
0.5037872638352376,0.15831408521899354
0.4116249937880082,0.3107932529329765
0.5348915210626891,0.5298202038858331
0.4827262082945649,0.012850459020245397
0.35930242634641,0.5495922389357425
0.4061626528682571,0.25291219113198987
0.359520540982111,0.625321235275881
0.46237837380041474,0.35475131204209714
0.4590897357343464,0.5051717219536925
0.40298493109632494,0.5307649012848368
0.4342492443685814,0.4236458226433913
0.5612558241840558,0.4664943772979515
0.5513630894069174,0.6437053970299457
0.3390955509740867,0.3309733491341963
0.5006440341799925,0.4464867443953538
0.5572464199649997,0.6244930825627412
0.46471484102020355,0.23369809760669696
0.6183889903154212,0.5054975098447165
0.4619990317193361,0.5653091081503185
0.5388166708993487,0.17940967299682659
0.5848168717549705,0.43145771071455497
0.666350953202787,0.40636678214111044
0.6181064946119224,0.3569952356709099
0.6023163892758439,0.5851724132757334
0.5556586106385816,0.6435847620391115
0.5609960701020861,0.1870203793960122
0.4721477286991397,0.15451047452041256
0.6174990023364663,0.5504754421310254
0.6372742118524375,0.19494349220874768
0.6676786933645997,0.4410716614014921
0.432990659065286,0.5250868973694391
0.37723109067851035,0.3941205327614051
0.5871087606031014,0.4632744770376059
0.43809279426604586,0.17625847819662877
0.20723099640095327,0.47766957541079147
0.5675889350200285,0.4958061900809198
0.4879547591037775,0.25204759981583624
0.4579538163132444,0.27603230274292967
0.32520936575993603,0.6663106376745227
0.39453919009329297,0.3903114649766715
0.46545098817395136,0.49873170038097336
0.5847073900109653,0.2986144921105665
0.5835740790224199,0.528470705060561
0.44397396016307844,0.049036229631539814
0.49909133226458674,0.23038421747936438
0.3760883818841577,0.07253691089808718
0.6217118091891802,0.3773642904974141
0.6395082286012412,0.2980764738202353
0.4180272908059233,0.5498114036739288
0.02582679563209642,0.2669283712379028
0.25139053933260436,0.5606720538445578
0.4352328360516886,0.07382945508475597
0.5490845005153914,0.05808045750999026
0.44140323949877214,0.004418686909764467
0.5368879780750885,0.6152351177421935
0.17839010808445543,0.29934547222698543
0.269034187853727,0.4367347072402887
0.5675724309417408,0.6317521066127171
0.6454117582264055,0.5747869810100598
0.5029565064847021,0.3803542969341669
0.3732959956619647,0.5187294508923783
0.41898364887447204,0.3162956955224965
0.11760516020470234,0.4894335438721029
0.5539368215026466,0.29685917720989485
0.6257635723458228,0.39934351277019414
0.4571185587577522,0.43727874839056474
0.6369089136714523,0.525242767237932
0.6380265679948185,0.05200269008785692
0.3416005226579102,0.11683336326504545
0.5977017658518882,0.5226227925718971
0.11246158526164857,0.11976370203856959
0.3162349634700125,0.5749535068990029
0.6471543355728415,0.022310375385448666
0.4550966395369863,0.2872742923393792
0.6027997131459587,0.467972092915934
0.034989204095438396,0.36050031381171865
0.28402296817391626,0.6516254431074693
0.6778874507893882,0.4094038234753327
0.44508396248123383,0.4757769915555755
0.5756956821951354,0.4089033217476284
0.31876424209573395,0.34195784224470693
0.5318535725073907,0.4026286173010379
0.49675630942510196,0.6867021431211064
0.5230273110070716,0.1700655913657612
0.6045476111532385,0.3719778869325014
0.6079096742392311,0.29399311797457506
0.5780086031284326,0.0758728555808924
0.3679472108939823,0.47468174263244245
0.6940624161413405,0.4619516975863625
0.6570536501893709,0.3081272025042246
0.4922717894812173,0.4609103311132372
0.5571692444827271,0.37578431596335465
0.5683473786809748,0.09676472765426336
0.632710385322731,0.5987806900438941
0.37388764101228233,0.5624399788885718
0.6361429095899598,0.34754864474386804
0.36496514019395937,0.6477259826576188
0.21816310503367603,0.4395889089007954
0.5137673809160828,0.35387697592672696
0.38571652506328896,0.10784920864633318
0.21073148461387617,0.31208640547337635
0.4629395568086853,0.253575267439614
0.4911249794536818,0.5773198992263973
0.6025269662321374,0.6779057163259072
0.4369576156748773,0.6037846242185133
0.6638956756822131,0.35775168140618485
0.20308315744719813,0.5103235333476227
0.3900939237625767,0.06564160386121293
0.6061225138281526,0.39040739971622185
0.589353895281334,0.3550895216965245
0.642645499456182,0.6551315239195379
0.32000834878342077,0.679438281468535
0.5293126717450518,0.19980615984442562
0.6071447758632266,0.062371172181307014
0.60709784258764,0.3782950836752057
0.14808304154592447,0.5328295296398178
0.5133524110482061,0.4290443071761486
0.5096975992873688,0.3047926768724989
0.002346563295793379,0.2212861917474854
0.43965063994709525,0.14593041182867506
0.40679174917198907,0.2921025723124038
0.1808300099391876,0.4585423355120015
0.4362911139650006,0.3130476930673917
0.5981155265343523,0.453690257576412
0.5877389058766719,0.42933390854024567
0.4102810250867028,0.2517851254645609
0.5150579312738333,0.42733341198969343
0.6435771537697575,0.6787182654508446
0.26963170527635105,0.4048370078711354
0.580311328804174,0.5347056182446559
0.19026079274569363,0.3118707999238369
0.18007658327367468,0.6406354098844331
0.20308520725854556,0.24197621621074056
0.655175116440125,0.5006523440664643
0.5441362157621217,0.1787016355781268
0.6470993088955433,0.35249056990283084
0.2182695137117609,0.6456412848653698
0.43488883883104257,0.36644622516722636
0.5561244919589138,0.5190193387705313
0.18941046750844875,0.38002372093047926
0.41136490777748447,0.4817453018621109
0.5105144416193756,0.20613592847446383
0.21912112129390543,0.3642857229741382
0.447271814252433,0.36015477043103256
0.2548519851901436,0.4745212814381821
0.18583638144324943,0.22232257527103286
0.4303059355606742,0.5565098009656642
0.08662985092239973,0.1278314820111659
0.6262285698405161,0.5645873221794078
0.4790707695962504,0.20846067037319577
0.517511198530252,0.1027703509655257
0.2293352545641151,0.17970416432882003
0.19217609163728633,0.10300559569317766
0.5510658131488172,0.38543713802460394
0.5503508967237023,0.23554532300149536
0.6486430762015567,0.5362893131168524
0.5885380997214829,0.21525114531603518
0.510205676960774,0.2788188261745764
0.10071575624966503,0.08565981610168438
0.2773976488285391,0.510331499757691
0.4160733538956548,0.39406360986623123
0.3620674546179764,0.34488444052622086
0.6114873936235053,0.5988181899762464
0.4663663849391044,0.04475216070426685
0.5013659376582572,0.07010694127131814
0.6504704850799643,0.25292572989601864
0.3484288398310057,0.6443483435871776
0.4613609432030934,0.45846419532433386
0.644699217219875,0.5678557613242977
0.6065164531319605,0.11086449565954054
0.1454636175440885,0.574453220802208
0.302772635681616,0.20779019769195342
0.47786004795884435,0.4217407089812454
0.5664914363669139,0.5684289712873865
0.45522488195133437,0.057596918486757534
0.5646561351398701,0.30884509206816246
0.5709918561528261,0.5039278499371567
0.6121438275683403,0.4173095777134287
0.5419319295105695,0.5494586027652646
0.29382705450239915,0.09116969289502469
0.6223282046932721,0.5925807254413681
0.5212182839519429,0.6970712384401525
0.45479337224399174,0.30876470299375647
0.6165749228429748,0.4369584945520234
0.5757712437211695,0.5118919061752973
0.52542612843906,0.3961760627545026
0.12674481580718264,0.5207164855450427
0.5269770946488703,0.5229675981746336
0.47988180377171064,0.36943836668804114
0.48378502306123106,0.28123394721724093
0.6341679672881219,0.45767653031480215
0.4210660070766254,0.28340222035317053
0.015296001520621078,0.4834402342387545
0.5193683283594506,0.4484418698086416
0.5707409702159667,0.10546128094002966
0.6132664525603371,0.44486691143016
0.43628737871078727,0.3899753101578581
0.3467218741256224,0.30807787113786855
0.6293722419268042,0.48610425581317895
0.5905315903100151,0.341022520731178
0.5278490553413098,0.45892184012056203
0.6637852978155115,0.5653805851201226
0.5894021106274276,0.5635355287657838
0.6368956925014718,0.25560482105522614
0.0010971015422767127,0.24023268118345362
0.5691720588347833,0.3046710212210518
0.2356108167725252,0.5275794712415803
0.5170846414010468,0.5353625427343713
0.3973741053043935,0.6080178081185599
0.5508943944615896,0.5852871664581957
0.348215642401921,0.424852875894852
0.33762802412771514,0.6103903960815427
0.47643049502572554,0.005681431013586168
0.07776861990153863,0.29072072754853306
0.226251800002662,0.2661523725827167
0.6204212489024732,0.38839350269987033
0.49511742007331977,0.5821238180012726
0.44036935099203073,0.37636283255791075
0.5244849905308749,0.41882562132580187
0.526846172730083,0.4337014816399939
0.6371445860645535,0.6054638130308199
0.2578854802725009,0.38816763339717203
0.37537459545375385,0.3808214735498272
0.4550868723309072,0.05473343774583963
0.6657419832041069,0.540945237538059
0.5387319094656143,0.48100621543702415
0.6895913119677617,0.1386840607629546
0.6366630884951598,0.2655205795855642
0.6412630310539279,0.5804798136531161
0.15263884141052353,0.1597949307535388
0.594521551583116,0.3618263901215466
0.5247270776966966,0.11423242137329193
0.6344851478682337,0.2740839020160758
0.6867732488617619,0.28433970251473556
0.4888195143193941,0.004344906184261765
0.5657769807002936,0.1135843190616379
0.3974681724548115,0.6010885232351921
0.19950877466721498,0.5658436472695799
0.37620991986516816,0.44636906094651385
0.5306316901659672,0.16737129646504276
0.6156853410929914,0.2272397052015653
0.4813521966880216,0.6217186550619737
0.5203031218226022,0.6258821059300992
0.33839181562133736,0.4442670652654362
0.6942335192334878,0.09776347342004071
0.47301745625856917,0.48229667079682875
0.30962851135484504,0.34155590218783977
0.5339952388687802,0.2805204761964982
0.29296117239092234,0.2054980485660614
0.5538577461862699,0.5813419246636762
0.5448158992080657,0.3278103564915315
0.5768072868417272,0.3011959262092224
0.5143747820948461,0.5586889262559219
0.45884080778953257,0.5181795800854719
0.12226685538369364,0.6518395969921522
0.5306731221399842,0.27967061807465765
0.5983361976886649,0.3109531663698776
0.491357011412331,0.09865813727640385
0.3193487458521818,0.38915604104023716
0.6965685169711487,0.5604681385519897
0.5534790721413048,0.32694438671654275
0.6614772406681863,0.2852356951990322
0.5866764093727629,0.43460957168226466
0.09364840604226785,0.16491834034968075
0.6341660771570066,0.3160304843437628
0.650639949021857,0.44118463669385943
0.589995412976741,0.35807112082232107
0.39282540770960805,0.6517642964820041
0.46232488412329,0.5685919450783181
0.5125238095376852,0.10202312019931409
0.16070810728027168,0.6542568689010801
0.6414919200560357,0.25873239807667514
0.4639023176899872,0.2856566296949843
0.6259725700400964,0.4094510085413365
0.503219252047446,0.5248581109496757
0.5992571993739709,0.2168812650321167
0.40420240485964387,0.6457558942087896
0.4986233601412188,0.47369543041463497
0.5597353579864801,0.6580949564756173
0.3406228377674182,0.16522124214846973
0.5958072582890201,0.46597247629408883
0.5894302586792182,0.32133018765781585
0.4980500870576582,0.5321989198369612
0.5118875478909055,0.15379306380408891
0.5065845021700839,0.15551031425383677
0.42740884118373845,0.26454276998047593
0.4740928553082525,0.31234939629238
0.1749516281454368,0.6427548770179601
0.26717691213425826,0.5263860248091324
0.6015037385334558,0.2697010832801412
0.5032584588799761,0.4374393403168332
0.46326952625028256,0.4359540178693093
0.6411157510894586,0.2940372416249515
0.1389404686118536,0.19615023253209823
0.4182440605595058,0.41482566681825167
0.6030326545203603,0.17475169029682608
0.014701446205827542,0.07531141672564642
0.4850854246194953,0.3926582925253026
0.563734298590552,0.16215931492967145
0.3129675757479152,0.6391848129991249
0.6069191513693319,0.5972418953089121
0.4721102439747449,0.1191319275479736
0.507981476945062,0.3538845540206935
0.6584023079302517,0.10182682439851642
0.655863498557356,0.4862529526606879
0.4273703919970447,0.47059865940131246
0.5641835002190214,0.6418037144683603
0.45439184922666553,0.4720023985768351
0.5123405544797373,0.5535224071675048
0.6175414538192459,0.3857358919257545
0.30659730596158397,0.22669696231226955
0.5364951221759784,0.18291852349136964
0.4465068159863956,0.04449422235992158
0.5796499948033466,0.4966540741579515
0.6204875215595926,0.6729153483904339
0.6676674871974464,0.2995549262705755
0.017008617489190102,0.3284407194748972
0.4650059859446556,0.6768871459101937
0.29740688705418594,0.6318706579559946
0.6692813201346065,0.2343904568364897
0.4372382202432305,0.056648567983430514
0.08712727271221168,0.49029916495227804
0.5981022121979143,0.4626260901289191
0.6531125879584423,0.40106861286152373
0.5285738549010188,0.4914381122078575
0.12383812744544284,0.5862195242408776
0.5743354741397606,0.2524885845830281
0.6012380654247441,0.4522765215979443
0.525427120073453,0.6191818263158906
0.5366325223696975,0.47393429527390196
0.5560828172298355,0.4972541926084174
0.4762046332602023,0.587228824983411
0.5243608010463583,0.47315708201192713
0.3013507203102525,0.34100061020887584
0.14804095902183784,0.44768152004901307
0.5476491194364911,0.20973774557358943
0.3176302019215546,0.18133964234134833
0.5490174500562607,0.28220263474410956
0.5808258854456374,0.11702105334900198
0.5932037010769834,0.008476068532550798
0.487722148666675,0.40613146224169716
0.4057284587168926,0.5193056710465359
0.6367163104715516,0.21328389544010018
0.6628509360127368,0.2929776494578244
0.5922231743692945,0.4210841815384226
0.44581848265960716,0.3194986855631691
0.4254598559453856,0.2919513565208398
0.4037109327619008,0.16781620793585073
0.6265769204345683,0.1592372567993937
0.6314014454303388,0.5028259202515305
0.5415486027326953,0.07595639028983521
0.1279009791073335,0.308737215327361
0.6032892952986322,0.1416990537366114
0.424319982710083,0.6138747430464978
0.5625222754772226,0.5089301208788942
0.5903874157504146,0.3905347949405647
0.5617373678492239,0.6747131285910793
0.6970166556439948,0.17385181666104718
0.342007289552648,0.1568304334187794
0.48039019024432106,0.37359627466195794
0.48602089196885156,0.01429036054572208
0.4725289475790795,0.4510939813741472
0.6903358724234013,0.3945868090721152
0.46783320468056344,0.38738941223331896
0.06518148071959104,0.34458254767901364
0.638186443931116,0.6386621626759548
0.5148060077980877,0.36015615365638565
0.5916415696463948,0.10725536933407463
0.4070335959384733,0.545959710889111
0.5919933486569525,0.3341568684621257
0.48112156464326034,0.5506608704044351
0.3983021178689178,0.5331824153993445
0.5571222746950008,0.3215636668783116
0.5695060415102908,0.5249104866489536
0.6956132245937963,0.5491765273798586
0.3887293640620435,0.5608303493676532
0.6735081685764382,0.3701921572345244
0.6742747365468756,0.12520116125506167
0.34524502949445235,0.174542696571855
0.49049716323126447,0.2819376561607165
0.3420921818057361,0.5292861016261575
0.6881522082591849,0.5718262425721793
0.6656073386921264,0.6808387797961556
0.04334385803238367,0.21948701626895661
0.6251201834780031,0.6469306083967783
0.609074502348695,0.5520221652725128
0.5693144127063414,0.3461281012474583
0.6432075110452443,0.3312818496671609
0.5231025892720148,0.5551878595155949
0.6277350440500085,0.4468208743922047
0.6705137066691881,0.16261804203096672
0.4904099296653094,0.30088612398435005
0.5726026221805904,0.6471972373571183
0.4137878485048536,0.5239143458890131
0.6219654673413252,0.12537607248536214
0.5316757243329284,0.3296477436314758
0.22634237946639768,0.5938806154573351
0.5080207782592004,0.23340900269445614
0.5359905190572566,0.14977203636494799
0.3637554514222013,0.5498973378602906
0.13487782098240814,0.3567587494926409
0.2484943762670592,0.47742358020759373
0.6695656387739454,0.4844919124452167
0.5614886214386406,0.5216848784438879
0.6842078935154425,0.1771512164398643
0.09214308271623284,0.2426797608891471
0.429393067202677,0.21842736241892946
0.415540996360182,0.42001167826335206
0.5725946125173581,0.2087621378533946
0.5919412771782044,0.548495086338743
0.48269185476287135,0.3790775748208248
0.02426428325305415,0.2943041670530111
0.5087446366707642,0.4796126658567298
0.6278592176993155,0.5001623579077242
0.39543474747231777,0.31254004776562433
0.5772529269797003,0.5002035445224217
0.598142899605565,0.36469100732932547
0.4850239677545096,0.6718211607809033
0.6729289246317081,0.40988556409254256
0.24665110676244878,0.5811921944274734
0.6433639139661892,0.5940892022340001
0.45597963615795895,0.6009232500822268
0.45136608790251914,0.5818110052096201
0.6339034990006023,0.44664813204998877
0.15940276915664653,0.54860948222108
0.3918202840207439,0.47285986632164523
0.440508372103004,0.5350068562885641
0.33720586462690083,0.12850319297916735
0.6126581021781877,0.3337281605920232
0.537679074269778,0.6537073235663166
0.6715014438357496,0.4112093110069141
0.22799048764058683,0.5873437124466996
0.22700323670875455,0.6607584689406835
0.46274718368389517,0.41286828304680356
0.22672155102102431,0.4298579352522056
0.4275566029399271,0.4865845484454224
0.0005208284683239518,0.526356791411063
0.4389043260412619,0.33138751121325427
0.6784576009734977,0.06084483714023128
0.300903694364376,0.24927083001982747
0.2691125817925124,0.5040184859821474
0.4325463283888533,0.35029963011785575
0.5410243619830027,0.36653651297513096
0.4420214201907662,0.2347836701724294
0.15366297866298023,0.3044060066488653
0.4756519182783421,0.2577263304183555
0.6390287353233101,0.563291018259188
0.4524582506015952,0.40910722559826845
0.3840166723499087,0.35648531370097086
0.49065614053114687,0.1866667834836976
0.3819585212663874,0.10660585643192544
0.5503212523079057,0.5117757948929533
0.5533051186131047,0.49129476870172745
0.5560925841387436,0.3077933661940351
0.47359898391853483,0.46622403844028465
0.5768578683900063,0.37007737722824535
0.5382817475460763,0.4100336413104507
0.5498902696333552,0.5014276355541489
0.3245471371718632,0.10738644220145352
0.5524084976591279,0.3829423307019154
0.6049157949876215,0.22269152210913093
0.6916921390797087,0.6502829961788362
0.6858427342730287,0.41057510773986317
0.5956105382563774,0.225512253591195
0.6340775512610548,0.23569283580839517
0.6117215363953712,0.5234307374622115
0.5839135323321568,0.31481865029113076
0.38492040346744066,0.5972548452088888
0.27769012473241983,0.34784347095066903
0.1647851446229357,0.31541071081776983
0.49679923176931606,0.6281207752287639
0.6264980894864366,0.5110482311638667
0.36984825223420176,0.1615442617328437
0.657437685702569,0.6176629491158415
0.46630354731993673,0.06472854170810691
0.6738399635148615,0.3030413900276384
0.2836966524643373,0.4701656944396989
0.6754139167370304,0.6092088822007127
0.28362299684999187,0.5343391700563903
0.573941602340871,0.34127361675994417
0.4468621092434625,0.63561910996829
0.6188252361590404,0.2214768021858064
0.5799761685798028,0.14633634327724285
0.3344328023467686,0.5969964318638441
0.38229993588206346,0.3809963381874067
0.4094336982523969,0.18059246072127955
0.6328389266861193,0.44380315589842945
0.3493159932095696,0.5444810980344329
0.05292305133651147,0.21628173086385483
0.14703086419217007,0.6450358216581986
0.5567214676464073,0.19340282225262134
0.4632775024389118,0.4438282197571488
0.5433761839572462,0.20493671124985036
0.0033744756329887604,0.2081354167187915
0.6824757442558926,0.08603986562411006
0.6866021659976824,0.48507957856161765
0.4808291660275098,0.3240657122720938
0.5851188167733642,0.35071890149307716
0.6271685391151441,0.2800083506415374
0.5847319758454684,0.22159719850823867
0.5387394217406296,0.3080308322380512
0.5645867716325578,0.47624119670701504
0.16769167731373094,0.023682800072983363
0.4704116027386085,0.5989999373601288
0.48635448051223984,0.23314372234379346
0.6809320625885047,0.19822143366526562
0.6276389910676228,0.3441803859132112
0.16729812758696516,0.04848861783816692
0.02829121237587709,0.5086556621455793
0.6810176594129244,0.6706971499127996
0.390444595602533,0.16253749331844608
0.575350784556366,0.618726507228522
0.623620832796879,0.6102181923101558
0.13420350262013508,0.3448604628575488
0.45349565300227446,0.02019575353312732
0.6038375350369954,0.4485357946378945
0.09976099149379035,0.09764834400501332
0.3828559979637544,0.2438898750921418
0.6206344442364056,0.44432248789690143
0.6567658194371606,0.33023347069942505
0.49070041116316726,0.08011853988434377
0.6607306424601443,0.5352050736579286
0.6576005570087865,0.3447092594944189
0.5451481531712724,0.28408257046405677
0.6097806600647687,0.655680818666962
0.15117688389310108,0.24524809706590794
0.43939960786226273,0.2850399689584445
0.3305312619656191,0.6121321199325572
0.1476221036084154,0.3331613410303911
0.18457957670633895,0.3969039736216358
0.07574809039265457,0.17524541508190944
0.3531552661476837,0.2695634010034417
0.025973523445658307,0.30116416509395005
0.5188426947419552,0.009645137690552516
0.5379105136267278,0.35647083959708564
0.4650922968304902,0.2561755239203534
0.6066670390048244,0.19101548559060583
0.5804251458913033,0.6145264936175101
0.13789856704627768,0.263006688212411
0.48030431496306975,0.44946823358827226
0.3778520525395068,0.24562118610798428
0.6861283380048809,0.4486687489965192
0.6298073658955772,0.3404247183430887
0.4345559778573883,0.4278917743297262
0.08506437950919779,0.5000510979480837
0.42898144561870166,0.577998971479994
0.06240014703668416,0.3782479233455126
0.27119246922520335,0.6806602677255197
0.5647552618313818,0.6027466260931773
0.47868350707240603,0.4344748422099605
0.5428096964330545,0.4373013836685681
0.5188740089711924,0.4811269975167884
0.5259882444711456,0.37301737579406224
0.5473739558311497,0.6204809330284968
0.4515312406609283,0.3027385963482058
0.44038374044229955,0.3407124049780072
0.2367493979611044,0.46371911850874814
0.5655599022100287,0.5884424779582287
0.4897620442020404,0.4027818914906891
0.33899913144535215,0.2552331344025364
0.6948669642097385,0.19349285294146348
0.5156217250770249,0.11807312967249034
0.4316578281450914,0.5591089663381331
0.36413553672229027,0.6526012940597773
0.6602984307852436,0.5014383822834603
0.5944913525056851,0.20053861398520673
0.4667944282729506,0.38704544723915574
0.19781292093253922,0.24580353754644133
0.5162426423519186,0.5067086557723387
0.43743300796376006,0.33624550509779527
0.5344298016164845,0.540810849990015
0.11193769196227207,0.47415602367607845
0.599921246452734,0.00965450661649183
0.5349050786204826,0.42366796517124916
0.4131668390720298,0.27897800735965184
0.5918583200288932,0.2979190124466691
0.3335249806266958,0.28841166310997646
0.6750109094334643,0.15467964715390692
0.5019191809315389,0.208502003393656
0.5212652967095147,0.24076974907267723
0.17177030046826514,0.6190979096764335
0.39719486645151986,0.10903125625743525
0.6092766400935882,0.071289550688461
0.49944361478634064,0.11098478409622224
0.4493908201962201,0.1495742725756783
0.17499945541573514,0.4795758903804908
0.6578834063434824,0.5231607663237293
0.5790516094843736,0.4277400170921092
0.6484848092380056,0.500219540120175
0.42153052145566594,0.5140307303843414
0.46129942714101896,0.3523275469154391
0.45160118234341107,0.12750678087156497
0.6479280918498675,0.6689532219875539
0.42540554572883904,0.6661710590170762
0.5388843089045994,0.25545923778929874
0.4946831637645759,0.25788105852637544
0.591179996900755,0.3479157553521935
0.6323836141736644,0.23093151493467934
0.42996548221137776,0.3999495281594847
0.4666854118717657,0.6960716554387352
0.5254737339633228,0.21127611786256034
0.6497881575292596,0.3415102290410105
0.6248226135501819,0.45276032824065565
0.5322161540585924,0.30965032643076595
0.6439645532450612,0.07991223081768536
0.5231335661321009,0.46065046908922447
0.4725916521924786,0.4986569937203061
0.6388895186293971,0.12786298920138656
0.6401561535548785,0.5241281114275023
0.21824139939956283,0.6596239458573883
0.047143154198172735,0.2664177868458347
0.46127588891836907,0.4643145606699005
0.5173438428580476,0.3254129892795343
0.5539746481998175,0.507463064555527
0.586671857750806,0.5911729326226486
0.2289909588083396,0.14555205017651748
0.4116450705142289,0.24723575634465653
0.564212380273596,0.5716958037072772
0.5032252818701306,0.14945239440976366
0.6664831833891787,0.5224761275747071
0.6119669434335665,0.07016799577679972
0.6901866871129877,0.5608200689347049
0.5672709585019214,0.3317495371869325
0.2698793178041061,0.4444355589958563
0.3239593533591154,0.22846434179613162
0.5429552556839508,0.13773975656397835
0.6948892977565105,0.3740783908700336
0.5840243911753477,0.22741142524317337
0.46349718897572667,0.613185144533182
0.4693813969538372,0.2849067095218684
0.32568805980391285,0.3418029408262955
0.5909456109023266,0.5917313482478816
0.5340592512594443,0.6676164467189456
0.36486612166669197,0.37997750980759976
0.6849690342495881,0.5370310269678641
0.5402649409378586,0.4574444998507567
0.02376497548926059,0.37575713891022916
0.44106976109800927,0.38934157496684374
0.45175690604324725,0.6193713063199889
0.2803478874509456,0.526104375220583
0.41120433147049135,0.09424763715473478
0.5628126978803607,0.6411485773823022
0.3951281290040323,0.28458160293457396
0.25390209533825303,0.07881619926674838
0.6965125566263389,0.31558997863837435
0.4971451563089071,0.005451996335744072
0.662926708607096,0.4043707117641622
0.5324891284027045,0.26016575781701323
0.5940634130607778,0.4198692122184455
0.3601161332491479,0.08119324664977329
0.3699497340531638,0.37401005466555004
0.5895209189936372,0.26294068748259086
0.6502715441319733,0.3183734659104972
0.23633550535943426,0.09294310567022782
0.24281592477525027,0.6959767772346461
0.5963778125319631,0.08481562247258148
0.6072374114992752,0.5855917686346088
0.335284960597659,0.5735463359793247
0.5204829696897453,0.6132561564138027
0.0855461372405076,0.2995054496007392
0.6512798720718841,0.34051921444512284
0.6503592877546194,0.21524345032190534
0.5498940863227475,0.38589811483822
0.3628205107931622,0.055228393813190085
0.37026363388833455,0.6032112199363455
0.6526969913179653,0.3413904349335376
0.6202761383801273,0.330776064475072
0.5460851491815124,0.38341056395677403
0.601865009189205,0.639732662043571
0.5430645947910895,0.3146142489816544
0.4826374941095857,0.15199759293021636
0.5424048108977341,0.46215188225455617
0.5268440878174777,0.16768727753207185
0.4286305156355648,0.025047536065313108
0.623198494673581,0.06821008315708049
0.042071803026032945,0.21259727539683954
0.6173344527310844,0.3637294728836403
0.6601580638171055,0.05235851515757832
0.08869396525349507,0.3883016440708797
0.4825615254620721,0.21677176601568976
0.6819216380045635,0.3890330452511119
0.39350281301696366,0.3296228692044849
0.5604255253340579,0.22082934622625747
0.6230095552707685,0.46475528135685723
0.3023286852116643,0.5312988372720053
0.5976941913053067,0.1733066771277796
0.20516762527158194,0.5566684900962457
0.6675770101054721,0.2707421998559666
0.04720131090700895,0.5219245169358585
0.3834162576274544,0.30488146249781695
0.5737609506887744,0.6485392205838285
0.4348823342959224,0.5146168234320785
0.5813561714494315,0.6852431649608357
0.04416264384277335,0.22054073131215446
0.5427448674803527,0.5953978992252067
0.432551228761347,0.6569852232511292
0.5200472798297143,0.5665875388609287
0.6808001462483836,0.4736102733585144
0.49003698507023835,0.3682027138432432
0.572005463608825,0.46094532677352285
0.10945124051548397,0.35620815521162796
0.03421165197987032,0.6924389069145025
0.1595270003840764,0.44656667633960573
0.6813965943657794,0.4810740126817038
0.5803166034724292,0.4087178126600043
0.47957466108100605,0.41663078535560627
0.1855208094522635,0.28656841658590665
0.45221383668971993,0.39477639260926556
0.5793475913311211,0.36665832165850754
0.607005302946607,0.10256974978726557
0.08538438940178926,0.6513608361444976
0.6827614022764177,0.6054686443385281
0.3445469396249209,0.3892940165731715
0.6459406264857119,0.19035838041463554
0.1218702903994407,0.6774368194162834
0.44631957364964436,0.24849795739518682
0.3947653172788141,0.5939516195794794
0.4957306553979143,0.21052821826734075
0.6244594705655679,0.3931271631004728
0.634378054439123,0.5839836343026199
0.686845398391865,0.37283263434566255
0.5707336602566967,0.6014234517766524
0.5192031738476172,0.6996275625811291
0.14490626226701664,0.5514792253829901
0.6165765280799956,0.6995964108128516
0.07215909258113379,0.3439342887442739
0.4942341610917722,0.4957288667525633
0.2690064643719284,0.5642912727506956
0.651369256113869,0.5182983620434172
0.4987588299535277,0.4931878195882801
0.2962904499903557,0.41191343709470196
0.45121060542510494,0.3158744880475428
0.5636487162913661,0.4843059436900398
0.6734334664541595,0.46226097333851074
0.6270961488167347,0.372036740143565
0.6199566894151208,0.23894481994653283
0.6749042345014316,0.24037125186794506
0.44719477175910066,0.295289539760491
0.0502546196744378,0.06974663929181102
0.5220230716705543,0.31482548672985317
0.3693560086577272,0.30214459574778796
0.4627289489805993,0.5109168206192042
0.5049452986016814,0.13061194499227075
0.5329644324912584,0.3416020681202832
0.3664689932242681,0.32307861557003004
0.4687822275362714,0.20066842946616
0.3661703928977311,0.31821498704287166
0.5807248664650358,0.492393544250164
0.410512517757789,0.43236135433787704
0.6991631435111253,0.19130350366291476
0.4902036800202359,0.03946350663976924
0.3005047120099656,0.42690339975803704
0.5684430093462262,0.14710943029557177
0.5479715389072766,0.3634776748984791
0.5022797354405149,0.2737053363263774
0.4564464335861569,0.6229200328798246
0.42917823856796955,0.1134029658052445
0.297902616077169,0.13691367584887132
0.22524745660499831,0.48993897055747027
0.48362034282260263,0.44365996359772686
0.25556712962251765,0.3235773878298348
0.5943146717764342,0.41389634648690227
0.6545881620381593,0.6336362561150918
0.6289565580496843,0.5401187038084447
0.4278778067221725,0.5668228489010868
0.5800990227103424,0.27289876251235606
0.1994097853743026,0.1560201133677278
0.6623922601379811,0.6639879561237784
0.4122786619104572,0.32095380816268937
0.0955400179251903,0.11023959569817296
0.2796421817912016,0.3103127627001991
0.3634249974199026,0.3929644842376257
0.5360070687940465,0.4420297940704252
0.5501292986187758,0.23661438294553838
0.030098553029377056,0.32679766643291336
0.5458450360577225,0.6107349934628249
0.0015405526980442098,0.2724622633548671
0.6274953945696925,0.5728778028514045
0.6424735588066368,0.37330793430817094
0.4564800262271382,0.37171964560359433
0.49649144744476553,0.5996027142242853
0.5418802288390437,0.3299177062476872
0.3368395977368657,0.6898768958751262
0.504455074512555,0.4848470675104555
0.24079933171194914,0.018052977487298068
0.09256401934824177,0.125896998351016
0.5985889249020124,0.2884681301270141
0.402593281474799,0.5578412692140127
0.17971306694451653,0.5898707591381758
0.0019576772800670023,0.11722026664214089
0.47494992190582536,0.13529675643672665
0.09921836725309209,0.257527190128523
0.49697616866383443,0.6142600008965812
0.5523056147962029,0.15473610092694945
0.18619771240525432,0.6393880561018477
0.5729209757601333,0.5920555191322187
0.16821942021394176,0.5175949831587219
0.4448186423816818,0.4072118757011989
0.6647553682448197,0.5332958930299176
0.4788321796929534,0.24943326353481865
0.40393162928758575,0.6062493768123314
0.5579996403890861,0.32355125646500027
0.5617196609105689,0.3512553394950064
0.5782686296680282,0.6255261870042175
0.5832754263437424,0.2341578221535624
0.5123025905514133,0.6310877149361833
0.5489737848491996,0.1094168572122444
0.523891310075025,0.22619719545032396
0.2597874935066911,0.1591556304050397
0.39138708265892364,0.4600153929992784
0.24468630033804795,0.32235151646520704
0.5083059575950206,0.51711359562759
0.6020981893472359,0.46931991922200866
0.04629804731528955,0.6382792758870193
0.6664671299001838,0.3915558373316087
0.6621234082137923,0.4177527191388509
0.510475639562282,0.6069580022169309
0.08369391112432045,0.25610095677310396
0.5168914462695791,0.31432473371115943
0.5674347222431371,0.25096396094224827
0.013387425543367316,0.31646564020733225
0.49471567721559007,0.6130712539434836
0.44051557235778516,0.40106272409012367
0.5828054027698988,0.0322968826475695
0.5423844331666503,0.6017582268846453
0.4062619978797659,0.46155194128157195
0.636222511951755,0.3486700020366573
0.3677632210019634,0.3112607022624353
0.6365984046110333,0.38947545281106455
0.4317039023946456,0.5094990376087584
0.07190932234962893,0.10394881151576413
0.3413978831839933,0.4705075291960694
0.46788887748533403,0.5226398340248515
0.5762001611587193,0.16048553394575363
0.4506379087323612,0.06990097338593362
0.5101020675581925,0.5071142666382767
0.15521978703310685,0.2034366909366137
0.5101548978609568,0.31493451745984846
0.034131947666947625,0.23775622031454363
0.6889472325162131,0.37300568041957344
0.6959298093609932,0.13826862785884053
0.29753278261096383,0.3445812011488491
0.535710068338318,0.30842270280450285
0.6780766034117597,0.407399841134082
0.5374670323739729,0.6007079273228816
0.6242944081654361,0.20891765770141701
0.5554191547205117,0.16211281182474718
0.5164641766607007,0.24374812793515213
0.38569312903805975,0.5462679785835243
0.5540198129251862,0.14106593895095232
0.5776942116440227,0.466784931550958
0.2618345815882219,0.6054888019356276
0.5257937724557692,0.696869035773104
0.4286955679540434,0.11784281246062342
0.43827532595109964,0.49355137393046433
0.6303080388816659,0.3247402467171948
0.522364148691779,0.5337254586119722
0.555973867080879,0.3025439816851434
0.29588077467527046,0.26442231822238327
0.49055441652604476,0.4121083270631717
0.6497164816055097,0.4699999090842346
0.4763409073127781,0.4968545064385424
0.4462019821968449,0.5425666959330872
0.4679769628811945,0.6057226590392575
0.4484669090598926,0.42780362392754545
0.6724657870269733,0.41448282250674373
0.5634023375556804,0.5095670628879633
0.6947814790541382,0.6168547703080104
0.21696576155824132,0.6688178098663086
0.3234163787812928,0.36524367616868253
0.5487711676053357,0.5945059481692079
0.4531590689727424,0.4134930066074021
0.5898409022288168,0.3682885684060644
0.6223670464673438,0.22341214066244758
0.5969284802347127,0.3509989800892035
0.6180867913354171,0.5131857332971874
0.4367109060745565,0.0792749265582141
0.6226823126493473,0.5332359486895141
0.6395626062670379,0.35150134538085304
0.6449022020741874,0.6714462123962556
0.003435577101231834,0.2673535632907595
0.6325767300616019,0.4941662691887777
0.4188115356389516,0.03204391107693736
0.5789988490035999,0.640017742543954
0.09047899835044172,0.2687732767460757
0.03494874711614028,0.44775530131793384
0.18430918723387638,0.35344325496882645
0.45827862175187584,0.4960987725109161
0.4928169167317496,0.54166785517959
0.5562247548306862,0.476913234917828
0.5482693707755832,0.558282656541129
0.3635313737254328,0.5010957833949935
0.6931714590203333,0.49660634163937695
0.517924691257794,0.5094901849238452
0.37601251573491745,0.5075901136269471
0.6501637485260611,0.19168926874920506
0.25364457442810523,0.46352454428589174
0.6605708014286717,0.5601426894651298
0.6336896995963872,0.4383582156247441
0.6015358134349111,0.3130432804175902
0.6217415849225087,0.34831516776003757
0.44466078340686577,0.33181453673376027
0.5316522102839187,0.31955269752586424
0.6179604401014642,0.44863825759251497
0.4681893054868669,0.3436983617127633
0.36449561274122994,0.2776430934461853
0.43918992923211686,0.5578837416464678
0.11247039949925083,0.0256976107051528
0.5536672730140013,0.3256542619477765
0.40605753669589895,0.6886414463259236
0.3759743158681689,0.30962580233725245
0.600713055683275,0.2802937243944679
0.5479754236901965,0.025133717984296318
0.4183147205867655,0.09404243804441056
0.694284192941175,0.5380090054082043
0.6838156822336245,0.2785946892038846
0.6463241685345094,0.42245284364946595
0.5897223004203404,0.29488725599926363
0.3777525368505743,0.66825058693626
0.647140514836667,0.3715728687651914
0.4502223878708571,0.6516543694817494
0.11872379381433645,0.36177624652951684
0.43038409214034723,0.35630689666604065
0.019203083964051203,0.4859819009628268
0.619050646343351,0.6660552979262181
0.5203462751610715,0.1212605066608046
0.5381778122437767,0.29095740927044644
0.5108868392452908,0.35381549579998284
0.5988681104517092,0.5435534343564609
0.5131653221612662,0.2949613202657292
0.55055358398067,0.5834586241535916
0.5817665037397846,0.14751079077016452
0.6719626628197157,0.20571129789463197
0.6522989897979843,0.6279865841908848
0.47862427176199296,0.05911954174278812
0.5537924929493256,0.522621665518617
0.47019618243061295,0.46629288450168743
0.28409265774810677,0.29745179691094803
0.5411013891931901,0.6836848977247522
0.5903404714398236,0.6216722677509522
0.2083425633280011,0.42744028262560974
0.621310572510102,0.549844910560467
0.49949315218543244,0.05683269050004271
0.6865656782692241,0.3697251166409484
0.3138307312572871,0.450747105532882
0.5792940580602381,0.4397314357369045
0.562409814962426,0.10831304386566926
0.6122751558228092,0.42988696075569316
0.02212205900166171,0.45069914252612053
0.32202331818530916,0.33604926575976224
0.5111583868254614,0.2985965275867234
0.49233810809903017,0.1773603197626299
0.26027575926569907,0.5420590361862668
0.6186882818457469,0.687471689395441
0.6581264222249081,0.22107775231731025
0.4775516265979609,0.28912499380639134
0.4548573956431852,0.16413522137093764
0.6292206079405872,0.385903627575489
0.6143664839807401,0.35425523354450017
0.556585088774711,0.6098173258463035
0.6688039963691614,0.46241955284320957
0.4704965685392185,0.3616145721358232
0.5716990066296158,0.29853668832794955
0.3218979980293969,0.6976556466283863
0.41315073013488945,0.23615013400943535
0.5088286679327978,0.2187733547740711
0.582155319243872,0.17682295540332738
0.4231972682516727,0.34860245575398097
0.5538681598602978,0.6714164997291161
0.6689158802100776,0.16501554816985778
0.6782577288176082,0.47446548960130064
0.5403038290575447,0.08052019007957757
0.5244593257005801,0.00499412860009385
0.44105288629312966,0.661289758405569
0.5234434331553406,0.39843917198181333
0.5357961022946774,0.6030974161771159
0.5737545157123898,0.004748779378891739
0.5982676741534714,0.4871943480365342
0.6220254516368838,0.34362217339087725
0.5272884090921264,0.48719697875196694
0.12276625604219471,0.2621917814460641
0.38155589520164934,0.09665786996592034
0.4357015062165275,0.43553350513178457
0.6307300023797457,0.4873834852412496
0.3477123886247035,0.19729912198475658
0.07945811605192792,0.013726238977724403
0.5310528187390724,0.4100863172448444
0.502203654700232,0.3237808799475434
0.05510319348114223,0.16086663313586147
0.5967307173696089,0.17477785994964012
0.4997030453200672,0.5843825775904679
0.049338406419342645,0.2579388493708998
0.46539648929377897,0.34576368743891595
0.40049311399094745,0.11870684004785009
0.6399534422332448,0.1079358446050567
0.0071005701949531375,0.39308298016416554
0.5362811141632207,0.33144623135436513
0.4810673742064203,0.465698350402435
0.2313763656221749,0.5793693646528001
0.6681840608227043,0.19726969027818853
0.006370954442685323,0.3816801656846995
0.6265924814542198,0.4376309402652877
0.39930054558563055,0.34543395151898004
0.6129720159984752,0.5627026289129841
0.6471371657141658,0.32457086312207245
0.6750177786741758,0.32672284240489124
0.5523375476171559,0.4862357759907711
0.4889617271191376,0.39712845101857747
0.5363035648812491,0.2859680078219721
0.25093159133550624,0.5438156823013774
0.354991436459048,0.4303465147409138
0.39212584677195705,0.6460558553166817
0.6270573545827736,0.3143439843267304
0.45571848968187345,0.22809355803825943
0.4995593966009688,0.3071551440258761
0.5657847485949073,0.40373598023300056
0.3887737907768094,0.664778380607582
0.36095361876762233,0.634078877023618
0.37546822122078416,0.03651159322722912
0.48318353329920116,0.4145220995928611
0.455883311517633,0.5072040856711802
0.16054818477833516,0.059606123903043734
0.566794765979149,0.33302721752492237
0.5034812827310147,0.33097342436391086
0.5071648320581819,0.3641050575506053
0.48399607965951263,0.0981442437246084
0.3010900453016594,0.36150558658669685
0.6293817525565163,0.48998602746525566
0.4156746192051491,0.6536717800437208
0.5808392506121107,0.5507811388326733
0.4787053535635563,0.23566810473707075
0.01877901871083414,0.19113857779131438
0.25788358182559734,0.5067070637698027
0.5522525229655135,0.4141396454045498
0.3972608877624083,0.38832841661070894
0.2077249629120399,0.6333104088619224
0.6517613314335047,0.3048328406515817
0.6029376390726958,0.35589229576913384
0.6102543961198724,0.20388615548788308
0.5597761849911634,0.6769614023774344
0.4141949621725906,0.31830347348869453
0.651051745130184,0.39138034075015105
0.6542976656031512,0.41219473910610055
0.5839821471300252,0.15059826875564775
0.6932663888885494,0.33238719301009173
0.5143553720475713,0.23797630332966127
0.6028889188861131,0.2800330176854267
0.4582355399398516,0.6885335112522062
0.6766543910543791,0.46387849203348913
0.42422207063304185,0.11245696678949249
0.5275461028258313,0.3892489528526183
0.5756216803308474,0.2606370501205809
0.1123551318340048,0.2831523655467848
0.563097498191255,0.5199614158054043
0.5403855601310338,0.3329410170204957
0.5834905130295277,0.28314763786264585
0.39089768928790025,0.49397449185418285
0.5175105602475951,0.14299787684721094
0.48918649376720563,0.484302875789837
0.5252120432672399,0.4326560976077799
0.6893236930624191,0.4490697432618617
0.13150683600601148,0.26652243407175524
0.654534295742939,0.6514566826222375
0.6195693543824449,0.2235031576513432
0.4114362512658281,0.5984910664573059
0.47188242438121564,0.44169245429765647
0.38023257203338545,0.3502933857568392
0.266612985611897,0.6172886993638489
0.5766844706495917,0.6878554867811577
0.5751198141328562,0.20887910286293193
0.0996260197236182,0.5256978191134183
0.28373564274823426,0.6309150840602553
0.6696062034231072,0.40616174247468734
0.1536022537106143,0.24857093679998793
0.2756032097195612,0.5938013727515784
0.02014295706886402,0.2968540571089341
0.20846485432752554,0.44962309307087667
0.3885827275289387,0.12418686570867178
0.0025851378360801786,0.30789986565509775
0.3994439705718041,0.6914011516260734
0.4491186943731116,0.03372603967705197
0.6653815332984929,0.516147920874638
0.48893844094113414,0.6680571491005046
0.5507816608739572,0.3756365429447308
0.2653203094317364,0.6133408605436566
0.5475802229935216,0.6258420948089072
0.6434351589903053,0.5409331308718291
0.46969334746642377,0.45833340150914514
0.6584400510712596,0.48483598357123286
0.4994691558276856,0.11917181577996863
0.12477982607044971,0.6526706596456476
0.6702902946881824,0.5514261067583207
0.5532039850288613,0.6589313598686887
0.5428653134653769,0.1196451778505582
0.5088105288298193,0.32668896835388356
0.4672902559761864,0.5900691829877238
0.46774900506047423,0.5113449595498509
0.3749471314677563,0.5090308059730033
0.16901961919093494,0.26581708470765064
0.5334325034124577,0.6329535162274629
0.6040753272262903,0.3377201489259138
0.42489734626001313,0.3141850758902923
0.2555664923344392,0.5677426859685215
0.20365389886230068,0.3238130528456965
0.5514706696094563,0.4269575132346543
0.5978079491662515,0.254597072897746
0.2852377375998381,0.476659496597378
0.3884280748902306,0.5609002990046442
0.6045668446849792,0.1562611445292116
0.10150730127190748,0.2017158009750325
0.5783746771888718,0.2326382386548605
0.5564498337420836,0.0778455052477801
0.5634084385169092,0.4431926894505077
0.5511918721367081,0.4566327729453533
0.3195706412052011,0.5523387467017784
0.5810443156083227,0.47873176389275535
0.6098682535830305,0.47267945643265324
0.2307724323840743,0.16262024309651016
0.5678510721012651,0.6169800338004172
0.6215519477139785,0.42714012074089824
0.04906728512528714,0.35981957807729426
0.66097730276864,0.42427056880931135
0.5325753244554556,0.4170472232551427
0.5883315771979495,0.22059038871939354
0.3853771206863973,0.42768024510449487
0.5854671601881908,0.09550913764691815
0.31797882079927686,0.5618961426737124
0.5375410247278276,0.35965571585075407
0.5629775971818536,0.48183323375162607
0.676997358124752,0.42486430661125574
0.40885737977418346,0.5868128394588865
0.5407271180781644,0.08535091504398637
0.30802565718087266,0.5172615716369733
0.3866842424164768,0.6281759241403336
0.6360384108823202,0.5067823373308183
0.4998670859629905,0.5059332784507365
0.6106761120304778,0.6333496509489984
0.5129503468068726,0.6581399054077468
0.6093721384179671,0.34896279368967414
0.5617929562286591,0.5334940576681949
0.6607053679983228,0.3353445160667031
0.19025703571879202,0.01127692851713797
0.06865987724360245,0.3006025790200918
0.5040665711950911,0.2431638403437616
0.4275300070844313,0.3627433796900378
0.42766091468911666,0.5617530624211556
0.5951734616457691,0.42526462763193856
0.4072875179336852,0.3040696340826639
0.6943705542429562,0.5276080388513941
0.09168721889774056,0.45267891908049535
0.12839987318499932,0.49418707811178986
0.524978372065896,0.3464786084491535
0.3931790922484779,0.23358320843150707
0.5743019117368563,0.06895230124480081
0.4491723943755033,0.20666448164406234
0.43652227146109923,0.37555817098570654
0.6792910480415978,0.3496238445622215
0.4489334087431632,0.07121418084389691
0.5937626234849955,0.3321778791823955
0.577598796936906,0.4696963234842245
0.46983665957856635,0.3063760640437553
0.4910168129131369,0.4664176183274732
0.6117940258675756,0.39154860527837837
0.4219425083899693,0.265578598448622
0.0873852357421156,0.6117490325152801
0.6556857032806814,0.6136800742749927
0.6914069231157717,0.6842688997284633
0.13604651365439874,0.5794409330736635
0.5569550819786011,0.5717537558678103
0.1768166750722338,0.2989816509289974
0.513645914009905,0.31636668406047996
0.2872590300603674,0.45056536957070764
0.20787351685885894,0.41697299648880265
0.3461245441140538,0.28004717448073824
0.547389626041678,0.3304023595067152
0.5531308150481207,0.4143686795060262
0.1911818182871292,0.527659127791843
0.3300561976821373,0.6401638708728901
0.54397694663086,0.40372457125025574
0.4487361306258172,0.2206711363137649
0.11643668008680107,0.017808023871056837
0.4011908429551706,0.2667250312901813
0.5734446756934208,0.19089903470617925
0.06837135879504018,0.26632006717422585
0.12560527344232525,0.5006011556539477
0.5111170636485496,0.6088167988084313
0.6163666278907138,0.2462964848001926
0.4052888872914889,0.13681333413781657
0.3174773986560089,0.5641858088418439
0.43166034072486853,0.5521013741512556
0.2639338466915041,0.3028285261633263
0.6734571253317724,0.42366222269713777
0.5752820612288531,0.32326119262033537
0.60269588552545,0.5747097861988287
0.5886287131629792,0.4343964507641296
0.5463794446497967,0.12212056176936929
0.4305927953964416,0.1323494360384398
0.5691216816388587,0.4313606140314218
0.3845562664798958,0.3564143497150618
0.5221389458374346,0.14721001768823722
0.44154865036228297,0.5248393663054352
0.08948255667773232,0.3694474431805418
0.06712789131408801,0.4313614626524977
0.26565819055290063,0.618994879410536
0.5446912659852,0.49657983627043073
0.5002172531946864,0.6239923614207367
0.5836510044640263,0.09653064781924131
0.44174653325176844,0.0812679702942816
0.5018208672249195,0.051944133943545745
0.3097957538451515,0.22097158324572264
0.6095206670109886,0.3717043177332841
0.6101236309939495,0.26526331159807587
0.6453934152006897,0.17770866024131063
0.6400748238972676,0.36584012243786057
0.4006840055619388,0.15711005848062704
0.5322857312941434,0.5241140251345162
0.10558604729591661,0.5570750107403212
0.5916043465711497,0.5425924139712618
0.1427978354808767,0.5599561897484888
0.6165312044817983,0.49603612055432256
0.5281614913239714,0.26371648140621823
0.09883901676498805,0.20800843367527982
0.641493125892111,0.4482343245900359
0.518524494581409,0.3338520355812108
0.6725500307993776,0.48729635124920023
0.4858562655492543,0.3021601893383238
0.5791844008413903,0.46956078654998623
0.2234331129695996,0.42929549892369157
0.6905009246229247,0.3140031402123278
0.6351815562784968,0.3128539870378709
0.5879781200592966,0.5912882129084891
0.6133551182032069,0.643017184982738
0.6064156761420102,0.5416960761563484
0.4758292206343484,0.290436208318769
0.5712171986741945,0.5746042773391425
0.6417214936156109,0.22486008080097392
0.4661103319043831,0.17705375166927848
0.4324054436614831,0.4586945715924434
0.4651309303509893,0.45239268713742764
0.33836978882551494,0.29819281111272455
0.5158452481229161,0.46545908846254697
0.6002129425258661,0.5337925206314607
0.3998492250236843,0.5998955960013622
0.39492601826881774,0.2695783006031959
0.5641309388524798,0.16192996217925723
0.5109727417240739,0.536659580915269
0.5675372731862689,0.18029976377338677
0.3975618862008122,0.3601009734449262
0.4750106753620988,0.41560918500601124
0.19821982088812762,0.32138950372338126
0.2067602915379554,0.1864255430983694
0.0873735302810579,0.49170060074144795
0.47862930289068895,0.4666063750820996
0.6050046345926746,0.4651220866870697
0.6146054804984818,0.3550360534221276
0.5103538428921881,0.6463811283738043
0.6198596481087767,0.5282463427739514
0.6906303660313435,0.4316475677744484
0.6279497906235987,0.4336616008696409
0.5749001149447023,0.32239671487276544
0.49651493341643366,0.36659089165504144
0.0994684671634235,0.1459439548886048
0.48364216395593207,0.31709926089756224
0.4497887802453864,0.4437727336133027
0.617978271138763,0.38623313017014416
0.6679915918331849,0.4837212014496407
0.3510426848316421,0.24029820807470476
0.6903375758852979,0.500083624799381
0.18407829482720944,0.11429050561627972
0.47529539519052555,0.22658891619496685
0.5015977928256112,0.4736914563416068
0.4697046665648042,0.5905184684411434
0.46620824134661776,0.32850088803325095
0.6481834837672545,0.2914418003267023
0.34665669310124814,0.3551867315248455
0.618425717533346,0.3833361442904627
0.4209486414660496,0.5234281239980423
0.6398842048324568,0.45418822852249346
0.07921707023524947,0.3416640006465551
0.4681684761514915,0.6886213449137069
0.22063949915923547,0.49610396184604005
0.5739099636329988,0.36524318273148626
0.6288061371404037,0.456364929124888
0.14975986065849883,0.4894228901441164
0.6923912235426419,0.5238637867203443
0.514954470127607,0.35259274677286023
0.4539640474906481,0.016251634521927964
0.49428718298759305,0.061848071028666185
0.5575005631841012,0.32369404783568984
0.4605398672171821,0.3395459569712871
0.22479375464385043,0.5110873575502255
0.3651567164566685,0.3398595274590701
0.4250583289738218,0.2221854329294807
0.07956251824965341,0.05903021560517836
0.254304668420733,0.40934259729870986
0.46464684581322513,0.5127530814956537
0.5630744903601855,0.17069223656526616
0.537971100489485,0.5740813841603741
0.456544326847771,0.3634293539911917
0.3996839995771716,0.2065370737842924
0.3072681340192773,0.5512446538256905
0.5264103398515041,0.20363799137534205
0.6272772558378182,0.38625103778570313
0.5316173151508433,0.463989297469357
0.06918458150038899,0.48676902187035587
0.5357019174278562,0.056266001188080644
0.6669576145470765,0.32490915240410645
0.668647954771536,0.4912153150260342
0.5905052957961886,0.4923162546810696
0.11636170212706201,0.09484785492310689
0.48503376057088504,0.5889180279049663
0.45508923468395673,0.6297858963267196
0.5252226356240925,0.544182208094887
0.47993318002048657,0.3361175337088831
0.638508830902937,0.4349192448471575
0.6194484263308772,0.09190158919914271
0.6540888259526831,0.32946820725766135
0.4900212831943349,0.34982704541849097
0.5091794337514561,0.6751972690684641
0.5374510664654499,0.5151850738836966
0.22877639024001423,0.2996029222829563
0.5593296081780978,0.03125907641503639
0.1911718496666279,0.13540530185743013
0.4075788505879626,0.4241567408271319
0.5852522733967832,0.2006258451381246
0.5523136314308371,0.31194140268811477
0.49969243982940226,0.3777619277987608
0.6288122169786393,0.13892940848655524
0.4322832534516332,0.371405515468231
0.5653068275986323,0.10792079119731218
0.33927625413617757,0.43917271839836325
0.5442737103325268,0.07225570572765516
0.4728849674522362,0.37530389736354985
0.4076132156347552,0.46421861194932057
0.35220229415563986,0.4439519851433914
0.4571796451221264,0.13240944533135024
0.21286721524189864,0.3620752552403969
0.40248740121159016,0.03011343111822057
0.5571114180612783,0.1572121504916441
0.2778959222552254,0.5529710108026639
0.028226954873937588,0.19119129798495377
0.48931494555020416,0.47646974807246945
0.1849269271717609,0.5322965563814545
0.4243675781041557,0.28503661515223455
0.14085400347647214,0.2854862748215066
0.346572953527987,0.6368912924154452
0.5520530204978752,0.43011668949376974
0.6853080213255792,0.3639737283408273
0.6283210170076158,0.5298877594932467
0.572268773109906,0.22664250466932373
0.4371047454463772,0.23994010109942485
0.22590925350755842,0.012411797004069487
0.41803556947962955,0.3740690848810029
0.6660617764121084,0.33727300908504154
0.4800863475311312,0.42469986463723813
0.3046555945972589,0.28525448432790157
0.6321644754568176,0.48528231184709003
0.6376520254290066,0.4051005366995443
0.5496197927884635,0.5881250286946058
0.12108680661617341,0.40615647409785594
0.4649801169344753,0.14318238766729996
0.474861250784804,0.42617297025790507
0.11363669203639111,0.3851273315201126
0.5946169916526919,0.16717000471803747
0.24182795924707667,0.0504206704818608
0.5518351403122421,0.04012540777316373
0.381540035056041,0.3617806553177328
0.13017747686742387,0.6293722485100035
0.00790908771270089,0.1678908907387262
0.3526037024229629,0.22074141117675547
0.5188302833368377,0.6067461264302904
0.501938642683371,0.19685581857623863
0.39792409043387034,0.40152734810651886
0.5538709697111303,0.6829291785970601
0.6820876071032759,0.369698583572609
0.40614287809763205,0.5875949687585338
0.5470207922122007,0.4049629849408432
0.4247801115377483,0.0917098200208213
0.6097849602085849,0.13071937339379291
0.502765225237336,0.5294031920791841
0.31942131144059155,0.3383364004445838
0.4088918951665094,0.29826453222094573
0.5804199349115275,0.6164635929038949
0.2586740489989251,0.08849815253528001
0.4900029817532969,0.26826519852474984
0.6924659569839512,0.42791388741870295
0.621645203859682,0.410535242998164
0.3027504499523244,0.4427487826301561
0.25072149941233074,0.3030696314390138
0.5157901291449358,0.5976813865904207
0.6875817341950727,0.618093272758603
0.22894932402526028,0.350777952574592
0.5074777146047132,0.3210649558097673
0.4848977643953898,0.39026354089767124
0.2732849465921814,0.519667892601029
0.5195174965898088,0.15624045690989682
0.20085754167979158,0.2247730545890317
0.36080846828820207,0.25341481264658217
0.21689332852082166,0.2660852961947541
0.5133038998040442,0.22347600565544382
0.6127415072273635,0.30679483517660056
0.47930224312725533,0.19298316009616368
0.49794710827464306,0.42970333019919477
0.22367763776396443,0.1247180193785705
0.6028102009818562,0.45668058980727555
0.6888441838982751,0.6848677951722287
0.6414723426059507,0.6004236054336337
0.3927097417166483,0.05910846265738988
0.5544879211221524,0.3153689326263927
0.5739690723090124,0.09254786323579016
0.06575841317165482,0.6485227538812017
0.0613074058138485,0.46988028637013235
0.6331135932406106,0.4379652996829021
0.14388171025841515,0.3310466216734971
0.2567564006119398,0.40074005342174984
0.5263017310190418,0.23818602592743784
0.5831406927983012,0.45639187143760973
0.6121777739311907,0.17373137289339857
0.456031865568741,0.48705627855347344
0.5306997713498347,0.28268066449320844
0.47888762093028536,0.5492616778635848
0.04282641090106701,0.2037333563675647
0.5646351436224087,0.5922054317647988
0.6434823907715824,0.42842631926493757
0.2705951315386875,0.061410988369989664
0.2552452835622727,0.11409707166987064
0.554188451476564,0.16424664659511798
0.3672410623741457,0.41864986262370923
0.4100613110749213,0.45587437800273606
0.42221546634096485,0.08144064293978634
0.520797935620168,0.33665221221183705
0.5781967827599857,0.06224716144982451
0.6175646330300218,0.3745665143192412
0.6241239534239535,0.346005293102878
0.17494326845531785,0.3825165443922902
0.4759969221855169,0.6183143570921854
0.6141679844301176,0.2908973216362591
0.3205415354388234,0.41361368194888126
0.3605624266332938,0.4575616066407611
0.5297879496208331,0.5878129921149889
0.622524447406368,0.5191622509562339
0.48669659443181623,0.5862704546215001
0.6506993656880088,0.45635374443563176
0.6720793889323484,0.35274477465539367
0.47109027596106895,0.11799809362375062
0.6018066328870407,0.5002088492639203
0.6150857965418567,0.4308643878975222
0.548234032181794,0.5270654395823358
0.612020586918826,0.2135290807911653
0.6012411476106677,0.5638044713793942
0.6741505865730392,0.41751629594117773
0.4218184865898815,0.09703051872532481
0.5932979150888875,0.5210162631832881
0.5204613317591527,0.6795936787487731
0.6564850919045349,0.4425571032517468
0.5185828513174277,0.4026766257261377
0.5934419572901409,0.6060956787047745
0.591849130557355,0.20946131294036047
0.4258114911619243,0.46948406816738375
0.6447705990722187,0.4767421813513791
0.3830401678375992,0.03217731567091116
0.38198458091945137,0.5344049812216844
0.014654393014928694,0.3102617338982528
0.4535900601730959,0.4666957196660409
0.3730198743980285,0.14135147368886966
0.5603518703652396,0.24064983394315623
0.43248599051104064,0.3984018947931599
0.6618213909429449,0.4347460799846919
0.4565786218926023,0.5221469105411888
0.34647074890100327,0.4965554944191697
0.5736367065947489,0.46934374701857046
0.6591676325794578,0.5179239289974813
0.4888308968310633,0.4434165431385811
0.5230836067044594,0.2712300730404
0.6750425848391017,0.15184545122992776
0.48868874791596645,0.5238777914748912
0.48789097879496374,0.1673091095090955
0.4228247931850749,0.056069633689339586
0.06314197847645257,0.21572691689515522
0.5010233941399129,0.461992961505665
0.34593815031006603,0.6451154307648745
0.6452256088367111,0.671641613362173
0.55257372234651,0.5998697407107508
0.5582666271059207,0.24301223557786175
0.1410242027611901,0.30336533352950407
0.5984745567199583,0.25527289574352185
0.49489006461326995,0.6200124773495056
0.6876279810885069,0.199175730804445
0.5678258972169749,0.002074682398559888
0.3506705555835754,0.23824173354542733
0.21349655456347758,0.5034822890052384
0.5816398159773607,0.4328804487616966
0.47586882104101935,0.3466348410999741
0.6177017253357989,0.5154982536233172
0.27345710626451514,0.31372075342630135
0.37699853439693415,0.17565781340781622
0.4172747904027754,0.5365906591893966
0.5945536883499934,0.4030564375250559
0.4243588654974084,0.4812337713466606
0.6812335055371794,0.25126761567377986
0.4057893808560724,0.22033613029577814
0.4383124322487763,0.3607946785721793
0.35296034957634226,0.10795009725932553
0.37075684923703894,0.42748155361763024
0.43825654489447796,0.4882734829112386
0.6550234630534273,0.29504146685620863
0.6985495231088046,0.40655231282943904
0.4705320541200646,0.4444173229622142
0.5655249074755778,0.503328850259265
0.5089486284026231,0.4863366262191179
0.6059696553803621,0.2229527077233204
0.5335249361249789,0.34547095186299936
0.33797862399904355,0.4855857434202651
0.4246879395600369,0.6130415337006351
0.6487534855851677,0.08957810884834776
0.4448828939915074,0.43281906729559466
0.5780377497538948,0.31220392507342754
0.5729510866051823,0.5140735701783077
0.5434906509942962,0.2415590921065125
0.48951079484445065,0.6172664888210272
0.49246616104346763,0.14320233806894272
0.5408745385395961,0.5691981730813213
0.5931077722461705,0.542478955241735
0.43996511192411003,0.5078272137435036
0.3556900031844611,0.6794405026180764
0.4496023387695322,0.3732415205278674
0.5641991229906602,0.602753517245102
0.6179203783645582,0.5184032418731772
0.4803024764368907,0.3619985137182069
0.6385482094256941,0.5150806076724451
0.5677831053808122,0.16399009185213367
0.5131771871045903,0.5775281747802024
0.45421008334437063,0.19979019928957015
0.5593726602157126,0.4856270762750253
0.6187751871434392,0.2185395417943819
0.36633804608549103,0.3780547190222175
0.5443931389860243,0.5219654272224078
0.4927283142011155,0.056292696130781805
0.3329457395066793,0.4124472349396885
0.519349825937059,0.4896740462826149
0.5325122863517956,0.4425969222127077
0.1280213206120899,0.13455163999702077
0.5421182027975544,0.4255401323819379
0.28525694862938145,0.24759832378426816
0.4625855758741416,0.6496637480394183
0.18623438905709266,0.13685306195287475
0.6723883306463477,0.2605640127261257
0.5099264356312427,0.1178354517327474
0.0815396860537759,0.3125884545862706
0.5332980834469428,0.3751417793066859
0.5630365560332101,0.35952458755826444
0.5534017220344775,0.33047556878861195
0.5971259207958122,0.35186038038903317
0.6379623775516341,0.5267130604960975
0.34860569271122405,0.10394353637323223
0.5988944549156753,0.6560358271467801
0.5602771645328416,0.6433980929218678
0.5121518479555159,0.5074636600979344
0.455746722342536,0.6530889123653558
0.31211151860867303,0.10891293520320706
0.6636645579970427,0.3074641292928958
0.5835947710449277,0.3390916521649065
0.40431113767580673,0.5962475538033315
0.6044463398946027,0.384438359348456
0.5187508593373924,0.5203203628072722
0.28516420086649497,0.24045193504690315
0.5526562897574507,0.2457039600813682
0.36408678094239666,0.42916777197860645
0.5652732494450333,0.17977627896464177
0.43044864649498354,0.2876271686868537
0.662832069983305,0.5796935597535957
0.42021959511202206,0.49754251060156823
0.17221662089011291,0.29225671880741527
0.38663802730025887,0.4832954115460147
0.529369367727629,0.3722597845582439
0.33440279291638314,0.07859383903879666
0.6464566130134721,0.6951088347070504
0.18704683914169629,0.4109415289570284
0.47457819027016657,0.4230595668818052
0.37771733002427976,0.28280117783656156
0.3227610870525155,0.6863913257728247
0.54446124739261,0.3692799902777029
0.5741030409027709,0.01579696799121627
0.5990040555250207,0.18173887319199614
0.5053842869452613,0.36495110192026803
0.5529344528590994,0.08651936110276792
0.3999265111998483,0.1547411995457172
0.5339005148227234,0.3880984983755171
0.5677666385382595,0.18156050652552833
0.6254360883296831,0.01891415168198235
0.6116752306688128,0.3672780074649401
0.45944479641091485,0.47149379077011416
0.29117556904892505,0.13377456176459804
0.4740802697085714,0.5046308558831055
0.5375451873889002,0.37095153158534006
0.23907563693881964,0.5974253125762543
0.50780673993886,0.17718627922914398
0.6536050882665175,0.26399416524906844
0.6349006886268572,0.4266929217185184
0.5248767530662748,0.3086948658506651
0.5264468150191154,0.29236242858191197
0.6080488416899259,0.4725913891128202
0.3790315084915221,0.2825929650662852
0.5411295249853164,0.2994120629851336
0.5937809687511725,0.3890022870067568
0.16479110412123957,0.2860936914559242
0.5359237334917987,0.660394398439945
0.5535691250353436,0.33927015895278606
0.6215548512467286,0.2104093808941539
0.44552107807642416,0.4269762274043292
0.5602692026543963,0.555400701310814
0.5276775459079601,0.33364565741084246
0.18041606494184628,0.5367496981748383
0.5537244173369879,0.40494674000813224
0.5581231408070029,0.08035964654066248
0.5629235708256132,0.5310061848684254
0.6359938274645878,0.4740038474442929
0.6483683849682824,0.4932123056526686
0.5303981915787186,0.06110408579930742
0.3542642018559714,0.0182737396919257
0.5799618169016678,0.35134140207516973
0.3148760985133223,0.4409006963699868
0.10314151145003372,0.34152231643003556
0.4145594390773581,0.36498811708479395
0.03389664376595518,0.11643378777384213
0.3912022402970772,0.5178081808156144
0.4016866443167037,0.23498237265024804
0.5207835945071865,0.6745672200344012
0.3483964387902749,0.17345529967114387
0.14775732619235993,0.3977670497940628
0.6373667930361026,0.5403834712138585
0.44072450024252946,0.5033926036647437
0.1200740979061948,0.21981518981031406
0.5161227824266235,0.5888908127901445
0.47339431363079304,0.1779607826649905
0.256560703269041,0.5897940217152219
0.39762914171484165,0.28137965070875537
0.4684537221120856,0.45588421196298484
0.5003651856656248,0.3851879555461585
0.38700663748549974,0.23160771013543632
0.014331299035175937,0.21535601634585852
0.287582437404595,0.5466701934645394
0.5130875681694271,0.6950327850864121
0.643503970295503,0.38334196817886784
0.41826149968757165,0.3742951383611934
0.48554418639453023,0.679373850255142
0.6216447229381229,0.1540764185016823
0.07458465892181153,0.19823425848224913
0.5836242283731997,0.46446768455417603
0.6646942002747523,0.5318301484910495
0.21128254485026945,0.5652149042349773
0.5883211777968634,0.2664790018734485
0.6528061116078414,0.4295472221991802
0.44417059432265005,0.25419409568505835
0.23079911019711874,0.4287024434203063
0.40275101569369964,0.4571301313413502
0.06005048664623763,0.35678954713255095
0.4576887489935101,0.47171658937938665
0.5349687329900542,0.3826081634282196
0.6431863719089028,0.39311449952053645
0.22844022462912128,0.5223712319924105
0.49118336970355136,0.2702213783714371
0.661900257876901,0.047745026966235074
0.07996112820904011,0.4141072359171851
0.09009900729633065,0.5538941844107189
0.23064384002580496,0.5378411812097722
0.011811805998907762,0.12574329525447733
0.45204905241420085,0.581576716341187
0.620213511308276,0.5080812241279627
0.601139012106574,0.14076891471671865
0.6146588384279241,0.6338063105412761
0.6496600375841513,0.23271080771398026
0.45096035813116,0.5512357714954754
0.5216271358405237,0.6311245930066334
0.3700581365672517,0.5261071695724476
0.4154003676843156,0.41896231877184636
0.5087157615902851,0.42388569155887645
0.17487509969712337,0.4060808748596636
0.36874391927551203,0.01912761853282574
0.5127328111672027,0.47416950745311626
0.41632447341937917,0.37257252419012515
0.4814646172745496,0.4563906589818522
0.5475680784584295,0.6121224801177414
0.6174678363792769,0.5774653058999807
0.5221333025760758,0.058555507096367435
0.6051489625790195,0.6885566256603954
0.6690916285947849,0.3499697705221149
0.29431702104838176,0.3550633780524014
0.014624213862862764,0.2152013365670068
0.4370976967393497,0.07711925671631553
0.47506264924584457,0.2737715218569281
0.4942679807824973,0.4510479583821353
0.6630422620587637,0.13074109144346052
0.4460541155265884,0.45339730518531085
0.07436910760162813,0.4231066017388563
0.38582181881734995,0.2940949579921431
0.6040570750441295,0.535556724362759
0.2822994120590072,0.6359923387634262
0.3953671144320316,0.47694362049040895
0.39031514452920985,0.008778041402749955
0.571133250575099,0.008535776239707901
0.4694778099306235,0.40534739153118693
0.5760992417802638,0.3242791942234461
0.43664126296236433,0.36504873593220166
0.6164829321394334,0.6425716618032411
0.5798435932401999,0.2469459073883904
0.4144508076888062,0.12220133528308733
0.5277844049950654,0.3558919188250138
0.66000706069297,0.24560740862071884
0.4184948665503594,0.5334240513796148
0.5006890761791941,0.37217018717571787
0.12673433584696064,0.09738670061390667
0.5828332059989498,0.0009587545304105549
0.6296949816593748,0.16424684662392544
0.6228605745229503,0.6142016770480052
0.5742023444529466,0.3378384457306839
0.4674615624762814,0.6496485783431074
0.6109143404710757,0.6121853954688148
0.48150383081890924,0.42022624125648894
0.5045386876762359,0.5504960007234766
0.49255872985680205,0.4814959625537141
0.0057989695312372636,0.586305646948301
0.49647020201373837,0.3886584887569147
0.6869098355265728,0.3852665298277763
0.6156649700649965,0.5636215102708718
0.1211187117899784,0.24474299812206962
0.4943634265389285,0.24658753161970448
0.45604907597425787,0.4626853626899393
0.6438144966671089,0.432967492404974
0.3085636826440548,0.39635989550017364
0.4154082525273935,0.09742670039204769
0.648107972502062,0.08648496106192427
0.5704714322533225,0.25588996161164745
0.5207752132152442,0.6989976029395957
0.6886963117935843,0.37420924176154
0.3639840900742848,0.36408732613942857
0.47710595946337525,0.3539099226076366
0.46214346760483527,0.3918137084755019
0.5767824305781335,0.4445043217188056
0.31987296908615037,0.19023124834678384
0.5426492832967268,0.2912738190742048
0.43940589850760536,0.522677275697168
0.5341975100491413,0.5452083267451567
0.41494257774471466,0.021510036453366244
0.19137430397370153,0.6412715148087197
0.4225608725161585,0.45196881909919223
0.6755564886123758,0.2318628627113307
0.4593731572315473,0.39170590649631953
0.25315981138429233,0.44365437875701974
0.4670108626418291,0.4138475543490765
0.5283183869923166,0.24674100556490994
0.6188286252236741,0.4862599557479056
0.608136816900297,0.4240290656927283
0.5949241369217003,0.3192476595078489
0.38756829328553044,0.07823733181346205
0.6993980147650446,0.1937123296309093
0.5324709610833792,0.5760570059653497
0.40970617904933215,0.37738550671041293
0.6584737871982064,0.1202523497788115
0.08037117266725972,0.24773166864421156
0.64322067780935,0.5755581204797531
0.14526379806546946,0.5973981806765412
0.2900805821749654,0.5505832465247341
0.47433572019618303,0.4454497309847485
0.3994372178665152,0.08183190658231422
0.6988559704638388,0.6482747951518107
0.39599427667901943,0.43154057023626125
0.3208271022668495,0.07545774609898281
0.537655687555969,0.13265249474254076
0.5995665768415738,0.21220271627331067
0.2917429313206887,0.5931935449435262
0.6198652704338216,0.32893237028648437
0.612959955709924,0.30235770830222025
0.11567498850326738,0.4027714149541903
0.6317739734971133,0.25649504374775955
0.5521571849493911,0.4692682666934364
0.6779159274253934,0.392851203195843
0.651699350219026,0.6605610019526905
0.468351393271881,0.2258413528546494
0.48914004339961376,0.28830156959450587
0.36337983784533373,0.2790947964193223
0.560566522820687,0.33650851682675353
0.6332156195850945,0.28839095650304875
0.5098438489607601,0.2835365809131375
0.577096505077077,0.16917495440953106
0.4882012727018066,0.3680722418596341
0.6403344482488957,0.5020601752182621
0.6724601021823862,0.5888084961104751
0.5805133888096744,0.5134120710243221
0.5206407939363311,0.4666652339440432
0.6108241600432326,0.6426823403469986
0.4042774014906981,0.3775840926339011
0.37426632026644,0.2355840558819676
0.2903408166251599,0.6733659390772073
0.4270109386577311,0.35619912809134496
0.44313483077978844,0.5795625494453102
0.5818257448596917,0.43227754635136423
0.5440237152634817,0.3555562088992864
0.6106708964583778,0.45489542963070323
0.44087733525774614,0.6019622625401403
0.4239325506928685,0.2463813237182309
0.6704844178083562,0.3167480984480282
0.631956925114393,0.43595573041852487
0.44587844406383886,0.5395819124476688
0.3264690224948279,0.6425168552525014
0.5863624524438471,0.455765217667586
0.36316966637101955,0.45751362484194236
0.1518732739132862,0.11733140498666295
0.5551260655049207,0.492158509432034
0.42668323911330724,0.04021722909352139
0.562643894517757,0.4888723410613112
0.6076916370482495,0.39059315844785736
0.4677016578667841,0.1072896928121684
0.5427426211943349,0.477896111160265
0.4551699307471725,0.13528996699027268
0.6258750424522468,0.5894603546257778
0.625985447641356,0.5675542280852677
0.16399620643522791,0.6273056530804595
0.11379390932239818,0.005587442956913803
0.2908052882396075,0.1508731850170913
0.5870468397561159,0.08026239980736749
0.6529119562057191,0.180838979170927
0.5305967071774723,0.2799050541796509
0.44734936181108426,0.4177402387210669
0.2616081702694371,0.4755046231688913
0.3308450249490837,0.6023481784263481
0.33873210872561776,0.4354813429168305
0.6096655218508634,0.5213440909834957
0.5470533986975712,0.5054099787545434
0.6209941561510506,0.3984431780072241
0.6489376461472559,0.5238831283682698
0.0988460261482424,0.2907344043014659
0.543937994801151,0.24142801442702436
0.6067474131550157,0.08680068990133712
0.4936958796763705,0.3565308489888099
0.5373433321065045,0.06224895090137172
0.6415662963763501,0.24106494168234816
0.5018297301986268,0.4568740890970132
0.5974606087419296,0.13855392869748695
0.5521461676711206,0.2678411979245527
0.4637448499814796,0.35988905382345054
0.6731985489295031,0.31413459576700314
0.463614289032522,0.21669397471167673
0.19094517319138588,0.578257483769248
0.5175241710252797,0.6509106076311257
0.5344093335806792,0.3462699197645803
0.16174911532752223,0.010816466415185438
0.5333254703607118,0.3976313724835687
0.45890290689213276,0.07537922677983522
0.6660243009447503,0.4082269659065219
0.12790536794019866,0.2206721634333837
0.305085673027475,0.438066381521164
0.6819185319423834,0.33720377616310354
0.2710755981391402,0.5061490576335994
0.0809233239689812,0.21671011842747537
0.3481732140825349,0.447987432489472
0.5442664240215805,0.4935144158183401
0.39468612768263045,0.25840603337380924
0.6216546409340385,0.6552697442645999
0.5003781949310038,0.5203176953902321
0.5675728284667252,0.22964552223446763
0.6090138354505247,0.2759661612638444
0.16718753015754295,0.3624676705485781
0.5522319663522253,0.5008429187375345
0.5753354580192088,0.317708896122358
0.5967866235829319,0.5174216737300348
0.30506764190422,0.015134886928524188
0.5286428095905573,0.2974679100438524
0.06542818950152027,0.09962766615438054
0.48810758642698515,0.4931365404094189
0.4820958945923121,0.5691865142107504
0.576827998788011,0.6709708297810687
0.5468416821650857,0.657682551635517
0.5342145246164353,0.5647326611653748
0.6812721319691318,0.14072936595094152
0.5600347903403302,0.364759645008868
0.21495473576613677,0.5160263371633794
0.42006647971591426,0.5212372324955946
0.48166798832487756,0.3809240141331767
0.5686638309278584,0.2790983174090121
0.6273439825522714,0.3844598711397291
0.3569570760427537,0.43122542035816863
0.5361463135415618,0.6738162293758949
0.3317881455194146,0.5519412331428135
0.5671841818705565,0.5180418610111266
0.606701740061381,0.3892464469269185
0.5510743243416619,0.37440172685463846
0.6114336462709977,0.5324424423750512
0.43427035682243553,0.6161162600637109
0.691085922632578,0.3212622535173128
0.6081742830655308,0.6534594660883994
0.24464689246992427,0.46246700952305125
0.4082041283458958,0.33772736672840814
0.5159132166102527,0.43437163324550915
0.6079810209554546,0.3781356502037068
0.46683751169955734,0.40420819873562985
0.3695387724492571,0.6872082103081271
0.5777357534192203,0.49957139395718264
0.5742372439860167,0.08384022562040036
0.6998842867675079,0.5878435739363073
0.4830996038759851,0.40416968125999303
0.547116852229893,0.5087157825593844
0.6380211200013198,0.29698986029185825
0.5351960165866462,0.25627767723489076
0.6582752613349814,0.14000910589646987
0.5560681082181518,0.2505979915788288
0.45628003011281904,0.6136610239039272
0.39370104308637227,0.4045417817402528
0.5166887006080614,0.08832275333013592
0.3854912708699413,0.4145975525788907
0.5370767113053903,0.205298493261462
0.41924155010096387,0.3031737440217388
0.6033919243575548,0.3913131315123409
0.6438188210317546,0.2745939647955839
0.44875342148372654,0.18132195147955177
0.18127796647945066,0.35910442431373374
0.3405056711435186,0.06034528047335886
0.5280727706434466,0.3474837175818063
0.3896595631731636,0.4265163927703868
0.658298811300394,0.4018476956983596
0.5265433355488756,0.35843594263200634
0.622530552083902,0.657252546733214
0.15087873694927106,0.19923219746210297
0.5622656870830847,0.43268147548679026
0.42552900875828237,0.5661496558587599
0.38028244323768967,0.3687189155748866
0.5908313182690569,0.07518512312616091
0.5209966983776352,0.463814355878963
0.5652032031813636,0.10356286349347568
0.6133162863580005,0.6334364032212871
0.09839709607787223,0.6158790645062502
0.40809091911852013,0.006315920205137788
0.6499793562756677,0.5494046008583334
0.2279285984709488,0.3559726057806869
0.5977043976013798,0.1893674894489214
0.296589919231977,0.464472516031093
0.6136153667571368,0.4601266669196329
0.5392743182677381,0.2901984764725622
0.5631962205747714,0.449461236025795
0.6507429578791373,0.6052523691617318
0.6066736548330985,0.6955552051689051
0.549405126690405,0.3464175094485797
0.5691673255631932,0.35826421054059543
0.022909486725554012,0.2853318909300903
0.22400007372834863,0.44522189557539094
0.6446866447408622,0.31999736691109754
0.055507279727076815,0.3871683031317107
0.5579935396782391,0.3181318944181254
0.6539218133605088,0.2975334703398723
0.5257413417714311,0.43171128834889916
0.19648215525642881,0.34235065743569143
0.6652588652839169,0.16370632322424133
0.36370917923688006,0.1666718569631349
0.5778415572630059,0.31897937324864517
0.6655345845949501,0.3791585716913689
0.5151691051106835,0.206944003154674
0.5014430721648531,0.3828365721719331
0.48325861983627283,0.34291575538040175
0.03226689040038366,0.5629520807572934
0.2774417573725251,0.29807621080873703
0.4899438040014925,0.2825362493080361
0.18972501078188392,0.35146706412892526
0.31854539549386746,0.06365372351414794
0.6231150235702767,0.12030117676669555
0.5651443054077823,0.31248267879282865
0.6110488724983169,0.6067577373246885
0.04392124147493525,0.2915055626422242
0.6727852245468863,0.41403201911041293
0.2912687849539598,0.6479943294130126
0.659442756990443,0.00497039645860857
0.6189594366919553,0.6359558396758747
0.6739608856319603,0.2890307237752284
0.48000193031803756,0.4340704469770865
0.41748621231184047,0.5351696424160108
0.6275907608582064,0.5950809972932781
0.4992600362725188,0.40087726679658564
0.5668941909376572,0.4332713124715605
0.3125309066878008,0.2817823638829244
0.6520983104476032,0.5564350043056496
0.30972783678841087,0.01729435678949853
0.4079291437904619,0.5660231926907319
0.5379030743919416,0.4070745768668986
0.4994750920433866,0.4217288612781124
0.03290578459677257,0.2768792359363518
0.4355025897185756,0.45977367185612555
0.3369358715227057,0.4508034664517722
0.4220697444988811,0.6902127351639564
0.25755843452367055,0.2963952335929177
0.38660166999968587,0.3989442807920214
0.23060073896099795,0.20088754755335508
0.4072557368281464,0.5077948629555601
0.4883635275964792,0.4180536366898398
0.5632511018779546,0.48456440063706147
0.6945499539226201,0.24714535870382603
0.25219629289311785,0.4566777858763996
0.16048484721764125,0.6481889819604346
0.6753914780775281,0.23508471492051938
0.5038799887863187,0.6348162981899549
0.5835009402312731,0.5577950281381893
0.6452360360914503,0.31432800366015246
0.3933829622838065,0.18404917106866492
0.45391365930414107,0.2812657291165274
0.4818967697843612,0.33405931265471184
0.5436686929138432,0.023029296959061057
0.4567950845445502,0.3047878793525026
0.5218136639538037,0.33152680848180965
0.5923774965305157,0.5504814476414545
0.6023254021500739,0.5880803038228124
0.3751696140310809,0.2234854512326848
0.6039152431546734,0.4417799428560846
0.6264666228829154,0.3968926701357099
0.06418264185376918,0.6183779243190426
0.12884032301727258,0.5185852847388901
0.09764180204245229,0.21038879192795235
0.5129342692830602,0.47465670746669075
0.5479618651560137,0.1210239905642477
0.5895454716318052,0.05894664084502439
0.362951083926824,0.4373221008103375
0.6529691739791148,0.08237622776175926
0.48211521721825346,0.2741609860180033
0.26801897414397025,0.5547707833227893
0.6556466713213683,0.43089125888911123
0.19518528644189082,0.033086912101814255
0.3602937085121788,0.38865191786055
0.699302569922879,0.3073880789074492
0.2387165330944095,0.6504466420516049
0.5239137041328058,0.6391781616700394
0.3993358351015568,0.0687033056329209
0.6462438836245766,0.4099903062942419
0.584786969839216,0.5878607551165509
0.07496329815972647,0.21796065612784488
0.633966328544219,0.5812596178087994
0.5877340466692005,0.5464696832935099
0.596383025852136,0.12891191207427602
0.6562077354921289,0.17736387809592147
0.5837955333208383,0.42799522130135864
0.09246028304150794,0.2194165966194632
0.6372590641936893,0.3708014883814068
0.5567136888305173,0.49102097662849115
0.6096944556440106,0.005525104405887757
0.5425063832727308,0.0793613366371044
0.3639123609334792,0.2583469357361468
0.42244519517961504,0.38594327163856623
0.28054854971083854,0.32915249619689757
0.6539475259772691,0.274200683607421
0.11520175525684956,0.39794287942076983
0.5965492949745016,0.5294146752590134
0.6357428266737526,0.5657071029617975
0.4009844058879146,0.5558401078766899
0.48934037342735526,0.5941767047491691
0.6153797754443758,0.3312556057980505
0.6273136876485234,0.37312067578095887
0.1635244975842519,0.31450969176797094
0.11152502763647675,0.3831954503242948
0.2632012993474402,0.2909301779690848
0.41985075651983966,0.40473811538110027
0.46396372913196565,0.3558269753860139
0.2954414860853324,0.3619937640164116
0.6658167849089038,0.322056943613013
0.6039627872409176,0.4103516185807202
0.5860792885975825,0.13913792031840566
0.5124303587430782,0.4454728269345643
0.4094545478710878,0.5409330111932574
0.42711620117951477,0.28433247161855607
0.6108313759106762,0.329077005846604
0.6337787149662232,0.1753961862072409
0.5072195847860607,0.2730319328474195
0.33780500119314016,0.06709242276477295
0.42684925027099463,0.3613803619672996
0.5884622932525245,0.6459461842297913
0.12067823323091016,0.5425590377972485
0.2891483528611653,0.4157832678248886
0.3165561097800601,0.18543832993686998
0.6452215292709146,0.44865501556114096
0.35000236582936417,0.41404562577277115
0.5902031864658158,0.6968316343173884
0.3657519843223077,0.25928821076183195
0.4809261710631959,0.021800852143297494
0.19337341329149133,0.15430405692072763
0.5896619402365078,0.3729832397977073
0.5113657405401718,0.4223106269505747
0.40306262857313996,0.39300398353175053
0.18500581707652602,0.5976201826609518
0.5164844277101047,0.5191313732035936
0.37774104830305494,0.47341186814320874
0.3060947917500253,0.23270456414272359
0.16383095705819056,0.6189774282853739
0.6973942543992194,0.41500826499054005
0.4012128125865565,0.4454826823158929
0.5789695378898676,0.5965368081725516
0.57734832804292,0.6612434965445809
0.4610237541206092,0.026667171204858998
0.4238866345506538,0.5352968934855175
0.3499433645271641,0.503260802249744
0.3215234240739436,0.3715584134485548
0.6325620756263989,0.5383895649014419
0.15217488403825835,0.47796626523565283
0.36591298278258416,0.565573291121577
0.46546257936184987,0.31510206086123227
0.4751809839438403,0.009136788225795722
0.6397362696636231,0.2500605370345785
0.6216833901357899,0.21065917536328216
0.4370475084469368,0.09334261052435791
0.3990513796292123,0.2895560670145853
0.12325390401681566,0.6686721785559256
0.45517751545262614,0.19184571959132524
0.5194658910858176,0.25561237591975194
0.5341356776294892,0.4090201918246729
0.6666869952496075,0.3520489747847395
0.1101811704702383,0.2575082484232034
0.30646804729193183,0.20360723418629031
0.5882498498464229,0.6759761781828781
0.3183468192238642,0.6816532542816943
0.49030261074564735,0.3354618261388162
0.08796401241784267,0.566493623105372
0.16071033142237812,0.484570752777673
0.35960214521196865,0.2014392499368255
0.34389061467633675,0.6898478569078821
0.22634995093110805,0.41615317031602556
0.5318703014025036,0.5060926600388344
0.33837702182313684,0.41136793483629486
0.6103742706636517,0.4887386049291799
0.6554488556959177,0.6917906333606253
0.5688141802246693,0.3835726716109018
0.6476041687941008,0.02082760919317478
0.6129158621657131,0.4324259640767259
0.47849766586442455,0.46408712483506454
0.15664324650758116,0.40727728083545023
0.49592226655090077,0.5185053819419445
0.04118553668996966,0.6399783043853137
0.5500597521888065,0.48254797069282723
0.6160291255439523,0.1314927001617333
0.3048563837217005,0.6734945573862228
0.5396432264767035,0.35640263757165763
0.5577040134509843,0.11198352160414882
0.6337595494785988,0.3656117887193773
0.5277236438109795,0.13667701562205456
0.5030938096298431,0.24719927331461183
0.6356259668216121,0.39059744184913303
0.6448596131469045,0.4311901384786745
0.5857470721800604,0.28895269375918564
0.5019340061259103,0.40685200535633365
0.5885095832620313,0.5573353719341471
0.599364621688766,0.40147856452400027
0.5705908647004109,0.5012758700288598
0.6773928531904533,0.40634020823578776
0.4048489396538488,0.45550846386288163
0.6074902148027318,0.6699604978769276
0.1306599072045417,0.4880260851217262
0.5158588510033292,0.4123804295795494
0.49910733646262184,0.5718614763131287
0.3460943762178429,0.04555448068640588
0.6051151889517731,0.3979952963727761
0.6283858100292862,0.4697650213640544
0.39173523651694775,0.47985918143300765
0.2604943996416348,0.5131879320026042
0.6387181817807445,0.21517476875269498
0.5730450680195669,0.16791419398820756
0.29496473271243,0.42847061858267316
0.054853951516810016,0.4740933975220999
0.3704094807501072,0.018876232684498555
0.5605430726275954,0.569877591886425
0.5252776810062151,0.6372703757674604
0.20723005569126918,0.5722482244932637
0.5353993282978002,0.37086445228439746
0.5161639452519161,0.09431964848312638
0.6113417986861873,0.4846533355877214
0.22365567673401876,0.27018724602673905
0.460606978000502,0.3429779767991169
0.6126741670086171,0.6221193815866605
0.5190747406380858,0.43968638639339547
0.6597494318010722,0.49406452186876826
0.551599429518721,0.13458366346585104
0.4952510480241381,0.4108623955792573
0.6576814362793286,0.34959728021444564
0.6627349676749549,0.3523089844430053
0.3782800477709741,0.058275226273872854
0.3489171887736778,0.25141241665255754
0.006677561327839983,0.24355410118345544
0.6016205218840099,0.37239043128625743
0.19679004763132155,0.5907427896801469
0.49663886505840277,0.05826030061308765
0.6377956645831342,0.6030066273703099
0.40395441911380264,0.2957799597224222
0.5507823920464605,0.5418132890741549
0.5650567860632325,0.4299793958274323
0.6732283559351974,0.3675286127414168
0.4143411357290313,0.392226683701617
0.6304152312682104,0.3518901781040423
0.5326160567110753,0.6711921681783913
0.5611321863322414,0.2986248849849945
0.5052184318389816,0.07648444622699467
0.6641867041229854,0.390177751386681
0.5688921699433495,0.6550972550444808
0.22946827097879266,0.3963006951459937
0.41563308534332105,0.0561991401278409
0.26188229443086347,0.5412087652849568
0.42223853936902866,0.25388657391706787
0.47479205570577454,0.05631506704564125
0.3845527025991051,0.5213160435842173
0.39618431860155634,0.4346875078203105
0.06546335954678052,0.24283306601880644
0.39959556174944844,0.14236965627208406
0.519392777809325,0.36230522286774797
0.3109602483985243,0.2784561866206389
0.553454179194136,0.14593037885146537
0.3395587495626783,0.4749568238031312
0.1710631758704712,0.3876734645323846
0.48171755632355706,0.5136781755240759
0.6717236164741913,0.08603897693820761
0.6346334150966315,0.4533602921132126
0.5956066192585252,0.4133309030800685
0.47129240014161056,0.5856746392907834
0.35086380290158664,0.4177477382941359
0.5577989466179086,0.42838807180966415
0.5576451441936907,0.45776407896468957
0.37408482371992663,0.3239879769855407
0.5516130997192115,0.485027675284583
0.07105311847190715,0.3295392408125239
0.40034973561088755,0.07972446533298633
0.5103726917076619,0.17750535590054828
0.5096795687608643,0.2953133738054628
0.6222359432241321,0.40027981217223607
0.36250958548873363,0.25328084187904304
0.35301528125508563,0.4858965127602751
0.6051157484589242,0.28129179978930846
0.6460488681972321,0.565621561240729
0.44891570975216055,0.49555175530782514
0.6116523935712704,0.1982567126795975
0.6661611906616871,0.5303516863026132
0.5376767658526541,0.2694853073776478
0.5117982897745824,0.33978830758684186
0.6021148091302532,0.4833924639380977
0.14174605015242295,0.4236668755379591
0.6317252942353131,0.5608433235094775
0.5621406087341149,0.2584385869435819
0.5596855914014162,0.38285871473631733
0.36762219957056624,0.5421250535857177
0.5455191895727204,0.5212662659797378
0.07211804681142608,0.14237934736002422
0.6711396030069445,0.31464464734907654
0.5489993585807018,0.3072993986303621
0.46794711069327133,0.4433100324409396
0.45370087929912895,0.26900688271605966
0.5229430787716357,0.2052232425271544
0.4635033135925905,0.2385989551739258
0.3539479273588274,0.4496313866647982
0.5656157560100155,0.6131392678957222
0.4758123119618598,0.2646086470420633
0.6648609477067471,0.4610731431245422
0.5560838472181138,0.4818099375709981
0.6851149224184399,0.521221353119048
0.3165310647407814,0.403012563346452
0.220627038036308,0.43148618510661635
0.03503415567797935,0.058911395315659434
0.11819543867922777,0.3809736284118307
0.6650006267273153,0.2093776719876352
0.2955966978085013,0.37813478973461945
0.18272133005717445,0.5114548820976718
0.19456515172018785,0.36103873701681566
0.6672517885963282,0.6313380102720786
0.185830147591003,0.2886318710667714
0.3719651940219062,0.3429442489565166
0.615122283586587,0.5690134598781014
0.6793971252257449,0.2841325768269383
0.5810448634685322,0.1857187577894977
0.5885823323650663,0.3781272980418901
0.48188943365542464,0.30376482402017563
0.6086422552880812,0.6178040470692462
0.4999910631874125,0.6192729643729341
0.373904357713931,0.3242882792525558
0.6486702048914287,0.5433044740333368
0.028412354879947428,0.30860621758609735
0.581816395330854,0.44664729509605694
0.4014445183978892,0.5895323913914416
0.5068253673329567,0.44321140190603553
0.4984540291003716,0.5073180814492327
0.025052809767817277,0.043511307247888015
0.6546376391789354,0.3773636039186026
0.5727101487488235,0.5154318249796564
0.39788273486932274,0.3199254706680291
0.49555996706741445,0.31625189636778656
0.35876304297950057,0.16227754941654537
0.4994135885601789,0.36746676788651267
0.5379471824966247,0.47426769844715355
0.5669492341896282,0.5199758173696092
0.5223709150899125,0.3864862649988336
0.5464018835792328,0.5739894813538501
0.4864849811147903,0.5124455367630817
0.5674755659408396,0.46020929768618146
0.5528323770284522,0.4259796898833745
0.3154763151775487,0.15083561248040583
0.6021967630203346,0.5789340443566975
0.6660682166352201,0.3526286694437938
0.6128430760401058,0.46605347668511415
0.550938738793655,0.23152861558083965
0.5034055791218708,0.5666111982576937
0.4488340839507295,0.15667384894781528
0.5203638119630104,0.5115783784160939
0.23655537742426688,0.4934432337821538
0.4879263967522069,0.21203713386739997
0.4497859248871752,0.4090288297121436
0.6157963236216256,0.5569234145546008
0.30138480465090817,0.02038512773169431
0.11687278391126618,0.16834524238373247
0.6525745535490285,0.39101249418187356
0.38155408738684193,0.48388783918308587
0.5723274620958755,0.3526587469403876
0.4020172543740107,0.13605437579661173
0.033098559524196436,0.581191526753244
0.6571075759504128,0.5505732068165363
0.3616269964468122,0.09209917213696364
0.2519063514526533,0.3473997492237383
0.008922724552321995,0.2664914853765189
0.2171869317972698,0.682029418072919
0.4280434916896593,0.3714540118613052
0.6832635223955033,0.47816601307702167
0.6981526077986576,0.09821130996628988
0.29975384986034714,0.2309765385132966
0.637370531253287,0.5857499129803165
0.5130774767289219,0.40377669500030455
0.5414693017782597,0.6818741450955333
0.6033086579959008,0.5560157137932593
0.5066644623447054,0.5123591319092003
0.576662899273002,0.28344892032226554
0.6938107712456233,0.3691168514615155
0.5624295627858934,0.08570049337571509
0.276684560855507,0.0787002347859256
0.272164989186679,0.173606217898088
0.5770743060058059,0.5135859922162598
0.4406024904084037,0.5918293044113996
0.3866946952443051,0.6926476228868412
0.5398221759746851,0.5525809878660338
0.4611937487570419,0.09682911073966383
0.5145210224552642,0.48113622867006944
0.5875736354805694,0.4399211541083344
0.3965963777468383,0.6617129487623358
0.6155079783659505,0.5909555979819501
0.08060474733269049,0.16203388254649137
0.15887915893576876,0.16459939159976833
0.5171483619795467,0.31864910344818914
0.6295843405289157,0.15056119659679218
0.2333559735294239,0.5449787133187595
0.608166926473313,0.5538421856351954
0.5036290788299016,0.3424674301378623
0.6368092720928574,0.3574127496688566
0.3000062762671605,0.4079673720076079
0.359808646155568,0.6244938875727762
0.4466875347654885,0.31034843163646386
0.59757127441277,0.5700188121208802
0.3890723943241267,0.1663134443260595
0.5525752477876654,0.049896536680249265
0.5930837574020471,0.5103848307466353
0.5836164700679214,0.11135771744941486
0.5490790718847747,0.30040376183712136
0.28914048346542587,0.37509255702495725
0.477040281033951,0.3462945548190716
0.47428893400138394,0.49099463559210627
0.633987559249358,0.4672290730015931
0.6477586390367774,0.5551860242181755
0.6953856730726886,0.13738521247143567
0.4900601987355786,0.4414836504256475
0.5653354910217221,0.41687223654855454
0.544872097965031,0.12754919554923794
0.22258016821101664,0.1882572890943765
0.4886625529837439,0.47891578758614733
0.2986170663744785,0.3072520345619357
0.44982335290952935,0.4800888504378969
0.31955280751357157,0.2683953428584828
0.0622547880709038,0.07880498413698882
0.5628626672988071,0.5511475166190248
0.0555399620429117,0.1482519976428524
0.06888564490632393,0.5732754533945738
0.5563562522213245,0.1984247913948278
0.6143542087385486,0.5125208128896628
0.5700705875022145,0.38888395159223443
0.31553239195913985,0.13117388969725854
0.37969491321255944,0.30561190948734296
0.6093255847231682,0.6276938056519825
0.5463051879033813,0.4273028029241805
0.0823667251535403,0.617855845169007
0.4535546053268926,0.12717854239145499
0.1678844263999995,0.23442355344036508
0.4838018641836262,0.5355072073828496
0.6461849202435713,0.1886656833075106
0.6511862828221116,0.26903300167670235
0.5170940764996437,0.32047644334493347
0.26035956853858644,0.29031857680944195
0.3323590087421905,0.4116162382398349
0.09096053583007613,0.41516492988464854
0.4676636482016018,0.5604925938708111
0.6108417321495294,0.38521829855859685
0.2798951736948261,0.6669006507935957
0.6435107481703302,0.4752293904606455
0.5034191807013505,0.6375948634269332
0.27689068672527484,0.42072543770223614
0.6569779010567159,0.027246385228313616
0.42774393584710246,0.5610863553545233
0.051740044619888494,0.2527410006966687
0.6030938792862236,0.1110339734856471
0.5880509137588606,0.3151098348750061
0.4294584246884765,0.17740569486853525
0.5650919296804974,0.13969240735094562
0.5616824727429552,0.1328358323218181
0.4259965856515047,0.3931084970606386
0.4837267220019762,0.447233512163662
0.5589424998099567,0.5001372791891202
0.5374868686143524,0.5789569932988765
0.6485058394937113,0.38255165787894907
0.5058982469211871,0.6030653888807285
0.10824143651628441,0.4663478808675324
0.6569907424973753,0.45660454684986784
0.6532936364826855,0.08779444494260932
0.5956742627886585,0.575703655389838
0.6458892703642234,0.2946721188615929
0.6798313330370431,0.5452752972780486
0.6669398527338777,0.24476160202127067
0.6092206773914244,0.4289245638956608
0.4125894904623229,0.3933766734014923
0.5736043993727574,0.5295797958482118
0.6062913732185382,0.28802487096776536
0.1910599657014583,0.48847686683556313
0.6709347746923185,0.27884732982667926
0.47506380153474087,0.1857561107373653
0.4113015778372527,0.031301740653301796
0.5159346829652244,0.24449474410129055
0.45879955405118966,0.45215113265052265
0.5038189805626206,0.5367716892146723
0.507345703051266,0.2682315093600357
0.5340311139485768,0.5682288959735259
0.5822853777972913,0.2271090947342687
0.40482305638081484,0.26036197845803233
0.5272663437872271,0.16751041203136713
0.37683480664641333,0.6607805827443528
0.42058418726486213,0.5294665601831793
0.35403170452348176,0.5237292996459104
0.43103655507889826,0.5194457752664224
0.20495420228921588,0.3450157712784842
0.17336057522580847,0.5752381461563881
0.6043994610081449,0.624382161229916
0.5560130268481476,0.4113377950073992
0.4698630654125701,0.16767660939386847
0.4476208416868037,0.19355118732221266
0.17416782116222507,0.5437454518352339
0.6002620905828772,0.13644073617194016
0.4883580613841386,0.39511193745442114
0.5426082918400245,0.3901947547794354
0.5778201078373841,0.5301765883793232
0.424123136484693,0.21120691712200432
0.07038069041675124,0.37931015235699783
0.4672848540172417,0.33945276529768553
0.6199527690614575,0.2000410816730976
0.5092913815396937,0.28127903852820396
0.01647971562208643,0.1640892653297038
0.5219716818514133,0.09654594107767635
0.345451800958558,0.5931100827634418
0.2680661765482907,0.3033382938549029
0.6810949347350965,0.4154369600889941
0.426473890643888,0.2523120906806626
0.24048102304644653,0.2585301120263152
0.4232143204245118,0.4871908504174629
0.43701104798915036,0.45957921252726397
0.01707944649598244,0.0725964157481804
0.5417245660816621,0.5897384881477763
0.584988962223735,0.2881592802848273
0.49007420049462586,0.6203431690753916
0.6611240549114469,0.6933933320231632
0.13993908529937682,0.36983842160603264
0.6480072777211334,0.5932409320006609
0.501574357421996,0.4572247119326134
0.2222449839611245,0.6889568460022522
0.5796259168965706,0.05661009749347598
0.4692839662022385,0.275619595631131
0.1368717168500826,0.17124839732299538
0.5283085091394678,0.3489463860411439
0.5655812519279497,0.20227976575800327
0.468961317663688,0.4693197354557648
0.2920338070767597,0.5627846063236822
0.5711951950168406,0.40434565871301736
0.09139364150375884,0.4242954142765079
0.0956809369637283,0.028671859735070068
0.6432757763287595,0.1590634742809719
0.28669719736492655,0.30640297163403707
0.002574141020204224,0.3188135883988572
0.47855382429125076,0.25237425074066633
0.41898262258090796,0.39989976817545375
0.6608944622645803,0.20591347382519185
0.685511599798334,0.46980153560137966
0.10298073809145923,0.3295607004750092
0.22663441521176175,0.5017044744539965
0.3377210571983611,0.23370161245820462
0.6938835399252005,0.24296196010624288
0.5186496641422932,0.5461788003084767
0.3050080630099303,0.17578916227627484
0.2580743143732875,0.39794743938771654
0.6218626656914258,0.05928193506620162
0.3395680399113634,0.26537781678177547
0.643956416712252,0.36020599356942967
0.45861486573153376,0.5993880102238469
0.5227403089566276,0.43702098618852514
0.40585662240053355,0.35366488367127585
0.49764998788431886,0.21229138492332847
0.4917674395322899,0.4615763388452661
0.5641785073580369,0.5195970476421466
0.536502370598891,0.5865642567481794
0.46734025742073404,0.4736398145649377
0.3235160524102297,0.1728183850330727
0.6698185810352973,0.6600782389375923
0.21502748848691516,0.4113017365326358
0.6974719959578028,0.5526508203594883
0.5934728534029791,0.4843502909746153
0.6673309164233816,0.6817534229780426
0.6598405483224624,0.3064797041309127
0.44940966475051525,0.44515246200236674
0.44968000605087055,0.3634104756194094
0.38599470317087115,0.12995622765115497
0.3895812308138567,0.24625934065576172
0.6969724171056518,0.49090144311259165
0.6447330045106703,0.46067201651055995
0.03224063850924688,0.17495194344380258
0.4837535730789919,0.5528155635067783
0.4292397089074158,0.08988021304642291
0.23106543097842197,0.6360428787914961
0.485946052419569,0.43223533735500735
0.5950159756155778,0.1508107601297694
0.48733339845380796,0.44626693499919273
0.5258032370886889,0.4560990512425387
0.07698375658439664,0.21406885471907683
0.14646059963159735,0.16625070043856557
0.2378631389725381,0.3821792766865818
0.3906025983403816,0.19237203924475255
0.5780299533402915,0.2464802622621123
0.664813571333943,0.35197861185231855
0.5761984633222407,0.2371545011247777
0.3392481873213536,0.1357389998106759
0.475038466982875,0.40226870487010735
0.5327466274479719,0.3278446773712231
0.024213522074360987,0.3032381562535184
0.6621774192023268,0.30605168581183434
0.5524694610102662,0.6361640057807509
0.5621514422114108,0.35983573003013825
0.5138037788057043,0.5987730594460217
0.3271633023135513,0.5945088801188952
0.6684443440050828,0.6144688777445602
0.47014728229929964,0.16721870243899964
0.09552875803919302,0.3154435499377093
0.6971158520019854,0.35236411907830373
0.1757811357330937,0.5387970713158867
0.3485886382626551,0.48861674732523713
0.3064546450462922,0.32991151397506163
0.46344698411081464,0.6274250657192566
0.5247306188397003,0.43372737285952406
0.5632760073688059,0.3348585264442148
0.5577646262467632,0.22288352765588842
0.3467465883767551,0.43295883555470643
0.38625963212591186,0.2980862074899192
0.6827092245156597,0.31251229227952904
0.5854075171250162,0.35143139550432567
0.5270774101735503,0.6927057855741919
0.11049346383066537,0.33338425397800875
0.6661749757198945,0.36705966369242554
0.6269546010264716,0.323330848314739
0.619360139960245,0.3096484817909132
0.5275408273673712,0.5382208836413553
0.5068467391298748,0.592581631141398
0.6353130479183011,0.25461811665165157
0.6095500371473676,0.22597605614250635
0.48961607378213,0.5069449520284715
0.5605585992127489,0.6842961733510128
0.33687652067065954,0.37104073240702606
0.5774873976512918,0.07033908269355213
0.41298726582511747,0.4207014976303455
0.16344978715807687,0.6828191376913285
0.428150886012956,0.42002874197676
0.29352077616366,0.5997231854702866
0.533785979340675,0.3819756517646691
0.4782448695603407,0.02225823626191226
0.5047529825089371,0.3766356664734909
0.4660037701629899,0.027852762748680406
0.5670922108825766,0.3047453987092549
0.36015683927328357,0.6621571701386326
0.5131080201994218,0.2443996022533537
0.6690283872034054,0.3336544060397896
0.4323307269048413,0.2558151535123929
0.6355274183310609,0.675167720301581
0.07201137446155916,0.30997939940649244
0.5995559962203306,0.5747969759487245
0.397005374705348,0.2686965011103023
0.3859656754310092,0.28559116170054033
0.2639253800413988,0.5048519500346402
0.49946148065633894,0.5962918946842208
0.5606736336771494,0.27516051104478306
0.5792802468184268,0.40386754840854105
0.5685049922950305,0.19922398268147942
0.5175153422679987,0.37903676187509716
0.3767403492681356,0.2225215757231983
0.5600986390446037,0.5516131765350862
0.5279131364636759,0.49300711188487156
0.6217334956546953,0.629247162933263
0.6772643795496233,0.18969133508737135
0.1600600101305371,0.3630231993529242
0.6672082265674364,0.39280779771870333
0.21452844205274968,0.5102192530330025
0.5634108871046243,0.6386288915315709
0.6905222291156299,0.3888044150641497
0.6028251840659964,0.6053068399721094
0.17716543352647457,0.4477548142388647
0.13919166424639795,0.2654291399533435
0.6268802225677552,0.633730538472711
0.21114111733607732,0.15525606511421267
0.5072620725042191,0.5656627096775266
0.5995372949347293,0.4938562535578239
0.6642649053300672,0.17730211224027984
0.614421397300474,0.5328392650593635
0.5109725285246589,0.6911409399075399
0.12361844121874381,0.24711591679799305
0.5628594201504307,0.07513937100255735
0.4453536005143706,0.400388299953258
0.4400983478434053,0.5178660468866574
0.5226173981410265,0.005381885187528634
0.5879287440281639,0.29664726164903177
0.07297546956082303,0.15707862783862925
0.5735475546505627,0.3429880638156555
0.6283326275684016,0.4475375913684879
0.22186690158134076,0.4294861099111389
0.3818621214967565,0.5495147243171099
0.5052230891873462,0.4795286797134228
0.5997516500575146,0.3521470763731575
0.4402166375797381,0.030820876455528758
0.012359621508907903,0.3010472021978936
0.6334572636082465,0.12938243839050204
0.6267384305391059,0.6402072062898354
0.5244732854892151,0.039666685472890754
0.6875740112211765,0.2861679849284613
0.37667131862011527,0.3904458344919995
0.580125716628975,0.5081837154138771
0.2205327395881195,0.41769686415109486
0.3339644637892298,0.32970766919192623
0.49240875645883836,0.22980295242389628
0.5808219833280057,0.6462299057592852
0.13627952184030212,0.5879963846599663
0.6142334589689952,0.37244127304129465
0.5899346965962717,0.07839662134721191
0.5008195707340147,0.2030972986914718
0.19670878607691505,0.16475010018257807
0.5391098548895196,0.5113045112724637
0.0761523387767117,0.2507627129469668
0.5357738190771315,0.6050339857990472
0.40845143155609565,0.04039129273928428
0.4917632676066292,0.31793599229599756
0.4867472050548951,0.4756997561657522
0.2712134916138138,0.5814116996311617
0.4117111613313941,0.10636447302174841
0.5284982239833677,0.5525269600203264
0.4717564994488264,0.6110019851079082
0.5350179988619618,0.520115067941603
0.6977876113901346,0.2808032831244518
0.36656062143772794,0.48480954366835194
0.5705054151018821,0.3580728313977425
0.5953097764783186,0.4607811051256593
0.5328667899268751,0.19675651845526843
0.5743686619549657,0.4181142811344218
0.48471596314742194,0.6114829015539329
0.13000099629676443,0.48607059263417673
0.6907951262791453,0.40924333268814084
0.5522557195678056,0.4288710146905004
0.4437241954179415,0.621969304576656
0.625061720539944,0.16712001166368012
0.44876402488529693,0.45923593804581775
0.48683080061123524,0.6587620466975583
0.5761726852198615,0.6498471234742093
0.5338600973933678,0.47762417159890225
0.30674757880648196,0.6786609084436166
0.6743658517103952,0.2738694217144713
0.6150310732923301,0.2924324122434176
0.46138394244008507,0.23568976159831007
0.41886457584607273,0.13505946939331737
0.6062894469754783,0.48667663643236647
0.45096462515930597,0.5729633327835245
0.10722291532919048,0.015279838192084137
0.5553588844018137,0.39325808250537486
0.48913577034388817,0.43436917541086023
0.26070695140061545,0.31539217184514945
0.6645789477220815,0.3991748228556199
0.5260514159334081,0.4617555597873804
0.5964673493264868,0.31107204259473364
0.6755398539564487,0.33460400710564947
0.5607736850049277,0.6899953601142791
0.588125214811835,0.4461923014147089
0.6397880079905455,0.5139742721202855
0.6722731502026265,0.30384627964977157
0.3823125731355681,0.14142404368042683
0.525701599018748,0.661499085534429
0.6460441839888863,0.6600586952893273
0.599742325643954,0.22765211598952956
0.5277040110260118,0.46879048464334167
0.31213422242968086,0.15520499656614511
0.6172032975375258,0.2184597728372764
0.5099981664947577,0.5212037893859072
0.3685426991669809,0.2754325285904339
0.6005657528202532,0.36915625697533705
0.015588746450827196,0.11919337139027553
0.4502265354986347,0.17387887262517937
0.4579530841356844,0.0022266964672574725
0.39773713374574526,0.307813933631799
0.49679893205367265,0.6688762829641208
0.49270513658580245,0.053524578095294165
0.49200815252490954,0.41922950133491926
0.34808912764142746,0.03747201459620001
0.6464185046586673,0.44220310021268006
0.3944968110994353,0.2622032736861442
0.6437286861322816,0.35109744949598953
0.5927340814818407,0.412720331538323
0.6727472152427303,0.48677318766642746
0.5651837841158491,0.12844461823577197
0.4642051137444424,0.07363884071083979
0.6186449289014404,0.35165581808809065
0.6506586509554693,0.21136038830919524
0.47491507985341574,0.11192588155166026
0.6343013370958673,0.20755464201367146
0.4181323381413599,0.6609687969600301
0.37023521012251415,0.4271700826212421
0.597675414790498,0.4318601352776804
0.486322152692966,0.2859479656987199
0.3262481112919336,0.5137347367476192
0.4466591813093775,0.4195201665853543
0.6396541025325541,0.5790621346007477
0.6814960485975474,0.2077591253053553
0.4814218286559892,0.40255188707283396
0.6989512949011432,0.2124347771436954
0.5242771614569907,0.5623662879143199
0.30638953160581406,0.5033649115640889
0.48944999183577725,0.31601472641097034
0.6219594308134493,0.6104852798662354
0.5233746230921021,0.5719791698309729
0.5270351801166921,0.5097160484145995
0.11476949173200937,0.26887793020628714
0.3635593030673606,0.2611032971507047
0.47271076944943535,0.030465582976990507
0.4995109174535357,0.38853970400543764
0.44705536306480337,0.5591926575003979
0.05928331378483489,0.13624335175238028
0.5354294004582854,0.24194693008269694
0.05645592248001458,0.09485978572301884
0.6423387137550846,0.39768700827579584
0.5395570251410787,0.6095360621026525
0.5368062236290605,0.09755450936577548
0.6772740848058268,0.3932015989762545
0.643976902889161,0.6682500728127312
0.4784140243342564,0.35779884455790273
0.15891053379821218,0.5601369564567009
0.5624714869264743,0.027585964674634287
0.5356872872878015,0.23384158487700413
0.3956200806139305,0.39878812823191273
0.6767796107477285,0.28147132335505165
0.10649535349995645,0.6369610323347306
0.5615140613511428,0.19146650144278565
0.16741965697432065,0.4719059472555502
0.3742064961280864,0.4088030131828917
0.07967870240489978,0.3430797220476445
0.4439542763296411,0.46055413816481594
0.44839695624031967,0.676683126015263
0.07995028001883756,0.6980534380586404
0.1513962940119249,0.27164889314751195
0.38349139338922245,0.31105824163300905
0.5443165782501364,0.1369253462865671
0.08530867999782005,0.29636600589743334
0.27511473200195774,0.16453138622024374
0.4377395761152473,0.19012144770081152
0.6676814824548222,0.22590625681064852
0.544607069194644,0.5353363973075862
0.6235687071012873,0.35702359199190353
0.02566173367848887,0.291104965012956
0.36985206345609795,0.37504014123744195
0.517756715123951,0.2814826140111725
0.6084737594116606,0.4395590125972114
0.6965103069138322,0.6510545291710639
0.2748153527901997,0.6165460772187359
0.5453450392887901,0.610345671023868
0.24681070883381606,0.25507709630225955
0.04568242128002392,0.3331616260896045
0.531313285427402,0.37830774761187463
0.6492929954431511,0.6374614973327722
0.47443582995549505,0.08143813015603163
0.5294039538248727,0.3602399328764232
0.4634080556866977,0.4357575759272614
0.5627152516529781,0.11713088057122556
0.609147813712072,0.4008754145558866
0.6442428268880829,0.475562742104746
0.5560532773089153,0.4200950310990455
0.5848806329269142,0.664519145409654
0.4357835353986457,0.6639300923777338
0.010703054370139447,0.30599637740081914
0.5969760072691779,0.5881094303338895
0.5540856420205653,0.21569547740868508
0.6444405679606703,0.21364491727943605
0.22445181322029834,0.5784478049727777
0.6991225627887317,0.061386200309795226
0.47902353058354125,0.5595847305741753
0.18321706773157398,0.4265856885284224
0.3527780135701688,0.49575112855108716
0.6813533563576651,0.42108207295068595
0.36361462847170184,0.4350777570762679
0.37508597964276214,0.23561559346102665
0.6224443762641761,0.2549156994558613
0.4278264197868826,0.02848136163009822
0.5535858414065729,0.2810376563433419
0.5491367202151672,0.6145947756185887
0.6500501554203882,0.6703794411741112
0.47811294287747175,0.47317981842717005
0.40572125403784565,0.6235262158071313
0.5627842955390663,0.4474761635313569
0.0641986310517379,0.22722983010709644
0.3004544462384189,0.31987405425095655
0.4946778880980243,0.4355086379696781
0.5903886185184888,0.5257475631321249
0.42012600586396687,0.22490970351307166
0.6128736714363501,0.2648561879900494
0.533286948913742,0.17342722810478567
0.008718986668428179,0.3636464278115711
0.5938407481819871,0.33615081486390996
0.08895158230565064,0.34640045979155615
0.38892122607021246,0.2767772721584693
0.6189898203688219,0.3937689550246236
0.5676732871047833,0.20654869487291172
0.5754307821172228,0.011961241164439931
0.4531718794354818,0.4837562999603837
0.5605263728843703,0.5363864876141631
0.4294352032929004,0.4799043218556617
0.6872954648187793,0.6806507656852171
0.1481582339402633,0.33835044027388667
0.6342777349920693,0.0447471040175334
0.31530911577576587,0.6079882990341615
0.481584853208179,0.38715004610906206
0.5531256127652917,0.36677230090366847
0.3972986145079653,0.21274084005945199
0.4157607124148549,0.5589223140767957
0.6004073874681123,0.20267600005070366
0.4793374531373712,0.21785984214128576
0.5837237499667168,0.29431586646583385
0.4962635739815846,0.1849110535370227
0.6178710587428073,0.4246288007688995
0.547864045978164,0.48141373336568927
0.5987228759987161,0.4090482019049084
0.093430528656451,0.2629211039607256
0.5079089610282619,0.1690201700563045
0.5086445817686824,0.47008003100545676
0.3739129399188655,0.4531988132281741
0.6320684298484084,0.43363140184836063
0.5901749644231655,0.5630030792073659
0.44770067022333826,0.5233883253080619
0.217557243078769,0.5903721943548766
0.45290706380398277,0.33195879349747326
0.06377031810608033,0.47114308823857437
0.4017803358478864,0.32787971838570484
0.3538773650181137,0.18191549186223865
0.456188080681363,0.13022780050547583
0.5161737631953813,0.6455903028527946
0.33499715141205566,0.6551607930774829
0.18394834360598908,0.32959502981845806
0.6012447292018638,0.32571677782758646
0.3439876849006702,0.027330100380525312
0.10008860832227572,0.1369580809150181
0.5196428387738299,0.5533460047991902
0.14889077759405933,0.5213946492107455
0.2109490059474211,0.40520551583024744
0.5524040550523439,0.01571246279039202
0.07767987129359509,0.005046945010683437
0.5451579262582659,0.07761941808212681
0.2937776560631937,0.291448386016886
0.6623696286546447,0.5707834733326719
0.6810178404399579,0.2951592126695532
0.5007035104314209,0.15109649383160134
0.6597538634094356,0.6262328369548654
0.6577830777026749,0.31816990528334416
0.4452848668798756,0.46052832770606644
0.5852341912680963,0.5244247314311536
0.6007805914036655,0.2239605066934064
0.20093846159776213,0.6044544124463663
0.563135265037995,0.4813745541594274
0.6379106167642186,0.2509706684880969
0.622073659321601,0.45636862047229315
0.5888542359846065,0.5343260956570485
0.20162043989544648,0.5021141611148784
0.5852094412116545,0.5793092298003598
0.6412905166190496,0.40986100181008267
0.26124557194801146,0.5245346540449118
0.270689096665357,0.0676699946541309
0.6493677284346903,0.3720277959830862
0.6856025466869393,0.5727355899536909
0.6228703355465586,0.4381431162318953
0.0021277190530867712,0.044228464792576125
0.5940446806694449,0.33335297756194426
0.3058034586584878,0.536803101664934
0.6434188365178363,0.4747189224153657
0.6116233772056043,0.2066738565115389
0.11831212244830297,0.16834426980336512
0.6067416046739424,0.34451113884316736
0.4025464127632297,0.03780054027733179
0.4315128878846258,0.44609065040590845
0.2198790785448521,0.28515839497413364
0.4834266670355999,0.3409674056190585
0.292893934133455,0.21760167278720566
0.49764593728068857,0.206459017206722
0.6741919711592684,0.2246188708221435
0.5803435093254651,0.3181406333673514
0.5897440361474158,0.6326564156911615
0.5806564760732734,0.6458993123734804
0.5662432855638442,0.4781833219761641
0.34835532447375495,0.3443447780605531
0.3564491783149524,0.51290482274055
0.43615157438836255,0.4259246538975639
0.3678975495677632,0.29317164365787307
0.5441323756744108,0.6037638211956168
0.32288328070832906,0.4428868121872773
0.5304419681542537,0.6007894986172589
0.4855048648255114,0.07659728893500538
0.32651486415948583,0.5390897006266956
0.20009384758644222,0.10353870590709757
0.6134722454043396,0.4508773313858061
0.19575328518550827,0.31363432328742075
0.3317516530702225,0.28017969995292735
0.3409197934987437,0.26285507362239063
0.5336452998983503,0.41520639498154566
0.06456208180195844,0.5114505234370588
0.4455150004676939,0.41185128379988717
0.5855232085760379,0.46060893342942216
0.6209690625774592,0.4038141178143384
0.6290626994861889,0.39731158655817606
0.5254892009376567,0.02195016023518219
0.46442951635244495,0.20345456505152304
0.31998446907971534,0.08506707103953784
0.668731386421518,0.2537830615757191
0.6378201074292574,0.48472760406290966
0.502173231957088,0.5623035575163952
0.5499746002856778,0.33223122881357314
0.3278825688741997,0.4916656410084784
0.5931714149076904,0.4006694100190933
0.6703662699222623,0.45130509120202783
0.5800426748977197,0.6214229083490271
0.15743076791292615,0.1382475331969708
0.671041268353485,0.3035140941855986
0.43218588120903306,0.3530674314576045
0.42287216326273475,0.5562410755099058
0.3858020823677094,0.5351346654018871
0.523913320457993,0.24222875072304273
0.47086519476464117,0.5447998193800891
0.026781447216571067,0.6178559706110792
0.6539749718809886,0.49927002178827623
0.4275626940223052,0.30996571047626004
0.11035457113439921,0.157350493533336
0.4713303777117916,0.09002230893516226
0.522105511793304,0.41523529005094195
0.4602146704432936,0.18386620034968434
0.05853827108783047,0.3795851640338319
0.26668776725350196,0.4607923057486353
0.3947115518420623,0.632632314422577
0.47849326224292726,0.41587502404559656
0.697637474377531,0.4694689161927562
0.5744648133677708,0.6208339348308273
0.5752462197424228,0.0327174780211681
0.4334583485106642,0.3923389425160692
0.6504593624561303,0.11594459974302707
0.2936605866773748,0.23645064301272006
0.2538263725373879,0.5581593825440081
0.3912003401598356,0.10345544820909044
0.6131217232234166,0.5343428036729699
0.5675593376576948,0.4205781410005268
0.5921138184491046,0.598917116818865
0.5659722677725229,0.14694190289955897
0.6062324765654069,0.3554138771571992
0.26205505070871093,0.6000778916075441
0.6191782818752397,0.40017341368906195
0.4376677947197103,0.05263737030022518
0.2673299659120416,0.4866634825513295
0.6820859343584199,0.4605008750093866
0.565551841215743,0.3367476195200244
0.48397164896874645,0.20745535427226935
0.5470276054015829,0.6149946463236051
0.5954624846917671,0.5221059655831224
0.3596636103713137,0.301432820233818
0.07605291332855729,0.4200803136138933
0.5780866032422219,0.3689902179524172
0.6601007827629484,0.6686169807896012
0.5275808989159896,0.5992589768238914
0.5630844139942647,0.5502601875780612
0.5909154708129756,0.08961374014826376
0.30889361551420474,0.6571265126836958
0.25001268824793427,0.2432323192004244
0.5253653581267692,0.16499148552972973
0.41517122335957457,0.49092337543689907
0.6465115586710188,0.35789403717966134
0.47823475467910503,0.2109210910321397
0.1647948361257066,0.5707649073571325
0.44548132483910496,0.5131383687323343
0.6589273703749059,0.5877728037880702
0.1775389084358297,0.6512592485552735
0.6546729486274245,0.47584050229761077
0.5603961262216278,0.4857469275982157
0.3640586581757457,0.48436953187364623
0.563697259514601,0.37444731516933033
0.5851768123702068,0.3262278902093573
0.6092229510428465,0.12943669955248555
0.5999050030431059,0.004972077871243156
0.5014966316376583,0.5295883329306832
0.5371618766085332,0.38591281059134946
0.47171858042236703,0.4255477266666086
0.513424818161351,0.4227354717000931
0.3973645239527818,0.14589443288920556
0.4566339582174176,0.4344559073588752
0.5071372918274243,0.375552616690175
0.43623498494810975,0.4918371483214447
0.41832672961641276,0.29708905332519375
0.43075225168629494,0.35614601953532304
0.3714882897673393,0.6175502113934359
0.5480641742816056,0.17045586715272978
0.5265556038642253,0.49393016511766663
0.3287202143095587,0.6578919303760029
0.552243874899007,0.17581839491181753
0.5254118462283133,0.37607780044005107
0.3412718871972698,0.3914756504523753
0.4975194154821579,0.649744977013998
0.5405766554081947,0.5438301807242735
0.3983732569490421,0.3543060473055711
0.20890691097576647,0.6070873007928878
0.5077398393621569,0.5674103902527168
0.5451932308743963,0.3276262372334394
0.5755749908312532,0.36798902924481036
0.609026585847617,0.5235178327840464
0.47073564157492365,0.5494041220364523
0.5062675054406809,0.13895413609391416
0.4566445688433769,0.5336623641603631
0.35527565867038846,0.05470065596111284
0.3958792854370603,0.5227348157234671
0.633407130003412,0.479204337454127
0.5601022217578873,0.21336510401953254
0.4023345792220507,0.20410400362454142
0.5533404902450738,0.18932085491245995
0.3339884217165954,0.4340223871608843
0.5981682036541615,0.3174634029177005
0.3127919521071525,0.4461879155283591
0.4004161442588974,0.43220254233600314
0.5073751503999901,0.2054372946497823
0.6209538246965004,0.38641176775964853
0.37388271981906834,0.2870635144434414
0.40532040153844795,0.30826971443289464
0.47704087974115084,0.5165661344176312
0.45443833482138735,0.5558916369908429
0.6924368561677037,0.32498879013512927
0.22122565722957407,0.6766066311712604
0.622818554997911,0.6103547647132241
0.5963421838852727,0.324268636684787
0.6041280138169232,0.45995990324276387
0.6223459489426604,0.15417497207725436
0.6871108961218032,0.23860804993047946
0.5466187476361684,0.6102436186144377
0.5349429081888866,0.23706653876821931
0.6354254051103648,0.6245219924535158
0.519125952272131,0.6527954508078484
0.3908638187649667,0.5426967404794475
0.5755666246783105,0.40012961531960983
0.4711825484346644,0.28446509482700266
0.17029137193717717,0.1480956015911604
0.5615387063928232,0.44950296741939855
0.1935578670251768,0.2318429363429033
0.500314300110186,0.09829487033986917
0.6499723444931842,0.2154840243921109
0.4256239319973346,0.540591996654464
0.6145850667569249,0.40826756772333783
0.31787006267833334,0.2688651525749362
0.5144342077037801,0.056066733041088654
0.4709784887305203,0.3367259071465741
0.4753472105835832,0.3559825381260758
0.5645623543576853,0.41842908603483403
0.2484203888094286,0.35115775979138686
0.428469901662431,0.061943723432953124
0.5594603220421993,0.46640179077121646
0.650545380222228,0.312631002125297
0.477128226986811,0.1874948545081767
0.4886746403836915,0.6699721789840014
0.5401395653088855,0.40793692612769006
0.26573060910765345,0.5917692232363129
0.5668902656905626,0.5046479225789471
0.533287441494223,0.07928801666771612
0.36626789533484205,0.1731933014512103
0.547327387425149,0.6324929189033053
0.46617014047059235,0.419078741228584
0.6687962301040673,0.4588529296032965
0.6847883872735203,0.6035617631943614
0.6992829103001463,0.4160045873964279
0.6194998053644565,0.6644669441342799
0.48835777891805604,0.4447455023348604
0.5538867360248095,0.5823131454899225
0.5438086116544674,0.6046594754776734
0.6161449771287454,0.4943392021434185
0.458532042213336,0.44703494180043823
0.06997811206578308,0.30069741070390577
0.6973899491969691,0.3716619387724934
0.6154652573939455,0.49102901408590327
0.47788577757980744,0.20949573347035957
0.5119796307905021,0.4358282358674935
0.12132850228431007,0.3665458856134754
0.5155791777440952,0.4910248523449945
0.6214449702512379,0.11388177885487488
0.47239571102840033,0.05824818986046837
0.4707798299686285,0.2053334769925495
0.4907391858276586,0.5556103344702581
0.5675633440796378,0.18508804001027956
0.5732694106707047,0.293078959535771
0.5307657138314644,0.13392600019930312
0.6514506492349653,0.43970488536762725
0.5408768862010949,0.48648042935408453
0.6577510642261307,0.404973388525744
0.1549454073537655,0.2905567731567751
0.2578139370546981,0.22176001003819207
0.5892387856188464,0.653640318020498
0.46574320774635647,0.42761184356443627
0.6191884560805453,0.5170422879262919
0.45966785905466023,0.2770927341592756
0.5780804352363619,0.4556085686393088
0.5844428020427832,0.4154897754495793
0.6457034357792011,0.551014867263603
0.40615230121318513,0.4941669644920089
0.6066090689142903,0.27046113080150846
0.4312938171949551,0.39009244111015395
0.5629452365046308,0.28850555533828737
0.6298547753480775,0.5807079801444447
0.49343341391433126,0.37601554737337384
0.5367890333534623,0.4697037687419228
0.5455839878023585,0.6210951828483058
0.5314556406622296,0.44973644007286623
0.35989266652648894,0.33816637801047256
0.39513292139178063,0.3676657516467091
0.6722076580989489,0.3966946648817781
0.501834641244589,0.5388845408983634
0.5805943418513946,0.5107901735964233
0.5728689283127011,0.46635448726236645
0.1274411916544527,0.3179458955041502
0.5099943545190845,0.6149942161245793
0.36418018084918724,0.2599411572249229
0.5848185053486437,0.5016408139776317
0.2860404344548667,0.12400499479672603
0.43856018590735923,0.42741532863636733
0.6120957399229823,0.5936829461976929
0.6161118682052371,0.1739002381669531
0.40867259338656403,0.5161246156256099
0.6247314649894694,0.4341314452684585
0.6251079634565644,0.1104727340508795
0.6692732004173279,0.23254828377401918
0.538696738352471,0.3233462160768554
0.4083440492991409,0.24218289578479607
0.5465550658705853,0.03545428374341536
0.5937232742855652,0.43340732902761625
0.6716124881127079,0.2936706841524496
0.3150120984686524,0.43949756423779585
0.6473578369021119,0.11592344616499568
0.31128171131217003,0.26896859199149925
0.15400084777492057,0.5658893362383586
0.3037537946908181,0.6891473501247541
0.623341938076802,0.21623692544073833
0.6918538695319921,0.5394972421025133
0.518662483689266,0.2273606006475997
0.1497803401877631,0.3313616199441724
0.6914220408487597,0.5950250064517151
0.5737367184248451,0.4207437667524493
0.5098228515322683,0.44816215629840844
0.6479352331619079,0.6393951604844119
0.6299067450969587,0.15703545710005204
0.37575652583883734,0.48387895328367275
0.007993021445562656,0.3834335471638649
0.6197146418774171,0.4265313801293701
0.3550729774774629,0.5322828668184885
0.45065754894543664,0.35823609860644084
0.519103826180791,0.254352359415856
0.5708215414235969,0.33076140706840196
0.5083647640944267,0.04798627212054049
0.23214376185035246,0.6068294232104847
0.47470820594599084,0.5079445291351389
0.6199199515598228,0.6965272600517337
0.33622968917630597,0.5196409992958384
0.5465486268066512,0.601556139978701
0.5246953667433903,0.09391020214419869
0.6486262487123867,0.22907371715266384
0.3529471272991509,0.13933786560381137
0.5431730342198947,0.4600327864153967
0.4349933405681139,0.4813127755602537
0.4619820128901974,0.3882764763272088
0.5542223650054693,0.5296082421724598
0.10464747240978894,0.3907572691014107
0.2174056574133014,0.277873954898726
0.36115261004050914,0.355329213202997
0.14105771000589318,0.07606255389043012
0.10101653454158344,0.18084033005468153
0.2944402360571623,0.4912985293833324
0.6202033194640317,0.3907725540069552
0.45690095315867274,0.11774093283560969
0.4084079161736984,0.39425435533396924
0.5739989548317459,0.44268721037163206
0.529843349097133,0.42978493764579384
0.09885688455181349,0.45753849491946097
0.5856765622685794,0.3164669411892012
0.6735283677053154,0.42209119325762534
0.6333630090531219,0.44095054337015777
0.451092798692853,0.5214678978459829
0.5606367262510369,0.35629928939186384
0.6930878970014042,0.6276096346618815
0.5653643803640104,0.5355576631090952
0.3774272252425909,0.03488198718718238
0.2684755079618392,0.3299388683238514
0.43724153439469443,0.614596223024306
0.5527318719518953,0.26061939428397435
0.6819250461894305,0.5508164150487149
0.34583573737888945,0.28156510850897354
0.5500646881674304,0.3366344935578495
0.5836899589649808,0.3778292166062235
0.5644944938040781,0.32561895921399614
0.4577641178829851,0.6261217288525717
0.5273565468737547,0.48773956713905725
0.5096730742647717,0.38150149218181306
0.16548024158065489,0.469437127975754
0.34167451413300104,0.45386279920428074
0.5269402028230499,0.2973742255777784
0.5959068850486273,0.39387776179408435
0.6707093456088036,0.32350384272038524
0.45860674826235137,0.025258049405455785
0.3899226103239122,0.08446445093808685
0.43409833536342984,0.5856077627049547
0.5801445268961822,0.4489415349418753
0.5135420703567208,0.048336277826816466
0.5555626071382777,0.45443184701580625
0.09200240636193807,0.2623892933571827
0.6680912042855602,0.451809295022791
0.6934224329712921,0.3330754130849428
0.4380802211441979,0.20571763054911701
0.482695567273283,0.2630849421259983
0.5040124721084681,0.6637454675046615
0.07908728444342229,0.16064485754293942
0.5073637105134697,0.24043522090076774
0.5831867039300793,0.6277270131574239
0.6961276777323785,0.47371905312342805
0.4370590556472924,0.3980776322750115
0.5566312514279906,0.39768740173579886
0.5516264519327215,0.4828876729688856
0.5835107044367243,0.5615265169103786
0.5949347724947723,0.5176361230687645
0.4856113713250127,0.4145790676887839
0.43976273875165894,0.4565125580695993
0.5051146018546063,0.37438979220779767
0.37161946617223934,0.3657616450555716
0.64985539900227,0.42627372581858386
0.5356254153086737,0.2390210721158686
0.5516283672562309,0.4809638300260862
0.5079127869874321,0.5824690304678968
0.5661567051837266,0.4425495894882715
0.11242614983069994,0.15074443271369806
0.6044947440994017,0.12942279277649707
0.2918657400188398,0.18114114156349287
0.5347051039628296,0.08738965133333218
0.16544159228195415,0.6740346758847822
0.3953789761686355,0.013071426235549324
0.516369117022247,0.33396361925383045
0.6156801213277999,0.19109033467457093
0.17693575065916536,0.43626616801024853
0.3860734074848344,0.3455651038897113
0.5475198072949772,0.638538415178976
0.6683994447217451,0.4954837208249986
0.06193337667651574,0.3217045626872403
0.6428126881551317,0.5954543535354293
0.6013298022523675,0.3588581365243908
0.2871327599585626,0.4874971231605321
0.46553957043821437,0.48491363949292454
0.6766017380927555,0.3441164019745464
0.6309607727213319,0.43143850913718257
0.5095311734830764,0.04160043484212566
0.621054776894836,0.19972022072628648
0.15451053862669328,0.5962876810383646
0.34950115015183214,0.4529422259416907
0.03092541604063829,0.26874895981759256
0.2906098225326573,0.14060144516363085
0.355688956265924,0.12291390569452916
0.5204642820348809,0.6250016804440689
0.4115694577019189,0.26394879474025024
0.3907956457339483,0.20615382346098607
0.42396627708246304,0.23909065131123267
0.5311640512794394,0.3025918194562915
0.6543248790426235,0.27957658479234465
0.4289183660362551,0.21541759575940975
0.5674523561544229,0.2901877966054509
0.5736908050710623,0.44591871674413147
0.3006777706248148,0.04346224219861155
0.035673359589328275,0.14595204316156746
0.49052507823182134,0.2363520569077129
0.6098557590832002,0.5740760824457223
0.3254811316975312,0.014607006346203294
0.4203501726835971,0.37401333839626366
0.41716198270950233,0.21821537873330715
0.6882704375830162,0.3623828205898154
0.4472352832026336,0.5865601982054519
0.05903049266559485,0.5582017134610392
0.5584784515326897,0.5423866045391805
0.46204159050516996,0.4098216656720236
0.5929061323373518,0.4242265046015808
0.538406927588262,0.22450578625365383
0.6679381984452507,0.22238174424399532
0.631859329002696,0.26774902313590965
0.45230872205531775,0.30859807086044505
0.2558892559041096,0.03577442519370074
0.3729684892690519,0.1283439803237536
0.5997599839087604,0.4421954766748248
0.5721963153979479,0.31165543519707434
0.37576081297132746,0.5232249655642334
0.42334177174804344,0.5140023346863098
0.5815577897277316,0.4636881062464232
0.42479364903390776,0.33378990270229525
0.6591070762380897,0.4481545741896451
0.26834240833018375,0.6036877744237674
0.5160643603019162,0.28181754520925695
0.2511295805141675,0.19762438447332364
0.09578485156011304,0.5396687183059355
0.6545575156709895,0.41502268911372164
0.3406880711718808,0.19432997889183226
0.5345573288165211,0.33678669515844567
0.35179305411982975,0.6510069667784382
0.5833951564569455,0.5891294755824744
0.5944650088855065,0.3833608522414928
0.6377666522869094,0.2462230934119721
0.31978441864491425,0.2994667921667271
0.6900936663716483,0.6135245203637941
0.6551309500215727,0.36644893129868344
0.6109343547845295,0.02117537169217458
0.5896691543769195,0.6473586954844787
0.49332900354201026,0.30280796793520603
0.31047308545119373,0.5858687268597
0.6775386946482811,0.1625285410545491
0.36080720292867174,0.3558753689781864
0.5609118675390263,0.5668064124353975
0.37159055772162886,0.27088476653034
0.5926894947437703,0.6781666130283601
0.6856350638699652,0.07004778150550878
0.6112519113125895,0.046629383116310194
0.3049719105341167,0.5656907224955623
0.09984445892350631,0.2795498530152144
0.6871025841595153,0.4302564089010304
0.5468608930766122,0.5480529962628536
0.3669273603482951,0.05923121611804852
0.5475614676075219,0.49692581792192175
0.5955099613224114,0.5538162633857041
0.6375695770724114,0.16342780861866218
0.5842162378959078,0.3826564313107597
0.46069243199847043,0.49308534967461126
0.0674125928543132,0.2857408991430845
0.5864874793866577,0.4416321406782224
0.5888209807720736,0.6967754357844316
0.6577405822896986,0.3398030440978953
0.32140809976023454,0.33297680918017775
0.6465798582528672,0.5168048573317856
0.48226024834550457,0.2711495811228349
0.6135842606843819,0.2902459436471724
0.6087432434188037,0.45874666527151725
0.45434561533885875,0.013926047492085099
0.6224166757855647,0.4989170514921858
0.4925591181641235,0.29161863313154646
0.09833025145272481,0.5768274318041292
0.40204592355856317,0.31043257963914556
0.38792328112364155,0.5059176740298924
0.31256952986265685,0.6154696695636364
0.4572764178209241,0.45962887821196446
0.4935325507282704,0.41884003334886744
0.40839808144425904,0.1307482331569875
0.5843636973792307,0.5658372227679432
0.6879908908649734,0.07447330242440423
0.020488704782077663,0.4677047037630711
0.5888894956688429,0.05781332696737096
0.30002292780416356,0.4476487906897868
0.16155256892576286,0.31262865461546524
0.6564186116619642,0.688527583190155
0.09589021493512812,0.5637510840570695
0.6479844896937151,0.6734972568343051
0.33396653989554215,0.5102757518669512
0.5544508492564167,0.6588883853025556
0.4234379013551212,0.17573007615171216
0.18098448700007896,0.3824771887330406
0.6331549384234854,0.5388412683553174
0.6399056101079786,0.5052874731754748
0.4464960418331584,0.43532041476768657
0.54614105124837,0.25992843093831497
0.5966741062475233,0.23725297423160996
0.524012040656811,0.6101661237359937
0.5581280493536732,0.3535463664913195
0.30494278714919504,0.5324942213152748
0.632766672657495,0.14417307192571432
0.6217175335433217,0.45708234973747425
0.5571465851448164,0.16341192446530303
0.5963243362560836,0.36993104284176664
0.43968282262035857,0.37410907379793606
0.4138711772923914,0.3461066571361344
0.2428058920112695,0.4857735797633454
0.646342300869037,0.3655841594979543
0.45358834883380655,0.5013146714467945
0.15913518698974843,0.10216946262593946
0.4086454100784574,0.3141905820631349
0.6206246333722995,0.30852844824121406
0.5235535117053409,0.11929467238404862
0.4844560510186365,0.3986216106284291
0.4174682768129628,0.4247415802573639
0.6905314852625082,0.36394510055371676
0.0784802367765963,0.48633825222315213
0.12309898806398031,0.3515718266250529
0.5092638769229431,0.3064271777097068
0.6028821923661647,0.389336266147589
0.5940915440737389,0.4329182047016661
0.6561733220005902,0.6171993896299457
0.4319289968093835,0.1761476690605226
0.6541710249011741,0.5144977513241679
0.6365014432642724,0.11542927529777067
0.08181963590917024,0.018578814764510954
0.05063955022578556,0.6261640572875526
0.15812753132207685,0.19830191921836354
0.5801529398541866,0.3116161516670786
0.5989397033122109,0.35861493593049537
0.636844124719843,0.28047362280116805
0.3037618327703144,0.40734524734065863
0.5321529011427719,0.6004262948100896
0.49934720341409355,0.4272776923634337
0.07162876653303218,0.36450186309741217
0.18666822044848663,0.39650228849325747
0.45491981197577697,0.438569727315102
0.6421893654256424,0.10332211987627807
0.4498469805615436,0.21944514129552609
0.29491037206250403,0.4872854403283663
0.49404147734636816,0.4769029759806209
0.4115558509376421,0.503592329281392
0.3861210276489496,0.29702620010328246
0.6956961486900066,0.6528793271863516
0.05938011105406691,0.13256610256427548
0.5466137768215953,0.4913554748245154
0.337479549469908,0.418304449974643
0.6680956613740611,0.3020960011237988
0.6513315428943783,0.543983702515695
0.1503962794614562,0.46284498234304206
0.3153087567958604,0.16154158596249757
0.4042640938313512,0.2110023776844785
0.12679874236256622,0.2270005840558972
0.6188710870530387,0.5134533895267412
0.6677775499742936,0.19146736995851688
0.6029255516611559,0.49895891361974987
0.6473827246169684,0.32475870567717957
0.6622870676713285,0.08145509946038637
0.4816740156594632,0.47457490229803256
0.5308872228064021,0.2881830289922478
0.5994296044058744,0.24657908832351536
0.4382884780978752,0.05217811368887512
0.05536552969543863,0.21515607287943392
0.5590004741322228,0.421785820905121
0.06729121778389835,0.28149985823438206
0.5950207224816983,0.6355216686680766
0.5074285023825541,0.34498838239797175
0.5769173210367027,0.32645122021589
0.6187885417751775,0.35623452544488876
0.5191096228000343,0.3844592435912645
0.6717985824280189,0.38062351606821776
0.4533300956082342,0.3817268465421524
0.5131236597702794,0.5021081919492179
0.12544376014984812,0.21743394944321942
0.25316063278352985,0.23440196574335637
0.6740333357660169,0.5513946864193074
0.5520059106504558,0.26430989324439436
0.10966548226776827,0.5179853640998778
0.48349870192845346,0.09696753048448142
0.5918771208940561,0.46437795468521675
0.6843114607542551,0.5677871640905455
0.6705000748919459,0.40062219364799
0.12356179247296888,0.1179286789952947
0.36610574172756,0.6735016799216313
0.5717565506812122,0.3033145527579733
0.5311261453510014,0.4741775702116283
0.6426793637691033,0.021321618698947144
0.08967145038011448,0.5864034264338841
0.5496107623080674,0.3400748239039111
0.4252637473862113,0.6474071409897626
0.08055871098069141,0.6724783123190059
0.5361843231378524,0.181285455766006
0.5872340188041374,0.46229464364195455
0.3470143294267747,0.3629410271668442
0.4844623875157608,0.38990639888741363
0.47417877002488656,0.4087789108892801
0.6966752432763439,0.5244456468233816
0.13415401481224093,0.1661641983090757
0.13494948127090953,0.3682648017561121
0.02587451647025807,0.3178157957599359
0.4855619529410225,0.1600556959994127
0.6301119311440662,0.5085270631897322
0.5114304464461867,0.5907056684246135
0.6518400415226254,0.3749030919116908
0.5756802844176221,0.2030107349732702
0.4973013769275876,0.3539769305322397
0.5412039955359637,0.2390953277018708
0.19462952284138912,0.31207410038099387
0.6877896927999129,0.0015378151169861826
0.6738739737004279,0.3319036740624237
0.4495315676045643,0.45233930814408096
0.5313873668233129,0.31747720576618865
0.6456114640016194,0.4716511715481107
0.6337127931676102,0.6454534450843449
0.5879469700494868,0.5178129592552875
0.623182940939388,0.08413186311617576
0.48693964760443004,0.2502868614701209
0.02910830153154634,0.1895629625209668
0.5005716248112512,0.5559147569812601
0.6843773013737258,0.4245015138916665
0.2874760834338807,0.5432404060401183
0.6072499898833542,0.3559487631494199
0.25957133034574004,0.4680562219225603
0.6836852749322551,0.3462197961860033
0.47669292513263695,0.2606657017698648
0.5917167823399931,0.6750624920812417
0.5993639313872842,0.1879159562008948
0.5459285244874793,0.4394150531251939
0.49445886329166727,0.38040921317210985
0.3712095098166297,0.3190292416993734
0.48887036865177935,0.09537356569941324
0.6046549577704066,0.4447234490407203
0.5639026023805062,0.4690977935260683
0.42622059701858994,0.027380307771481916
0.4513744485170582,0.15170841197527463
0.4703015664185667,0.6361292390636848
0.5407624331286285,0.3252882014598559
0.5922759243507542,0.40939506499994816
0.6663177565838064,0.4466120310752847
0.5956263220290037,0.6307161179747978
0.018754611718325646,0.3921517243144055
0.31824090568134167,0.2848144636221426
0.6117180954056664,0.39308972837175193
0.38465562513227664,0.02734888300447197
0.6056881344305481,0.1047076659951595
0.5803243477228912,0.446649564681401
0.5885743968065505,0.40765286152156666
0.00571483476391399,0.2278324412752935
0.4621965893536391,0.3005481811723545
0.24561324719061495,0.41840683067571005
0.5023442703499198,0.5661202258908496
0.3672350497836079,0.351554252994603
0.5934109938595699,0.6549397786545237
0.4797106488081881,0.40135358544743366
0.43806492729463004,0.3894727043737787
0.6190490515547732,0.1447153608777833
0.5970705957493284,0.4342553671023687
0.5288127963013376,0.3140375726534134
0.5408589572535516,0.2353211196585087
0.3732244508021407,0.3430241999729802
0.6793691815277503,0.10430879556093665
0.4958361116675193,0.6219089750728793
0.512146415160536,0.45315819123413104
0.14060571440737318,0.66975825411442
0.6266493467568408,0.3410794011129973
0.06408117792231403,0.030667263034940495
0.09632276887175169,0.288569692400397
0.5135239969018323,0.3571485605602135
0.11094659592119639,0.4188359567353544
0.5492984495014448,0.43346543819216543
0.44526126084459805,0.4597589290241704
0.4914407245447363,0.19051440610285336
0.5430443950240266,0.3071867273785449
0.34217314117914166,0.6159611510894049
0.5058604129745126,0.5549982006813812
0.2900961016736475,0.29586376627555094
0.5862572359243815,0.6436778560772065
0.6359916917486417,0.35567527596176846
0.369323743667297,0.18490665018448918
0.5477483066395785,0.23727597602928943
0.4161484103585536,0.681352169485489
0.4748352594040912,0.12122004716642844
0.44346017869312204,0.5321245128544747
0.6007547860017033,0.574689465419296
0.38815879108033957,0.2861328583376186
0.20420139765635664,0.38912652640986184
0.19334547392929152,0.5083688183928426
0.696166181116936,0.5084705958204584
0.6408604855302205,0.20740581045476209
0.6555673624625799,0.13282844538390984
0.49074285507437837,0.2313382368043656
0.044303290064140244,0.1452588130678555
0.5651621120198635,0.3303669726993458
0.4240796645146225,0.20558480413815655
0.40597236886482563,0.6469080231433794
0.37693957429355607,0.46247384570704475
0.054983435166398434,0.32988459424123623
0.5805198661466909,0.4131554431345165
0.5652309141315855,0.1933665845312315
0.615976772684415,0.31782440107380455
0.49541719738049317,0.37490128460823885
0.5828543516417434,0.42399382176587425
0.5196380625490925,0.1781741294437736
0.27951362851497596,0.4876568568263896
0.5039578611319765,0.08534082276565436
0.5011150965421703,0.3059067533208612
0.49459519428286763,0.36041844769012665
0.10523382598648014,0.5511816340962997
0.020326100530510455,0.2958481452603931
0.06926857500338793,0.5145923530552189
0.2766906932566867,0.4885734869736964
0.5913995751869469,0.4126454246180654
0.5700950269533114,0.2447582065346583
0.6031937655761369,0.32465732459003216
0.4054597612678165,0.24169968395600888
0.5534896331358821,0.12743474728368956
0.6698365880119305,0.3899450598422496
0.4138711197368175,0.11758687027040113
0.22262186185778246,0.10845249642322777
0.554621700814658,0.5473361584815658
0.6478323498900023,0.5260197782387214
0.48309298358822655,0.5262044651574613
0.4737382419153226,0.44094659309648204
0.5619253005124953,0.3969220821392721
0.49685962848476517,0.40205196791661996
0.6148634203906616,0.3758639994568026
0.6516755334258744,0.20185304078906588
0.343453887391542,0.43578339769740637
0.35613804100934315,0.428780183103493
0.4661596774170732,0.2892600203720128
0.5779007361115789,0.06999418658777601
0.5071465932035454,0.27432580098161996
0.4761016617898116,0.5454727811050232
0.5217993720102849,0.21992993097187044
0.506199296718698,0.3520486070942348
0.47770988320550806,0.1750615449618374
0.5898594891781954,0.37267907170795317
0.20921540597822058,0.6284667557071979
0.07565030496890227,0.4192331773137641
0.6475155069772185,0.39310850321273094
0.6840751432485369,0.3468436591685248
0.6026839752584442,0.1024484321172571
0.07596817226975697,0.5163956992583701
0.35973233795371357,0.30236475618360853
0.5765907399380423,0.08933030348567397
0.6182700102283918,0.0774684612740121
0.2868104061374279,0.32587483512848336
0.2873462122528236,0.42131839998946785
0.4752722347656155,0.5216614607621478
0.3567380246930681,0.3076275879049371
0.3946984039726602,0.17661518474903654
0.5661505005590584,0.1649580766436631
0.5047550383086408,0.49200762946009013
0.48435437119927566,0.04679377301834112
0.6830513915556927,0.453464523949908
0.14681131220298838,0.30316621444390535
0.3920155360696071,0.45383239475019654
0.001386792533906776,0.33739228819395073
0.5898267756923339,0.1064138613765216
0.35337190625031545,0.6561496725446205
0.5149742873881482,0.6276833508994278
0.5308766616354255,0.2956543561339484
0.21692103241320657,0.31007905898393634
0.41660073196341374,0.05722286754896604
0.6586473311068308,0.5322710391737033
0.5388436195204687,0.17266164360781328
0.4957978577627996,0.5985310890937564
0.5276552837677833,0.34068970009209293
0.6242076657448151,0.12183839275431317
0.5504968495356477,0.5474489118188279
0.4315124352138814,0.3247101074117669
0.5032062209405207,0.16471872918320796
0.6249309141032225,0.2722203245031747
0.3547119503135866,0.40044515856774887
0.6002927113377997,0.4326513997906956
0.2883150883331928,0.4966774111399548
0.44881473517491055,0.2895060681451065
0.6274186852358793,0.6991111887022449
0.6828224057563451,0.43133949222837537
0.5067366506953024,0.19320865357510686
0.04712926359845057,0.2993644505833389
0.49952009448904705,0.23084888863250166
0.540998427001776,0.4315513984178697
0.5848494390737621,0.2873355543899194
0.2481531922349492,0.369147144972443
0.33607297554803905,0.19374861418656075
0.6707967855294078,0.35300169254043967
0.4915182979891456,0.40834748264968523
0.4915673519019913,0.5324144396265872
0.16871950112619766,0.182920061553854
0.5720421387738659,0.23421085547258536
0.2424967948083634,0.6969282663520939
0.5421512339733865,0.4907660261297453
0.11695554182431606,0.42919549471191765
0.40319262786700333,0.5103046924357886
0.47319012039197095,0.6213231515537906
0.6852077599810482,0.17686328105343757
0.496630470386786,0.3126969142264264
0.6475492681039614,0.2921799611815779
0.44158999538719723,0.40067643548044046
0.49359011456040625,0.5095180296459094
0.49676297668166075,0.5833411501488572
0.6174287769823419,0.2913247806213883
0.6693138160908965,0.25021592159567213
0.6847999871995236,0.6780248241766333
0.61474468783667,0.6404680438354229
0.4585202529423219,0.5223022624529867
0.19064240382070657,0.04363250928810172
0.5592195664959416,0.1628407060534975
0.5395586086913079,0.620013662576639
0.6833732024462232,0.20632722057599454
0.21644383181210272,0.1315272841140721
0.14899891833411513,0.09212424937604698
0.6479833880835317,0.471347251310702
0.6280889114458232,0.41705746206786776
0.5207598212842379,0.5743727991272464
0.4835692242078583,0.626320127730967
0.6373045178967354,0.41374938054423516
0.6142446887935546,0.11401084014155785
0.5595477718124227,0.5728958674148781
0.6826002755322841,0.17490972779570035
0.6512187649231383,0.5899630076986201
0.6421334858122355,0.3138049693230669
0.25788063154196295,0.22557990701994327
0.6961557627298524,0.40391347372166403
0.5778958427588657,0.2032077562617094
0.5554450148232477,0.5203293545206691
0.6383044711172655,0.5522029835406966
0.571853474243633,0.2560325073471572
0.47631975532716214,0.024024698606159887
0.5491884763429771,0.08663128872355355
0.32229740796452394,0.27970121004773063
0.6309962424843107,0.4649128704378
0.5792610224591385,0.49010442326577913
0.6352838368124298,0.24266476185958363
0.34780436235819395,0.4277769740572599
0.34883279788994814,0.5948908023251028
0.3162757744092594,0.6058916992818087
0.45126286693600304,0.15622445339907037
0.35272703777357356,0.15538731202489828
0.5954379301464956,0.42637507718999845
0.5386523078891096,0.37875561418585313
0.6601368142757936,0.2230952932529504
0.25368088388415005,0.5621662430700226
0.2804895828215487,0.09285017056850375
0.33381556430894505,0.1972751856549286
0.551026234943094,0.59970589999626
0.5689202408959328,0.53871154662216
0.5934251835097519,0.3313758160529037
0.5658831602071692,0.46803601137438555
0.6360225191689982,0.4232281430108402
0.5887194203654799,0.6475027310272907
0.6720777372195693,0.5073598623240139
0.5679650276055973,0.46443050416579457
0.17664437996475724,0.18982406851405006
0.6890402428233939,0.3570005644959545
0.682029979305428,0.1539278326686135
0.021317408969696347,0.2505777141303697
0.6069713227576213,0.3256356909977599
0.16870077614487666,0.32494643293499575
0.6502805052962477,0.3002961953936507
0.10211857972251702,0.12981427894822326
0.582041225727171,0.40954884496531535
0.6663930651109667,0.5082405595581327
0.683266418234525,0.31346259008324256
0.6838930909947253,0.4022568377239757
0.5554334157916416,0.1459472125410365
0.39277563099686097,0.343941455315209
0.5038193771785856,0.4076423594991077
0.44726538467432486,0.06111185064007405
0.5478364869233637,0.011722972368588647
0.23090006724342862,0.6863839304025112
0.4109789466741726,0.3465854159910775
0.008428502415676675,0.4820109362586278
0.4509442771558965,0.29600238140977525
0.5843123531281655,0.6234985335738605
0.6451664380035677,0.4886244157444549
0.5815890953586392,0.04032459617626928
0.6577533587077328,0.06742558370311777
0.5385799061873386,0.3660057497336044
0.08653442113398013,0.31885966844631586
0.11359002551513565,0.43343565490100133
0.19389120864142873,0.519193066779136
0.48665322879057016,0.45463951086362975
0.5107461599137285,0.400037647736717
0.5017824482505264,0.40496263745464717
0.5519846121983853,0.42340298014273325
0.4702918506492816,0.3536099548084537
0.0892977883474326,0.3140312819730662
0.6640701454140229,0.17305508278506726
0.39253544555823183,0.5422451589712748
0.3319065962825623,0.6706314849434123
0.6006170100032704,0.35927704108747105
0.15869567054858502,0.4495616213536411
0.5704118552503902,0.24395274084789276
0.5675096613120426,0.45613545669039113
0.4502016019062962,0.38655459622352256
0.617978293843571,0.20941485884806993
0.3182441783106545,0.02968932941514833
0.6588490859755026,0.32853495029895163
0.2795961235114167,0.5430758400427114
0.6361915163089246,0.42058925979576056
0.2892618438147399,0.5233453859368605
0.5588549534367646,0.6462715497507452
0.10285159427284309,0.2673947884697817
0.1278365962376564,0.6458685820442824
0.3462936421851845,0.6971443888255614
0.5945305841123816,0.5475012077601249
0.5259127891778358,0.33606259594670346
0.5669703793574328,0.2999011795885044
0.6403398582991792,0.5569182179917468
0.4479179668333967,0.3824401082624167
0.563738992731683,0.15947782540165112
0.5723109335079694,0.0627242208993079
0.3583256845814196,0.6210684632777572
0.5935639047857759,0.06949572835905357
0.40730457831404354,0.23272479273181892
0.49810229203509254,0.28330548175196335
0.3129134287642455,0.48321312703896513
0.5472933180017104,0.5314517564166137
0.5327551147140724,0.31752554747913964
0.5279567793491081,0.0685842911440954
0.6142874182562398,0.5159508072177484
0.49293278961105397,0.5175770638051077
0.6445588491536272,0.5451119443665655
0.49793718501668044,0.16308096214797135
0.6104787828177993,0.1838274625366435
0.6988933496846881,0.3479545368583933
0.6240448187901265,0.11112246686403449
0.5901562053044926,0.2325262790292315
0.45846087176020517,0.07803476095349772
0.572848855472757,0.14021934281981696
0.22624490318487414,0.55834893100131
0.6059375774260412,0.2986280115919744
0.4901060928593456,0.36487722136086637
0.47261294449016567,0.6355472224937058
0.6997952668320214,0.6601711527873124
0.4746497106234475,0.3620273584053345
0.45401389899834366,0.2728396069405019
0.23925990349159243,0.04667325651830775
0.5795596460474354,0.40975644029083746
0.6696595535190855,0.3795902442934156
0.4586080578884145,0.06898889595854146
0.4465572748318857,0.40206767997077325
0.629363083627122,0.4227264110876272
0.5426519586044373,0.21698791520010702
0.619159737308032,0.6820821023821688
0.607196636396138,0.42655046451220824
0.47171938584566986,0.5711560625295591
0.6142242338767346,0.4968736098112916
0.5583146909172081,0.43267805727357433
0.6085557410324028,0.23379496724112842
0.6025664770043533,0.33563830826019925
0.16102329907669993,0.3844131036702121
0.6278593747154437,0.26829150901377247
0.5077918699425799,0.5874067815733506
0.2817216939762901,0.46706685591495467
0.5201966334540336,0.1024556404700937
0.6461310179712275,0.45085465479172687
0.22357404293436584,0.5038338216333669
0.1571379560445818,0.5692952543020289
0.5015167349544588,0.4476522782452807
0.6499380640464402,0.24791499558468166
0.4969297624827294,0.1757461846678146
0.5418617573646352,0.5852410478524557
0.5718810822911806,0.3534077290953846
0.5246014329179741,0.1422018793043872
0.41149176930918097,0.1388967650470258
0.6518432855013803,0.6686745090498571
0.06513222421517141,0.34197142534356895
0.4965869566117942,0.6954368079793453
0.45936758158412994,0.27856324399361887
0.41372522281548213,0.3805617882647606
0.4931835646403314,0.24958512685857712
0.6674730392208547,0.029999876273032855
0.18740618805194617,0.6248987034343639
0.35092768816103115,0.3521635364553665
0.43693835370550804,0.53764298649913
0.516030278355093,0.5156078066636373
0.553888955915048,0.2951312869489419
0.5839557185711899,0.45936955517614647
0.6658960930933593,0.5392310445197558
0.5453357352479228,0.025968734536114507
0.5937596497700579,0.6281109408039841
0.42476615005153817,0.07127832340726159
0.2256720730664133,0.2603997203953648
0.35014543037621604,0.18781930334874072
0.00026279131779301246,0.008930551425832427
0.056760927682945404,0.16749165835730873
0.48976774372504517,0.2577352392657718
0.5431185505792434,0.4817434418063883
0.23221778802386606,0.6201020005544425
0.40570292064342556,0.39496415182723876
0.5324443675097315,0.46423224545415565
0.6985211654511353,0.265182306955295
0.4889457906945445,0.2658889043244811
0.6202889914459864,0.1327531878992364
0.6061911059381688,0.4987060739013971
0.5760706452695306,0.336713739042132
0.4923095739283359,0.15809545104138134
0.46483481444999897,0.12704691363277365
0.39734896929972624,0.5520762884083911
0.4746665385712226,0.34349481500336365
0.5865226861363576,0.2101105043645483
0.4494308300602344,0.31495650271185544
0.291943062116719,0.2991509442698893
0.20054893175334745,0.6621455454372814
0.6820131058368014,0.4035300552564992
0.45841755562908365,0.01809242109390441
0.5905737907966051,0.4981923653590892
0.5397048109764477,0.32397817493179565
0.507803690200334,0.5002356196435862
0.5307703150525622,0.6225840165336958
0.48222667887234877,0.6175219536618548
0.3505038564385452,0.17171391035122952
0.5962936489129451,0.02182612144846347
0.5942874384238074,0.5247573464578248
0.40739496509380946,0.5687158297453305
0.5760745962963971,0.5041768230934074
0.6315231718674822,0.24442493469121945
0.532964251056034,0.40356034869019675
0.5370171751261158,0.3992295320318337
0.3536047534621718,0.5632927718240546
0.6082555539555143,0.31179627389065084
0.6513875163633068,0.3813410567087401
0.46106487004198804,0.60849897558403
0.6355977109760943,0.4612960601708191
0.49863887518089206,0.08737964994655023
0.6392415143384437,0.3007729248140885
0.42984898055878845,0.15559038561242725
0.02892822340741428,0.2237181709570027
0.19717475308587054,0.02657797517034335
0.3719414759427221,0.35922923808327545
0.690109191469038,0.6024903616066095
0.13818926659930061,0.027687901964948317
0.621388953708842,0.21266873727067415
0.07318105596370154,0.14669474525812498
0.47267756550422824,0.07130086903904567
0.5424950888278032,0.4062039845518625
0.08732208842156992,0.3108587714040879
0.3295097180673745,0.4038656996295615
0.2957156897988394,0.5181336604016242
0.5776775005753148,0.44733056199029453
0.19579206443901043,0.1468774275427085
0.46158416637938804,0.5833545059673381
0.6963131228304899,0.49649478713142026
0.6750071457787545,0.32600837852602427
0.5628604749783068,0.056807511430898544
0.07222144839985997,0.3681312357415855
0.6019192178757041,0.2377977900813086
0.6827889510153873,0.2294455108868803
0.622810277590715,0.2864455074852127
0.6683261999364467,0.37071078323625284
0.4312063633923375,0.2237712855919002
0.12936087049762784,0.39428743669436545
0.6006713779537955,0.684082099052871
0.49747862191070613,0.4351890038841199
0.5282177788471696,0.13242374230650733
0.5043152293466766,0.34289662114882785
0.5367572613758917,0.46713230382162396
0.12823690962888934,0.4714373877679584
0.48385290696937977,0.5736451484809281
0.22574906919371215,0.5336894152595018
0.08536373987649648,0.21179838219808161
0.39369193110351564,0.43510605076802994
0.6723530441709011,0.10216311842879545
0.5343234355552822,0.30881087860122186
0.66208401700039,0.4806261624300292
0.3111662365745109,0.669311263531534
0.38372469370866247,0.3044614558188863
0.615817753375178,0.6800554167907038
0.5447247045074718,0.5655319362963788
0.2668479079104985,0.6222298425198496
0.5794417152233519,0.5615030853834216
0.5107550139892842,0.4956677095303247
0.4938144843205522,0.21824086941869889
0.6028401921124027,0.6500108913731186
0.44404198210499335,0.14494829332243608
0.24343321789973887,0.4236176737654018
0.6057598141160304,0.31121490516543576
0.5740835130681768,0.6619699627701771
0.6002378495809235,0.5985381223254742
0.49217244836502927,0.4700240652341414
0.05584742213917706,0.5438709728791967
0.5446175442740002,0.5528990059765795
0.5286959627125828,0.4544716879812842
0.4669497895984257,0.4606948204070005
0.45226695108713894,0.08216097356580254
0.6095748080281833,0.6003710861984666
0.4669336825878884,0.5013815175389816
0.5463828884200218,0.2784749281168808
0.5078561592804721,0.10752319957431333
0.6043654751367028,0.5122322058149897
0.5685292766044647,0.25834255613499424
0.6207081973934061,0.5374038774793973
0.11369859868856214,0.3742507031116184
0.5382272467738378,0.2635810002450838
0.40044709466003486,0.40056834335819425
0.5945726137343103,0.24966513948288527
0.5799823505419722,0.6031310990607022
0.3898390192196527,0.05086268215015736
0.3534346649374213,0.4766339348065626
0.4874523801642594,0.5937997039289368
0.5727521729014564,0.03522112466325876
0.25617400976314336,0.6485757447077525
0.16810081817451772,0.22975722133030022
0.12184147230180899,0.5670755808677392
0.5993248216386888,0.15730260324884127
0.6681374053188815,0.2634041378868516
0.6636822572258657,0.4229132813468943
0.4773379625434623,0.6431304449193458
0.3900917392027353,0.3875720759376816
0.39462798511959374,0.5331520070889104
0.16875131292821977,0.6510866756406833
0.6700017338450014,0.4014261303679591
0.5054901412341789,0.33595448690657026
0.6247292592741931,0.6279943887308799
0.5647590453941288,0.23878590296679114
0.2696933496524993,0.5995198873181214
0.11308768013255383,0.3016351086316842
0.25639575937779313,0.6302354005695319
0.6405671275676964,0.5861503407952869
0.5665850736089354,0.47625857502773494
0.34211288547026647,0.25332567636884445
0.3718387897373757,0.0907877022537381
0.6577836403845645,0.41669123026724847
0.557735086977756,0.34450766915722325
0.5864495756848086,0.4415205944336773
0.2769155481909533,0.1412938453701738
0.20035335046243805,0.5799830098997767
0.5894721873161199,0.3655626742529143
0.6013432704813696,0.11081414835366565
0.29389180145030996,0.1321156541247652
0.47636010867125067,0.23074820615942865
0.07394776895384081,0.25987634796307113
0.5458359920560868,0.255542555024765
0.4736517624853781,0.004907206958618168
0.2428090953650024,0.5774197191139864
0.5174328685686844,0.47479529271667875
0.5032472621924282,0.5819240009523738
0.5278378964939037,0.3853800062367529
0.6944294346681653,0.35677117063617225
0.6428840947989687,0.3380878756190599
0.5924621613818202,0.2945171507973149
0.6143449942150752,0.6166925985578384
0.6189086510826393,0.1508726528673008
0.488112409925855,0.2464809236404228
0.4817504313383837,0.46933609961961126
0.28670908933207334,0.22430764243478565
0.2312467073000753,0.2571431771107658
0.5905352419718761,0.3153091830130031
0.6236651315422949,0.1558024655967413
0.19918940004600016,0.29582480278861234
0.5796479155143344,0.6023939801617983
0.43675276727935386,0.4555527481838757
0.2728597831348478,0.5340719937300201
0.3066560253664709,0.21359328306609035
0.4111378119687005,0.4698446170771648
0.4829529139090172,0.4450701501762026
0.3747437002999095,0.021431033649042634
0.5261426876284255,0.15225039839628124
0.5433010691918636,0.19012792160088582
0.15189325533317527,0.36025199971720323
0.478474067425307,0.007143961650196463
0.06869475877388835,0.5387900029784223
0.18227370930588704,0.24111598015906566
0.5776152893146641,0.5757212629307569
0.6111777237570778,0.13939806609496125
0.6319381920516691,0.6915137972256297
0.4973204780827273,0.46619731040555895
0.6859221439579366,0.22392295753375163
0.13306132906553364,0.4414760197527374
0.5287375412142074,0.3899248036301082
0.3794320507935076,0.4389181686672008
0.4381511322986114,0.4936608507184934
0.34372101769270824,0.30531139440062055
0.6190303799574727,0.40389479152383184
0.13762930391440414,0.39609958286184854
0.6460066924600603,0.4334090050960731
0.646886949617823,0.29146170087842516
0.6237327890391478,0.44986859981596894
0.4143203352353656,0.07124553692701133
0.15633303181180896,0.5601140011738839
0.49275370866966,0.2558580638807688
0.17840057026053346,0.2516621686411618
0.3883126765575146,0.3450248807163841
0.22026855575065743,0.6430959423124347
0.4248368584690221,0.617012422306067
0.5985979695649426,0.3392131632389006
0.5302286298663659,0.4932035166619366
0.5795159036519144,0.16028992339736958
0.5719738552479986,0.33274662059485494
0.4185577611183236,0.5225496532828046
0.03383512391034818,0.21706110207637117
0.6484218749841165,0.26120836415409276
0.6616328926180755,0.21284517776750445
0.35808595298047463,0.4885885717995674
0.11917755315931626,0.411570179878666
0.6632633778655206,0.6401792759579145
0.5383531874500813,0.4772727320540603
0.5819477940945189,0.28885290072164305
0.4151852898853086,0.4282511117045985
0.6997481052420093,0.2986452603694584
0.3327104199680944,0.281268190775296
0.636021616979405,0.1948728075587417
0.6282435005414947,0.5163890673393008
0.4519925862570165,0.3979227500551343
0.579222388919874,0.5937084448891675
0.5192012009378052,0.6422126027064493
0.5557772055013117,0.49860671987429855
0.6348802165864369,0.16667510446696276
0.4332123247247025,0.45045633841443455
0.5300007524743745,0.43368528726656175
0.04380194202661512,0.610374578345978
0.572781149120218,0.5604824257439665
0.5213002900561879,0.360584958480302
0.1657833767386674,0.3764177195152869
0.4805399564488994,0.10282727510311337
0.4141156119537799,0.4866353676934801
0.3486969826621778,0.48419279289188644
0.4986319488589372,0.37599064622231193
0.40257408259627975,0.3876063918156817
0.5788950308394438,0.4347836656690529
0.3262503202869384,0.156561554427244
0.5287040235962226,0.38160878556865097
0.6219051517208886,0.5778469662669248
0.30775643368974737,0.2519846484455252
0.6467877596569505,0.3060123502775239
0.605123481050885,0.36589404421833466
0.43867416804564874,0.6807514289594718
0.6613067080374325,0.19313015552028207
0.15658109854950047,0.0906427480369319
0.6029760426340477,0.33474660198485595
0.521599667118596,0.533556576272564
0.1674041001549075,0.6557775421055967
0.6116660350596308,0.6318318672028904
0.5478579047742153,0.5384934025123326
0.5183910626941355,0.6201720870581943
0.5575039569318258,0.45756991295857574
0.694993645558032,0.6676982841753243
0.5746806223213675,0.35601169826663986
0.5543699133030011,0.2950971914899342
0.4016218365046982,0.10846796563221373
0.13206711699172616,0.5424614373291654
0.23203756490689093,0.4084380668377763
0.5631665118639364,0.609823474044208
0.01916558323375868,0.21954032514678232
0.28320239030331884,0.6943036446035153
0.4801160488901046,0.3383845631828746
0.337717434031856,0.47892097528479227
0.6855348147665006,0.3729813063298689
0.4884925613657769,0.5916702686295222
0.3896848065241165,0.4512272091421558
0.31751160333312783,0.4254224364290316
0.5057981638280431,0.5532735462308416
0.12936892372227154,0.35593236201222056
0.6478810099119363,0.5241783879729967
0.6964604083048885,0.3983690267147965
0.34067049620512163,0.5738778969097186
0.16874731867840093,0.611864285214403
0.684409307653654,0.44793613883833744
0.49467042693811575,0.673429025853611
0.525626076867882,0.4612040803574752
0.48581926492007144,0.3709717842673408
0.257331027279614,0.5984579420815389
0.4780288314083096,0.4138149610969699
0.3645365813552029,0.21064653423300433
0.670809062113217,0.21641772095239672
0.30741590106874345,0.3874959499452721
0.49463163416193157,0.4461921977430275
0.6071947978716825,0.013506772024947489
0.44827832451581456,0.3207789152646933
0.458398213487597,0.47800133949209367
0.49255695768295815,0.39190276617585573
0.17644444275445248,0.621055495127314
0.39795724023982415,0.6511537785610371
0.6859477351861059,0.28865888477898005
0.0897718127201816,0.1202292684313806
0.5891457197918223,0.39379676974742317
0.551020610093709,0.42470110576213405
0.5650138626931694,0.40704535577798234
0.5309851738220353,0.3257101342100741
0.0012742664111288129,0.3704686623880322
0.5920213942552798,0.38021424373887425
0.41850186286390023,0.4266192123793428
0.47323408543664125,0.39571937681153424
0.4714182713991565,0.34146824789742714
0.06069718002892445,0.1670249201451489
0.3423911512640543,0.5477998734976002
0.007435167181591748,0.5404799957944056
0.609568620944098,0.16004802370386995
0.5553919509301539,0.47785983330238935
0.6492958567809005,0.5771168770058027
0.549621275697368,0.47639066711081757
0.5552632661098509,0.504936823658256
0.1647229543722996,0.14333001668810927
0.4364835664020902,0.2837448051546555
0.5797808023073238,0.3765753365487968
0.42073045451124,0.3328023988252006
0.6288483779408374,0.03658772495376903
0.4581806947562513,0.040990800574006434
0.3359245884897199,0.5523810856465879
0.06449522755874404,0.31236662112253755
0.6288767286760363,0.18774957933673442
0.6683977614104644,0.37934601462726003
0.5869706872461388,0.6514683876837833
0.4217867949318791,0.1584662348999733
0.6463345406660708,0.3390473569627653
0.5832196229022768,0.5505036545686932
0.15712909065656344,0.06594434674485847
0.629913577063188,0.2903175717501477
0.6299713970839984,0.22533230809996685
0.2159505489815734,0.6355552763734227
0.6060828947039416,0.48100765910915166
0.49999694010870244,0.557181134095731
0.23263362211459132,0.569223542633505
0.39882480362773537,0.6331058462294371
0.40493131054372866,0.42799750603921966
0.35255100552133956,0.43652706722214324
0.5843786271424709,0.44366995654490865
0.2888761133626024,0.06708994452952793
0.6178918541669536,0.691568680080317
0.6838751455588066,0.20556370724975845
0.4758260681960175,0.6244333257542292
0.6951241678766088,0.33372728172684096
0.4791385083172569,0.41989533891339215
0.6572705510044788,0.540950600768282
0.5319304200844698,0.6231484411214654
0.26848579253362564,0.44200098485022954
0.6210245077686057,0.38695649883772065
0.4342671784423577,0.5045465246597955
0.6982789116755057,0.30444046665711444
0.37983765647297596,0.55261155991537
0.4826057488949186,0.24564843894068225
0.5469724971344182,0.14338884340923452
0.4692306811129637,0.01592440875199072
0.6227827843539254,0.5599985693554084
0.6195053053056481,0.0010766363874846474
0.021565571348170512,0.40218330818098585
0.49722634107078345,0.6036406553243974
0.5067055710731546,0.4148489530084304
0.5492212273715957,0.16768611604826877
0.42104662556321004,0.6590664641818242
0.5176094435344278,0.4103710440000612
0.33344122286471145,0.18398705820878158
0.3881576598755875,0.2666209528075168
0.5918108305179035,0.045601146108959385
0.26977815872125277,0.21500794995822411
0.3865417659527242,0.074062656099741
0.5406810845015434,0.42343029177548674
0.6026505631729514,0.5463384557595997
0.6420745597121765,0.6988913107764789
0.026302478208770894,0.09997203984688263
0.6721266636016316,0.3874514219024711
0.47835792405819755,0.4627608718448596
0.540456667678012,0.6236365054076698
0.5951214886373293,0.4411905138777537
0.41401620810680007,0.3352849453342319
0.42961612534020516,0.44667775918191177
0.5525951884840761,0.13113061979395066
0.38088825904237134,0.44159106416837207
0.6118185656328303,0.4158665681421669
0.2785045956861779,0.5798178242558307
0.6148469347421016,0.2683584429646135
0.6788792856467579,0.35419179105947607
0.01180002316776504,0.2858026637913162
0.40030419518322446,0.413294611472237
0.4291597545667433,0.40542358786028226
0.5635148799999931,0.2749180573467529
0.39156958764034727,0.2950002543091318
0.41824511223972594,0.08308096275834195
0.06857149285952747,0.10201854816342848
0.2561034037743992,0.5454056629527152
0.5567555016608381,0.47467303143018913
0.3758129651011153,0.3699551123503878
0.3787155720412002,0.045381827368018754
0.5325447520235065,0.40188835196763045
0.4148801755555519,0.40098885418456043
0.41930296601373496,0.3010129689628189
0.1302038299743734,0.56475448612917
0.3394825925038647,0.037453040060696
0.4786270854619139,0.6759533255680078
0.6632836348774886,0.11818103984827508
0.5040733532247511,0.6916274984700562
0.5185438143106549,0.31265224391404034
0.6042011116883671,0.5129695945223002
0.6114558732999321,0.133494918362505
0.566077311980104,0.49696132172585605
0.4665530135448913,0.4115767365270351
0.605148666628665,0.36469780978509786
0.4434508452292581,0.4780417627958867
0.09263081622152373,0.44890298064525347
0.6571817721755036,0.5995884983732674
0.44126016133450624,0.5525454189020921
0.6779792776314089,0.13194113026897183
0.15283583630369585,0.43072010642128555
0.47356781458108776,0.07595114874176373
0.5007483734705649,0.03559606282207308
0.5119930096836118,0.4593273135247255
0.5177009367911266,0.19520991426141998
0.483893980473851,0.5736703772181883
0.4187463278919468,0.6699600665618581
0.26222241817232594,0.21333068024925544
0.16415780532459895,0.14827956024687858
0.6531102605634544,0.418055437246412
0.47281198241464034,0.22021207560039835
0.3102371616472434,0.32298902841116034
0.5391390565858432,0.34585573834391975
0.5134617585142902,0.29233843947877247
0.6913638984941658,0.4117495823329548
0.66622717360989,0.5924678475376917
0.4391395212347552,0.015397131279545125
0.6480686548058284,0.39070188469212874
0.25981634390043906,0.32352916447723545
0.671829969285998,0.4352773040337409
0.45378218567391376,0.5236341551393906
0.4341083376393811,0.5435475768591072
0.6348807935990713,0.37481846170667016
0.36592987175888314,0.5135743540467451
0.41890167605330664,0.3416632453887428
0.6508771881242529,0.2505858548419207
0.4999575621574709,0.5722884032865619
0.3017276781964045,0.12365637656232462
0.4797455978096896,0.4309801980275536
0.5469965321046202,0.11054624572003585
0.6005830135397404,0.35936492325597347
0.6798849016248212,0.2540389185372634
0.517794034840827,0.5169740731631066
0.6215110658847312,0.6856441495821262
0.5034294681165391,0.03691355518156497
0.45548510501365685,0.4179533704732162
0.4815842254268733,0.6114812319135106
0.5108144450381963,0.669545512234919
0.6911313968472785,0.21575800450765276
0.5431403842875525,0.588334156841453
0.6988803865387662,0.421767029480914
0.6016662418791855,0.5346745300921777
0.541278132380317,0.054238720301429996
0.5682359018470264,0.2080861200453637
0.5294628444109206,0.6175689919235738
0.5375715612738882,0.6345526312880116
0.28386447675247756,0.6029418769233819
0.45228834467538614,0.4817473372296328
0.2062219577904507,0.295494638187286
0.5460481350306636,0.3260495580477055
0.13542019833110702,0.5123606201061449
0.5072364010079764,0.5334932054802548
0.4367626381326958,0.2906496943000375
0.6433767369737359,0.21853399516378075
0.624526235681388,0.5936610787008879
0.6965461281443236,0.27032842204116964
0.4635507460840747,0.31252740096669174
0.5417529577451623,0.313158082138335
0.6453778191080155,0.3366416924288817
0.653106672695593,0.6702003418923215
0.510916989327667,0.6098746764402009
0.45317160321793637,0.32723016691850404
0.3407613489554904,0.3694440694402961
0.41637493089687433,0.37531179128901787
0.564713990079608,0.6621569630186698
0.4087500701289979,0.4515935066121119
0.5928674840219071,0.276974537003168
0.16525220790103307,0.34570542600331405
0.04870494798755237,0.2894295518037304
0.08854503665409846,0.3854972160188086
0.6859119404381184,0.2369108162913809
0.6422757560258113,0.4682742574799862
0.012855659658247393,0.1850309221742
0.5756513680643749,0.09558289115017957
0.6372302580659456,0.4198090428234342
0.4089100704493179,0.09219646195353429
0.5412519262542007,0.34281046046356567
0.5320990261969102,0.5919725857784777
0.17287748087095567,0.5412995146954501
0.5047193193679066,0.4630825443329736
0.6563412704520755,0.3551617315147342
0.5064650640774608,0.08683279323404536
0.5191906004250182,0.3244084380026439
0.6356052138336868,0.3279183494702905
0.6035455510856879,0.2614685638569129
0.5007101950805054,0.042479593314188484
0.5542123649574802,0.10040841434156483
0.296088192323819,0.49451790281931896
0.5130552593740669,0.3640983227025949
0.497848146754759,0.32143376282027136
0.6386220417711002,0.16879976059884333
0.67504934114516,0.3906044206617514
0.44151767656277546,0.3507538887635836
0.49441882304050505,0.10641432204227276
0.23893633349581272,0.5203964278658716
0.4865884966238958,0.1407316332931851
0.35470554807926435,0.22240882659676237
0.37320394661775824,0.3195037296106319
0.579519106020792,0.5804439907824543
0.5719337713913119,0.13663246777690682
0.12007636005561961,0.3051688453915591
0.15453558692053418,0.6021914093158232
0.6287045537981166,0.688543638777555
0.5683928813795875,0.38391093489016914
0.30642446629548636,0.3964875585049716
0.6202563855765583,0.5959048950737715
0.6501889667937679,0.6156634049233892
0.5592714269063344,0.3771404741960697
0.562190605288988,0.601558966980067
0.3536081692517738,0.4885206147887415
0.5949477207312895,0.3242066186815713
0.5375252373157701,0.5795928144766019
0.6593584324979542,0.2845841126413817
0.528773982794999,0.3326562505342645
0.5144151705310152,0.21195458501366865
0.6148512619524057,0.3688528623445718
0.4129264121948132,0.12534737491152487
0.5261480218775034,0.6610961013678333
0.16191958278384933,0.4762509598982179
0.3563148224341133,0.649480673238691
0.41200593648439815,0.13516407982795237
0.5025499183292953,0.4064923530203187
0.2754871793405225,0.6351031562670104
0.3465660749824736,0.6093793074295425
0.3162207855564055,0.5287039477552387
0.49719868493146163,0.06686258932047139
0.6757758639611677,0.48281509685316326
0.6815375444500995,0.19234293512382863
0.4306333180822464,0.29180614771732977
0.2794132738056597,0.05466713393350354
0.22333162691720473,0.013727080178693413
0.31788757260095196,0.21811537176950577
0.535802166411274,0.43744103997919714
0.6191418944543058,0.6093572897321926
0.6577448373039476,0.5935256850576252
0.18769201008273198,0.5907482662590579
0.37618081999943304,0.23785813184839666
0.6480898685379127,0.46517233195073804
0.09738690973286974,0.20299687906093816
0.4884794537046901,0.5814652469673943
0.6995983205772348,0.27820197716136563
0.3161097396437478,0.044691617171358104
0.6279113477065362,0.4358247980766159
0.6544462163039397,0.3054995382522748
0.4749634810777078,0.5278761017159281
0.2858384808334914,0.049910943382467446
0.40480670026583454,0.4825366737117992
0.4388972526232658,0.3800365638648336
0.637896501415854,0.44527159007891765
0.5484511348321356,0.29612580419388035
0.4554488100668344,0.23971969640978702
0.5335317779212997,0.5549617523955909
0.4980308300865839,0.18526485671985912
0.5408442891993528,0.39045710365784014
0.5675277172293072,0.3375421387212459
0.48847133648190527,0.6728095315296508
0.33767119113950445,0.10290833183754614
0.5457486958647769,0.3079381856655962
0.627325023219775,0.6736205114219046
0.06854661910630716,0.27563601397035387
0.4378946508127012,0.29431036894416357
0.676629642287334,0.22935452493689992
0.5599879980753295,0.5570802384907925
0.11884555779145539,0.2604847488613487
0.4735738005871555,0.37728405414268756
0.631990062336708,0.2201683690014795
0.41783172807720526,0.21872060921061318
0.6213737510169287,0.38589811569052007
0.6286357272121749,0.49309825364423715
0.3794921660469096,0.29105931361645565
0.5690717219315176,0.0075875329059502394
0.5575787506747316,0.4204872965695377
0.5619354611541143,0.6023041916319744
0.6469693543441165,0.48030168074810536
0.5888127196517889,0.44160634391761205
0.5971677642047513,0.6477145195205541
0.6024683372229906,0.2761494907202987
0.6461856464432431,0.40185968496955016
0.5822003472947535,0.2881546457955445
0.21790976890374503,0.44330147071048964
0.025508442038265,0.02521943532730425
0.4569292976950097,0.15947384828590033
0.5975038718133702,0.4949515964387888
0.45437426024963146,0.09942229024705378
0.21982662910082792,0.05811568125146331
0.6612956466576356,0.33297108096918643
0.47728590803283344,0.47369265445405756
0.5970827984231237,0.5085368241386585
0.3042140790740624,0.5169297473333504
0.6417806148133796,0.6856245879414905
0.5184561599300364,0.2741494228272015
0.5828245142917339,0.3709407677259368
0.39736144087703473,0.35250149962968175
0.09148135219661384,0.4281523570652772
0.5234972616050585,0.047868460206477725
0.6963330615241169,0.4827755048845056
0.5649600073455484,0.5872872456316157
0.3561676093685989,0.07305875484399663
0.6263254113949909,0.360646784853347
0.5729398521887363,0.48361383750905135
0.4864300242004863,0.49411568578458537
0.6821601223605808,0.3476504819749312
0.42449566194241184,0.4131956064430326
0.658372792309878,0.20177671924113988
0.20736840498702608,0.5236264782978088
0.5210677972996601,0.09754899217326642
0.5367850441664768,0.5671567524917202
0.4945785668708832,0.18170331574309828
0.47456362479442565,0.3776008853406958
0.6458471595108479,0.49640896601426737
0.25971207873489754,0.6936363893218194
0.4810200285253913,0.4544613231422681
0.587036595883068,0.6713023405442948
0.5105870819003991,0.19201746815488457
0.5468006065213645,0.5842501841354937
0.41863490738837666,0.33383241800858743
0.668832265524439,0.31144444654936837
0.11374455127439514,0.5593416573632501
0.4150242459681124,0.6800321341104285
0.27278880315397885,0.04061728786996243
0.5376956463121451,0.3858417412081892
0.2891187022159406,0.32041243350221826
0.5916562038880999,0.5850825715256924
0.5014060016933405,0.48942465488322673
0.5087109285191665,0.06377134648946008
0.5512303612211277,0.4897550491116419
0.5841158819537507,0.6774810372517718
0.6096111118835225,0.08217775954007958
0.5254962975756157,0.05060322704792476
0.6182490198335204,0.4773237874219159
0.5101978723052865,0.6234352733635117
0.5820739686802094,0.4982447763658272
0.1988487309453635,0.508866732758199
0.6655937469226239,0.10525030957105141
0.6861400959427622,0.3546469154574119
0.16055774227104547,0.18742705739870438
0.4833112909189331,0.377019671207689
0.4122851123796103,0.14169884175035852
0.4107007886594743,0.0641480152738165
0.36254085125439633,0.2084068411130428
0.6623475030954139,0.42109825620796837
0.5530130212800457,0.6365900497711888
0.5140199343119352,0.5183518332768438
0.6907523258759412,0.40356072472649446
0.23393948755768124,0.633005376978831
0.6422110142371485,0.48140009917094073
0.5160295506999008,0.020619404009994735
0.5672982890057808,0.12396918539679663
0.5230291918396084,0.5421681766537184
0.6176279006758486,0.302153230685954
0.45413130090664844,0.11539935724014287
0.5451295182889618,0.4990914493683826
0.6095871598638738,0.6223792214401553
0.6951147284860375,0.3729041422393531
0.6918573686674578,0.3744137235738581
0.33300232543987046,0.2748015807439218
0.6012680361380681,0.1583828468085
0.5521975299301234,0.4584384943762162
0.12581597425963909,0.47858653239105503
0.4681022162140196,0.24565043144058768
0.6793366298198417,0.030550009245350868
0.38506385045696756,0.5369317374881564
0.35241372293421835,0.04485050740768784
0.5060232792981861,0.5027045868654965
0.6166194593377368,0.5138905955182235
0.6426617191784412,0.45392967582688304
0.5603112491462796,0.6988677151907344
0.6161961893841824,0.26551169573320127
0.14203702696582085,0.6139016135892005
0.41421629118508124,0.24351982336400557
0.6530703260905787,0.396135554483198
0.6885923251432674,0.5228592416223334
0.26867746201362,0.38515699884312293
0.5115909018691701,0.35012725623023
0.2205471438191294,0.08016887664038565
0.44025412846829526,0.4868183654728354
0.11894144845618998,0.5382525383391703
0.6213564259962796,0.09553929858821222
0.49098756175300157,0.38060370289195067
0.4706764043035374,0.3346340274337838
0.24555310739563102,0.16224293267504894
0.3714694731629636,0.2476517914397869
0.5703494253854978,0.1724602946509673
0.3950040972610651,0.23957436757626996
0.4002537074851605,0.48837978143557
0.3759901511802985,0.39784934162813634
0.4723446263819672,0.38652194181794475
0.20747439705141257,0.2794901460045296
0.6841988103233176,0.36366315113286757
0.4984641470803406,0.5352073307257242
0.5214504563800844,0.3985931211421146
0.1617548890743939,0.6669683775153283
0.4948045861441967,0.24070686829691423
0.6002487488045941,0.3284984124033281
0.17313162892572834,0.16757904162316248
0.6541141007105014,0.40371405196746135
0.6928356272576068,0.017352948706863658
0.5753954163779,0.010777627654600663
0.5233170016473296,0.07646041797429709
0.009006235475512764,0.3880567107548988
0.22977208839314225,0.40475246879240806
0.5226009558872904,0.11003702000822073
0.6538749964497053,0.4153002098288278
0.2349430456570832,0.2517251959693412
0.57422169111249,0.3650636692862203
0.5944321268898103,0.577501956661396
0.6658193155337727,0.17744469073048047
0.6666578791361633,0.3275607190906606
0.5157574252171759,0.5614132162473763
0.34408734407000385,0.62723610814896
0.5708995103353621,0.41462853271253186
0.6284322263145627,0.04830590512886661
0.19289308885966266,0.5896067571813479
0.5503481267302398,0.0728460719959477
0.5599757850026231,0.19211067127650772
0.5068757501623254,0.6306769480169045
0.2803247613864642,0.03874926792355152
0.42942671726365955,0.45439855696263404
0.46104243535756684,0.34553548177002646
0.5498515234020137,0.24909196480008083
0.46920236678049154,0.06398544825221772
0.6480216266686852,0.4676320259959861
0.5943728034036231,0.48992067421240504
0.4223107571215803,0.5555470752706584
0.23823824524778991,0.2462810595500698
0.5693892479401299,0.39753625402575
0.4628399840237244,0.6250472445084857
0.6752498925592839,0.35248890480722317
0.38105245065112703,0.6898395102246782
0.3375952115203833,0.36409384635122627
0.35415284832510696,0.5633085298053865
0.25918531025872726,0.19815255588355546
0.2260977944337261,0.06646423275919466
0.6316194741649288,0.6297291244884486
0.40508772395423936,0.18094952304346712
0.5426937132048807,0.4716495162385633
0.2452531685714931,0.48571380043278345
0.6183323709936268,0.010633555101491624
0.5830529873486157,0.36465322515206655
0.48090840215409825,0.18245345693179327
0.5054994434690984,0.33106196504551244
0.6354798006225538,0.37538827937046637
0.5696212285933134,0.45222653251032263
0.5510269848792229,0.4424734345730253
0.634789406073553,0.3329827502759367
0.10376035032830257,0.2372534923843503
0.6774734331226138,0.3560272576993782
0.6799951977682709,0.1591708481401996
0.6768170216025747,0.44270082135627226
0.5519447300967907,0.19784027886840294
0.23707495033630943,0.41502624954093137
0.6814499776873334,0.17931771301581675
0.6327288464163753,0.5554189287844608
0.601921609379502,0.41185724738951085
0.5030428005193832,0.13652165475028188
0.06478902286286548,0.3131209699095268
0.571893792109309,0.21409275562588653
0.6194961492524927,0.1950608782899078
0.4066432244573878,0.07182269021510161
0.45786270924762046,0.5902411525751239
0.4256534929081041,0.284573801469022
0.5915951686570909,0.28086729857027337
0.24384559354603874,0.23670800707593875
0.5711802964190489,0.409807314653847
0.5796908735029198,0.58156752273923
0.24456329709527672,0.30957515779164346
0.5307226494797251,0.38247633368583717
0.6044827760870423,0.2714921749621121
0.5868078914983793,0.16220610575083794
0.6739390620606558,0.2765147766982879
0.3668634513929323,0.08810069117544062
0.5342078102540033,0.0486031923674978
0.6338084112982475,0.2839689969861437
0.4813745741815596,0.3743247085026497
0.4493657034277488,0.44932216874324693
0.5248915623870406,0.2075025980971814
0.6068498732297397,0.05102699698556934
0.45164416078234587,0.4473919685548325
0.5272277415586951,0.696226995141047
0.6514169624823214,0.6388579510795105
0.47011945774312613,0.031547839001989465
0.39714346078082013,0.3579233206205931
0.5835536650583656,0.3868546541785354
0.10674527268751115,0.6258229341262658
0.5733299388342312,0.2892928157064897
0.5600976575634007,0.4304245834761399
0.4139493637111453,0.4531456371900741
0.6619532464905772,0.44438642545981044
0.26760307310012665,0.41969943952680744
0.5778811985094726,0.5977841960755397
0.2625557453505811,0.2002162399387647
0.59211487140778,0.5870202766623426
0.5863544582565288,0.17717838651602266
0.4867173289456644,0.3508781573693846
0.6748604468277208,0.4418184782814239
0.23732605089470438,0.21937778974657005
0.47482008632996636,0.4467873197931014
0.377177374989047,0.47756138623402433
0.4027678158610082,0.3079585688313038
0.007539248314270663,0.17953481709930147
0.2200211161680108,0.6531683905422377
0.5132625639031811,0.08413120890608576
0.4348541112834783,0.47394603210737485
0.4915677557440144,0.11102488917294585
0.5824538217926588,0.5854349643306419
0.5477892614701491,0.28543833531578966
0.5758243796568181,0.18465185741727835
0.14915978060430274,0.166839534136267
0.5632068130294428,0.4783966354151945
0.5790798425170011,0.541885243580239
0.40828400204845305,0.37895934297990547
0.570756833865147,0.07379606401999554
0.48774112171640754,0.0930314153366604
0.6007088560789896,0.31494718469390526
0.6989001038480652,0.5633392425049226
0.6573401296288851,0.29901046996624414
0.594680537291048,0.18303848539688458
0.4763938204868936,0.38785296625812976
0.4937826693302698,0.024055027748450256
0.4708798903764555,0.3235450983279557
0.5116566248685671,0.007780742734295
0.4542217820890334,0.4528403856939224
0.5800039163638543,0.24871031520276365
0.23029050756894837,0.4768601553984552
0.27924883931280275,0.30130160221662833
0.6305262840245516,0.6933974587093684
0.31710763907927053,0.2393063593362776
0.5825126575155531,0.5286455378605082
0.6188330320525451,0.2540410685118567
0.6669168767604865,0.24785936721296448
0.33096399228391377,0.42222992415463734
0.21391224922875784,0.565605102260136
0.43918494027877963,0.1527820681273636
0.48497919614640017,0.016001303161359587
0.46958951854221187,0.4184153268911124
0.6730528171370579,0.33848409323023215
0.6653337694461273,0.3715460125983072
0.6303611010505357,0.5596190936095637
0.5501629978484572,0.5392884136748815
0.08221710252096419,0.4028282806730007
0.5914394981080595,0.4458787755446256
0.44498604757673194,0.15691223681818312
0.6657284407644973,0.5061559437636959
0.53541417478467,0.5993704287761941
0.6120656266542819,0.5130123251831047
0.45111609149678705,0.4020413918818896
0.6446889403955416,0.588667606403833
0.30101656918787767,0.241107860826602
0.6485938699166474,0.4893430364117984
0.6056250774906261,0.48404992368557026
0.6023214119237904,0.1757511470007257
0.18088302670025191,0.2285807640145611
0.6363017861515842,0.5908004956203835
0.6590761171700777,0.6970084073953843
0.5911506038957424,0.4906762866013735
0.5075832484437729,0.2899417388537081
0.6176391057887599,0.40033269888790773
0.5231030668164414,0.5099141238989044
0.6091375168863092,0.5123457162251494
0.47380058950506965,0.36219699436097685
0.5184983674219339,0.16374742543352444
0.5559977353462908,0.04711494993766108
0.697552782539301,0.6058442271461275
0.5219691868422401,0.10808906790159223
0.2103024238498466,0.36395068334871716
0.46774031182280884,0.5429872548092536
0.506378759824102,0.22348467053656332
0.46993554438445495,0.09298063184285418
0.6544728248317957,0.427266217403311
0.36250221670226473,0.4174325229223392
0.3395300733812491,0.037444367866321215
0.08414345369773397,0.18099537754361095
0.6010027145289855,0.5662256681574322
0.6058732219470198,0.33395978969559903
0.3452205005638278,0.34176915476983116
0.34516134204332927,0.30592962873418955
0.2939890819801697,0.0943996058201315
0.6714093259496635,0.42098675243094424
0.6592332977573754,0.3062514481750308
0.6006414888243548,0.4101774282721461
0.3775315750805728,0.5328608025100545
0.643294573768558,0.40527109444451537
0.6148750429269435,0.38579391396750545
0.626502724257591,0.5689532232411223
0.563399474623355,0.20107339521915396
0.685149369240845,0.1891039660043543
0.5881298511327449,0.5139559268174314
0.587346684833009,0.1901348017509822
0.12573314831648397,0.5251618147857314
0.6409211781996335,0.13789482399015265
0.5247539948448255,0.45512878389582717
0.44345075361068204,0.0062867209471073465
0.3954935135336557,0.34406940340785047
0.5252991029783881,0.013401377464420567
0.5960630680809805,0.4915463328308591
0.40581998778641065,0.42148456672428053
0.5215035405755297,0.4049735762040083
0.6465419409256915,0.08780640777074028
0.42088234105061717,0.4568906552937374
0.06547656771818382,0.34779451032644326
0.34898764680165334,0.22366035060008183
0.3857834356660411,0.4188988484473648
0.34581582504942987,0.11500172063069686
0.6836489784996194,0.11853471065169645
0.6998710959457553,0.269116549591522
0.5368501424951794,0.391605530683499
0.5937050021619628,0.44656662289769217
0.24439143736553437,0.60891204552477
0.6076118997663427,0.39863591091397044
0.4387747687324876,0.04854523762483284
0.6356822034711215,0.6222412318453474
0.5211245630180085,0.4966308790715299
0.5207413238695369,0.6474480743018606
0.6416200563448593,0.02729628931272568
0.6166998740300296,0.512108929579348
0.6512706779146068,0.6062575635638822
0.5792565367801488,0.3410014269255698
0.5464840518159211,0.42868779712673133
0.641303584101481,0.6204790842001754
0.350804351077515,0.6086748258643334
0.18912457272618105,0.39308304942862127
0.6237591009835478,0.37201592255373106
0.22860115206056664,0.6515533838953229
0.5947447639030982,0.5174006200528761
0.4037496653435572,0.3361388233431599
0.5370590514757652,0.4897091400776116
0.4866382691804976,0.24048970849635443
0.6901506064288977,0.5110322561687504
0.5623521761821362,0.2486546325363885
0.5591371252930313,0.009070703472025352
0.4704909673412182,0.45448847970335315
0.5001134517706244,0.5320708321691788
0.32922121566027085,0.5250054774923354
0.5196196731486622,0.6668925481241439
0.6229013852480191,0.6112752695704365
0.6803796859286299,0.16147891279779014
0.41976881735053095,0.3802157919337298
0.5634426050509428,0.1720127129312412
0.2904215258727715,0.2552759072736427
0.45940766688324625,0.0883171154752603
0.44543373987737567,0.40790960546585797
0.5563769666850688,0.22537211052830786
0.6182152029903782,0.3948329442719088
0.3190277077293151,0.32701813852740214
0.26605118018273843,0.46143946212066844
0.6598224707383138,0.2227653994563964
0.6333989846424045,0.6156820683672157
0.5064676891205624,0.42548992721341977
0.6463833656561423,0.32005526129053874
0.6065198115716681,0.40435962252506835
0.3568911797835834,0.671598570629951
0.5488011272049234,0.2179816967268396
0.5140061765608867,0.19212513900125067
0.10463149978576375,0.05380502997711996
0.6213089782391973,0.4668150684637408
0.15787981593032607,0.6906204218427752
0.5818025685070913,0.6495315177928702
0.6977069790324597,0.4344102557171271
0.515911974766168,0.3374567784848005
0.5414273163214248,0.6600367777536512
0.5929890650632303,0.2412191580151599
0.6932105392784401,0.31029685644757826
0.5113646493914101,0.15904150377173742
0.4777806210922393,0.25676640493582503
0.6630926761310193,0.08464098822978955
0.2964695344974111,0.5915737489631754
0.6533175229323638,0.5427466853412539
0.5867048377594418,0.4372789074156128
0.5177166862955489,0.3176172661433407
0.4135162154897817,0.09407608500383377
0.665377744866517,0.553360088888503
0.515453058340286,0.26790152076066526
0.47375319108632424,0.21834789876215233
0.624788639006047,0.39368777586408743
0.49834421218661235,0.15063796617199923
0.5675727657726319,0.3159809957540206
0.6220902292324494,0.4237836381997577
0.6343655203774909,0.19022306843321585
0.006752791402941575,0.2913115494371707
0.4543981339755343,0.47176272892207666
0.5073882301117448,0.56848959679589
0.17233583305667144,0.4631934093598385
0.5493240112095468,0.45465128131527016
0.33725314670497636,0.04076073405726677
0.6435743132777497,0.6004798933495852
0.5271476798667616,0.30348300260379535
0.649368761560578,0.5535162381242666
0.5901529197798685,0.4074638555777805
0.6784168488551805,0.24838023575721124
0.6490085925386185,0.28098705461859996
0.41735357681912655,0.4753888294414472
0.3968715216344654,0.28465621864752794
0.44401214152260093,0.4402100304318344
0.38498066445573975,0.2114511870697815
0.45383126636082144,0.3158530831964324
0.47505261482618183,0.2660525134247446
0.3071282362935969,0.32190379908939626
0.22913406744566123,0.13934501050379702
0.2579388513851824,0.5136758060743848
0.6059876396498703,0.5983668647544007
0.24046549282000412,0.11031992521214518
0.4791201775104346,0.34980873959765835
0.521298996859431,0.2094243733939908
0.541212073313998,0.03671908804724372
0.5245953981012237,0.2933175334421441
0.390291593302687,0.3976509949196261
0.6437148609253684,0.47687467052206756
0.37112997890052335,0.42012297439138724
0.6039732971229833,0.2108424592758468
0.16130539129686797,0.1703800005123179
0.5140120559934415,0.675741539277439
0.47829761435809387,0.6027893716193016
0.5216117923688335,0.5938054793525813
0.5368812208117992,0.4033680499462519
0.5656212411955626,0.6499962934260984
0.5748719146658005,0.31080856161842196
0.3819592111779026,0.12581700349369512
0.5896369050117335,0.46991882799683055
0.39398466489388556,0.379088395797386
0.6362830288990885,0.44214912992201066
0.43483513745344304,0.5042579698591437
0.26172952199500954,0.25262720178037723
0.47851371343331406,0.4377256301646914
0.5433953384016348,0.3434153567615732
0.5465426639205999,0.4776410733851858
0.5184016138516849,0.4685709247565737
0.38899052323360805,0.05352996177307441
0.3642906625698627,0.28341586570238003
0.5393463829554943,0.21136689060171976
0.6049692603305423,0.5459145738367183
0.5796971446266225,0.5882672715785532
0.5015172779856792,0.6946951232836851
0.04993252240754156,0.5530063547220779
0.5886311912954368,0.3373842536210635
0.3541240203300108,0.42425598177525053
0.5325357825724809,0.3439596174796689
0.6056213190251831,0.5397380306138603
0.6667913413908847,0.6275714845975322
0.37967577729339924,0.3015425070120847
0.40200911271755774,0.29517271797077804
0.5026863027008343,0.37809176852633253
0.47316969476169823,0.13570746602577444
0.4988649095073587,0.33725137691200363
0.5213706566402021,0.005805062663195696
0.2666525673802166,0.5800939058088938
0.6911115554110149,0.6460350277987879
0.4832611598420018,0.43397457930359523
0.0589291869729435,0.0890270959194005
0.5115693108684702,0.23065560476421598
0.6133185657637474,0.38493453349820295
0.39852181414441884,0.37134343794812924
0.4924859370846826,0.6062873367439041
0.5163174481810309,0.38781742681899106
0.609851331237664,0.5451839592129546
0.47125290020897376,0.5281765984697575
0.6220761342329029,0.1732317092327069
0.5801482470951801,0.37612756899223254
0.2090169308556839,0.3501498180604986
0.6268399281129824,0.19443584293227106
0.4713421270285565,0.5081277626384747
0.3262167732591665,0.600019614591357
0.533251531737162,0.007332437295941328
0.47412562544280656,0.1673113607966143
0.4919169582567218,0.4217839439854266
0.568640094458403,0.39807965843543214
0.3059761601987819,0.6375037614506275
0.563837245913625,0.4633436460133606
0.14622970355506498,0.6857744701659784
0.6376975803367064,0.5119014499039384
0.3537699883457365,0.3095139328499366
0.5646602646209541,0.5262317111016682
0.35498975443861436,0.4891694478724744
0.6070593811792963,0.09231395155917946
0.5749615992530689,0.5561492233490971
0.22984041912195585,0.6624804813228036
0.1853156861507658,0.6789425817655745
0.11952623341955061,0.22851313840612733
0.19098162886590855,0.3780365790156822
0.5124466519823744,0.4704303012418364
0.27207922018751574,0.0775583332038183
0.37213109424815427,0.4399004152187176
0.5994570447670013,0.5426690321389493
0.07429274239043006,0.45537143070077474
0.6666222110355295,0.4782069055710423
0.6583675698266315,0.3169020447125171
0.6374263892202081,0.3264597594868496
0.19341525556287878,0.20699087366399388
0.5011691030243189,0.6838157549582391
0.4076995145083462,0.6427060198413237
0.5429338862061206,0.3288306338828718
0.5143360928770201,0.5326118356508291
0.09671098637176412,0.506997817398313
0.5347564613376644,0.31122672586906375
0.49145348121130267,0.07703168762067146
0.3557406394819481,0.42527527876312865
0.21885347484491302,0.6421600223585058
0.3514455513574143,0.47870263348032627
0.4955640427268729,0.1676113878564201
0.5180944260848086,0.3572431723512684
0.028353342519006713,0.4157226701167642
0.5264080424869164,0.024718901491844334
0.5338767721716262,0.3955013872189792
0.21684583502583007,0.4960902359681798
0.5911401550695992,0.17846303103433409
0.6555463171891452,0.5564406969512529
0.5648653844744604,0.3450341746577972
0.17621243748549864,0.010636969551316561
0.48965321808541773,0.26908337296044027
0.5861788008566693,0.11707570965862883
0.209861507947542,0.2897525266283578
0.5414928992076192,0.072005166315876
0.6226402506279515,0.5069545642322245
0.6656357829624826,0.47909785498873725
0.5918701599090009,0.6380363846258214
0.5997895191696527,0.5327989228639395
0.4609702131374332,0.517769905119976
0.4300794738474706,0.4726377468862477
0.515560606171801,0.42760646878149944
0.6311504662210109,0.45402338076519366
0.5455021794380156,0.590655292271766
0.04366080298420251,0.4446546636687079
0.37736495018323774,0.055614910092083414
0.593772751230278,0.46736907551405327
0.6581085972702998,0.2756049881614588
0.6601367488207134,0.31238890550658394
0.6591541330507122,0.5875165047091956
0.3956651161743799,0.4382565416295496
0.1566373736461068,0.4858675950485481
0.5558855876113964,0.4397405488216575
0.5236845623063732,0.2408872082187424
0.6335621305851412,0.6164666162228889
0.30883117433846496,0.26152165595121035
0.3328200658752106,0.4197869636975853
0.614428324224742,0.6029356599779111
0.49718243856079436,0.09452948021388952
0.5165971909743665,0.266392732083981
0.5943657344173866,0.3016166745940874
0.629377028972912,0.12257357039856903
0.5511960876473735,0.44016366576457433
0.6777591752211676,0.056812038951253876
0.5418926395045968,0.4403984556800371
0.5849982564497067,0.20544756356828897
0.5117433680442574,0.406503199714045
0.4829902311646075,0.3815728418497638
0.41301771748578664,0.3286932744680494
0.47923909732678205,0.3013517637009338
0.4885307458328809,0.6117396389618335
0.36444382261437147,0.6021526598998301
0.5014390945700845,0.3327195272788233
0.6807588950093367,0.6539069915272824
0.5222193780099941,0.10351528372876168
0.6526718904429308,0.6099156030293116
0.6741117395932096,0.2717927756457273
0.44907353308051184,0.05772674708441339
0.5139596910922212,0.3927065150994426
0.45573139422776593,0.5246209756015687
0.31753168188082603,0.6647793372463594
0.3381554294846316,0.46503304871277873
0.45378786927981035,0.46782843633590443
0.44543927744970235,0.15072863591658522
0.5094005122620223,0.005718203701805227
0.39562940090969484,0.06422719234613464
0.5266388304898991,0.42398802970493055
0.6203596159623296,0.6260192957080262
0.2926274911937537,0.4889219025749515
0.5408568683095172,0.247144881669267
0.6078890845738355,0.38583764976657775
0.08960695330043195,0.1598760568549828
0.4995525169339566,0.6038674043014884
0.39649720477402095,0.5809053100988935
0.5070443642544872,0.1978781357665672
0.6092105370411884,0.32521697584941045
0.6634039089701241,0.11890637685094585
0.5994053135531433,0.6313624542975736
0.559437369668154,0.44342029871561195
0.22436360092921734,0.037888655754499935
0.692026264281766,0.419889521756134
0.14359127888639517,0.51691154953109
0.6372154651334726,0.35581430238176587
0.44986086163941974,0.1783620493382534
0.4329238487049576,0.21104111312883891
0.5106554343365471,0.37467555574560785
0.3591243888353757,0.26531142283474773
0.20547895121741389,0.25708147951861626
0.49968742606979677,0.5933764325586697
0.6147971629317595,0.34680023761870205
0.5111537044023008,0.3339694835803899
0.5361719930360762,0.4655328290228758
0.523610534668234,0.19293973200849746
0.4964243568316288,0.4646538925459698
0.5425004683014812,0.4859561724375664
0.4636300849054127,0.16308966601771074
0.6482023195859652,0.4588314262702433
0.4032185829834858,0.43626839382223803
0.6427326798396485,0.26762385429300395
0.03742740815257829,0.07414009530081665
0.6134178078896724,0.2503382200834121
0.3082046446411827,0.5112873092233021
0.2064917950463237,0.665873890939751
0.46726910366037344,0.28810993246380867
0.3235052301251048,0.6566812038447182
0.5576883673512866,0.18834334438447609
0.4218744832184747,0.03832193328151877
0.5881378406681629,0.258619893603177
0.43082468865657786,0.13713192108512026
0.5069937324898033,0.5081397046518803
0.5274992714191037,0.4910333855729947
0.3363626357195189,0.03379177839404319
0.6313291936536841,0.47388425692343306
0.18787203295424235,0.5749468779444783
0.5715510496019331,0.2708983323847429
0.6457226566000158,0.42407058762217725
0.22648320899827773,0.6156807885388615
0.6804071163255883,0.12997808452670445
0.577056018064583,0.6686479564013763
0.552652303546304,0.6971355497522236
0.4147460451995299,0.6199426955240291
0.6507756784280139,0.2279446390746923
0.292311132946535,0.31889510814401667
0.6554371539686832,0.6784082827760223
0.5893882557702946,0.695990644243301
0.6975242122084117,0.5892262993132722
0.6506336184308371,0.3423772610638113
0.49265183186109923,0.48923268815427634
0.5938576587753107,0.3197424846352291
0.39651694272188365,0.05139775871892316
0.42701939146076456,0.2324841971641294
0.5091307471895972,0.5144382736998603
0.5242152678856034,0.4419533950873715
0.151195934933049,0.3883717545174238
0.397928010839111,0.44254176587085314
0.5825699872345986,0.3541888258480857
0.005851313978430018,0.34644333790153864
0.6621427362340018,0.4527179859396819
0.6385849869751802,0.23206173668994218
0.6126621814084855,0.17373030387379118
0.680464059079616,0.48637519454243133
0.5006441988053187,0.6423866944514155
0.38309599105441444,0.5305666845778035
0.4075051664768755,0.0652687192749927
0.46346478494864396,0.06763045415576102
0.06965993025721308,0.2168958884560842
0.5456276683653325,0.03454756269592643
0.4208191366018158,0.41822901691294834
0.3699609925162575,0.4961388782347113
0.42907423267098366,0.04666786513559943
0.4198470552602671,0.44873488130274347
0.5977605037932304,0.47490610457049887
0.12454749632737191,0.6636754301275538
0.4256113080193552,0.3594741787306506
0.6185360262171093,0.4759262320517617
0.4647878403104639,0.32824877167398314
0.6522249331021411,0.5678991603473319
0.4402861335973745,0.6075174275841534
0.1049753079752325,0.08797768293828767
0.4090442148592063,0.40654130807488736
0.35329385899567367,0.582585983997522
0.5466839928954615,0.5200407921364416
0.6402895941624656,0.4422336808963569
0.6548502843774304,0.4409960608330077
0.6325788664292691,0.3503779979985741
0.572617261999336,0.4356275155474757
0.4292338523654459,0.2993090996189343
0.5355799311397735,0.4383771517198547
0.39337020424103264,0.6954831176192523
0.4932298920000039,0.09545688174454954
0.6149229896532328,0.0764648315871105
0.21568343490159841,0.6523466695744953
0.24419744646844105,0.5470073988378314
0.6088081990929657,0.5312335609399937
0.5882214791159724,0.10593602300087544
0.5635276905581612,0.565365603271424
0.5407074625029618,0.27939919742171104
0.6408203212320713,0.37479024423311413
0.590573614471434,0.44865750762138973
0.11530593175153936,0.19975187142604875
0.5245031937713555,0.5700093672497737
0.035381905778812964,0.2335036947899099
0.030760958482780258,0.37194286421219047
0.4876244768653865,0.2810537294932828
0.5140687636791995,0.6298132385729911
0.6217133653176246,0.20836099950632953
0.10766464475250309,0.43230881313599395
0.4242135922518092,0.18966649148563824
0.1590486794824416,0.27911653801348035
0.5819683294641995,0.2637620280896979
0.02712280752421735,0.43501174297990475
0.5934231707067635,0.10327622954845525
0.41569796951748633,0.0144644967244359
0.5442816155017846,0.3887617665612314
0.5658950452122079,0.29097496019743774
0.40748819025343125,0.08731993521170199
0.42780518418035657,0.33013339488542204
0.01483936366745646,0.17316285492591216
0.47832446553491736,0.4398086888493572
0.11984607825853467,0.52160692359779
0.3663441559411065,0.1779552966495657
0.5420530472609411,0.6209560107396871
0.5685898159742637,0.07702034366635785
0.5799972665295956,0.06928357100833363
0.6803311248140667,0.4786779537543445
0.5807290935533679,0.300867447948894
0.41748107396213946,0.6852221262751527
0.1503162548818396,0.5083687296483882
0.5527029838787182,0.2397873271075881
0.6668777902962181,0.5564659843558357
0.3161721583033168,0.5171265814232865
0.4232699334627998,0.6789534074410266
0.5591272981226969,0.5839540334453561
0.5294309594531783,0.43989201994458793
0.41195464391779335,0.05521689738687127
0.5270091188068249,0.3892283055641748
0.6270593683628949,0.32746130948792285
0.6155975691082511,0.4926283835163613
0.4581929055219922,0.40534408608654593
0.35697544299723516,0.13978333887070077
0.46307184107142446,0.3043563420549656
0.46131474177719733,0.5771779385066748
0.11221979431142796,0.5211203968114291
0.45542564922984985,0.3864924695129147
0.48572149365332257,0.29997659222079853
0.44571737831132335,0.48784264535691446
0.12542611003105297,0.5984376495678055
0.6180152833187172,0.3247896412215163
0.49274012567090636,0.6031564377715213
0.5476393733139766,0.5523829192595642
0.4748022822717716,0.6356566025797317
0.4068054529029871,0.5344193446073916
0.0358097478579276,0.3439547276863281
0.6842705527958999,0.3310116427767239
0.5913314319770105,0.5142625610343488
0.6900047423822863,0.24226986405201192
0.46420715068624935,0.5480319314050444
0.39171105718097676,0.4207077368955996
0.40073315576080465,0.4877113800536856
0.5671032010266209,0.5358463594573868
0.3432092559570818,0.4303813963696811
0.08740683177101266,0.4018804279727798
0.2171859289880389,0.1570305220551059
0.4437745928748458,0.3980509485586711
0.16944263740847784,0.5281723109704312
0.6210588436606475,0.2919663806844948
0.1837826172200258,0.412739008731285
0.5037343009700719,0.6803449454063049
0.18213182578377243,0.28131684230655657
0.5689074455843228,0.15749024492046784
0.5635220835223851,0.11262358988318827
0.5601250499048869,0.06721479943723441
0.24968074255101078,0.6308513737099771
0.09644921954867645,0.39399738238789694
0.46825268091277605,0.5866441187564907
0.6205643878431278,0.41399516665633945
0.48354559379995077,0.5359159383731595
0.5718991839474001,0.3677296279762076
0.5649219420709402,0.6749974270622718
0.5408314316776,0.3469988105722751
0.567243138441715,0.03263191467891258
0.1480984310798292,0.5052479040019177
0.4110829120135457,0.35268482490888775
0.5565268178136654,0.10627048903680718
0.4979435939226222,0.31674264188289575
0.47055161296574355,0.43558548184270124
0.5754432972058152,0.347773049541295
0.595410271271098,0.26597921348905257
0.6127107521651922,0.055925625694124
0.6534600200344693,0.4696303135166562
0.43200237740315395,0.5114394423823632
0.508624975615109,0.39038170824266444
0.5693938280998191,0.45729381709956346
0.5873408467012965,0.6048063001110481
0.6022182299485603,0.3894273088841718
0.6464362072462696,0.35360864548100673
0.3275608450889904,0.25719116906751055
0.4385992065784642,0.11035468848831462
0.019679759881912076,0.4098288350895978
0.48900460671682444,0.3405298182688398
0.42147806489607564,0.2749536865167077
0.5891762718616724,0.3815685988692126
0.2673117075662326,0.5549969942545947
0.41852099719626257,0.3417505633170525
0.21184360442696237,0.5026390184705155
0.5968233528823105,0.68346725074113
0.5339941750869123,0.21150742440610076
0.2574624783037434,0.5204625664009935
0.40914976057206137,0.21040870461744882
0.4686936493551852,0.674562864997387
0.47082373015305035,0.09337697831491107
0.5268545038605732,0.25361506215173624
0.550724209171809,0.17969411995076703
0.5524924090070938,0.35948855310993166
0.14399214983414788,0.003849575920216456
0.4274885065729401,0.3866496735659477
0.5681544445774076,0.15919413208087613
0.44139324759846493,0.5222059657210419
0.4397185867130238,0.518295852322689
0.6724170459033649,0.6266228323818297
0.5541949324146054,0.0740508561011588
0.5792543652472769,0.41115856261310446
0.06748831436493957,0.6313619715970403
0.5729909944803855,0.4856618411891697
0.5840542820109189,0.05603601114122152
0.5674548934233038,0.07294428936733072
0.6732366985750913,0.26544172717647696
0.5249510012469333,0.6680010062966476
0.6772835166118563,0.43773325657735845
0.17530418934938408,0.15750799928915638
0.6095648951062805,0.6321175662010609
0.5774097319631043,0.2901986724749836
0.47951809049512173,0.4582598486732451
0.5451064527908964,0.32352881548097656
0.5943614071673284,0.47658103459030304
0.4352233923126864,0.31544763993587366
0.6149648774897366,0.038505127006462386
0.4406984147568212,0.06661284725119503
0.6173907052685141,0.38903516414062184
0.5264958293953375,0.6071795504932042
0.6857710476169501,0.2625044472765652
0.6221136373850751,0.4401463487188454
0.5307346863760003,0.42388648994508255
0.6458807795715078,0.5330847966356844
0.5919108557429114,0.4729974107883187
0.5277541747458255,0.030150889679818466
0.26565792616639583,0.0034324552171295375
0.4557592159849343,0.3089478210832861
0.3559259769625634,0.39271909883926776
0.6142667402954847,0.3753146027375869
0.6757963213276319,0.41793126146113896
0.23363088908086807,0.43880564492616236
0.6292954755035091,0.4390206779935633
0.04274416560589707,0.20577123588987917
0.05189620387777113,0.13264822330617432
0.09066444046425526,0.34721678748972556
0.546055308365917,0.34924800102348286
0.5931833815234833,0.5074861418598573
0.642529041868172,0.29028383999153323
0.6529378711539523,0.6272241760066067
0.5860565885520337,0.09221612458802023
0.2866574581472094,0.3869662482178681
0.2230460910423737,0.4812180269282819
0.25225401497390265,0.6817425270196197
0.417129195013979,0.12657218205914944
0.4562230657466465,0.34797555814350206
0.6202681067130656,0.2152996394649649
0.5685494997445829,0.4811660523308411
0.45591881243894977,0.3559567200219232
0.5010563044829253,0.49401361099779595
0.44181935121618554,0.4213958104800899
0.5919501888524165,0.45291079687006486
0.6847383465110547,0.2621912629877869
0.6396149158985771,0.5584726116615532
0.5268625483940251,0.47302611686037327
0.5322165872672657,0.2645941222824581
0.5709389872250574,0.4002056181004118
0.4963302205014021,0.6751247052316062
0.45053418198548006,0.4065389240912467
0.4060214940429449,0.4096325019727107
0.5196646571952133,0.040754549215473584
0.6475849917378089,0.2957082507246094
0.5972636131142234,0.14782850701749814
0.6722331269944583,0.2258027608189443
0.5990019813027816,0.04523504873498875
0.5105622503476442,0.3383029163185766
0.47772269632471986,0.3258016762118713
0.636067558900172,0.3625900964228061
0.6929382923590673,0.3835421780047543
0.5539262532926726,0.1068266677853854
0.6565934357828546,0.6449466636231358
0.47470673481138026,0.22116996544381679
0.062027174896524005,0.5933716536244482
0.517787877184356,0.6001330222683204
0.5152836131522454,0.17706143209310773
0.38828778738584013,0.5116605993895491
0.4915115435592788,0.30817920182735165
0.54635450117136,0.2599881678892759
0.23878426228845107,0.38471440535406726
0.5157644350120144,0.571360719382877
0.4047524489012788,0.12275226658878487
0.5886344297953566,0.501610887211223
0.027594087929644795,0.20875073799514646
0.44530141577948923,0.15254141858715187
0.6495883782164643,0.3146796912619087
0.5217954189671659,0.3630709708880553
0.43711932301985734,0.4031030475715797
0.21776959289691863,0.4564385160929494
0.31676519929181124,0.3862798871668732
0.5178040707799765,0.2716576720157344
0.543060340683484,0.10730865506568672
0.36984958921457745,0.3801635117172857
0.3587211069145064,0.33490728295458483
0.5498172839797868,0.6435586390405146
0.10081328570798233,0.2595127750493028
0.46177920309655984,0.6323984189491239
0.026724580448301644,0.20347767884601237
0.5431038309330354,0.2636806619875742
0.28472418007147005,0.4089054925489821
0.45179314749305904,0.3451238791633702
0.5990736185535704,0.4063555254248684
0.5739862653699951,0.3866159294621031
0.427946736926455,0.34263363915210043
0.3277352156531579,0.3376236089418656
0.41293665458311035,0.30674217217810884
0.6235528209030586,0.3779900808068378
0.6609939197243982,0.6995805178859047
0.557345260964764,0.47705825341772545
0.34531909533681615,0.005475046122338251
0.48070180820669095,0.3243254889308862
0.5658509956240457,0.3966992128490675
0.5644057707824945,0.3860961956335268
0.6921940030240297,0.4234211021534421
0.20700128138719726,0.5299783734211407
0.6708880225076047,0.5234483331395009
0.09778440657315149,0.16949677977803587
0.3816759533551489,0.14936014572545964
0.5872900232841769,0.4429887804207737
0.5305161267111742,0.5806652955214588
0.6005730345870294,0.40740257115390677
0.5187475380591251,0.34395567049661996
0.6401750841985666,0.03837131732220579
0.5345605017025146,0.6010645333663015
0.6848664809544072,0.5388243529880583
0.6266569820471526,0.571597262520161
0.6587173198773647,0.5199577753382775
0.6973232624848147,0.5796582655418757
0.4784685494743798,0.07527659429795922
0.6626644031739928,0.6018259070714576
0.5782833767700262,0.6942301892079114
0.6400428325014469,0.45595010218552096
0.46828475221339805,0.3707045329228152
0.6261635833539649,0.08279778758157483
0.5043027082156483,0.13811366432812047
0.4383341403791948,0.4684700414768304
0.23180499892395318,0.2569781975781068
0.5688819745458785,0.6632147275606659
0.4399222626006926,0.00800715105408372
0.20260528393738197,0.542199905801833
0.6084385594832746,0.4978824481736651
0.5632441093420252,0.5228972299460103
0.4678818051027247,0.3299257986286353
0.5744767255615713,0.4982753165886917
0.6614341377569452,0.6685909872981124
0.28152324577757293,0.6106121050092747
0.185762072771561,0.3431844112933085
0.6561312423748226,0.20539908393207348
0.6191620540810218,0.3001413182903113
0.6685342760545534,0.6097180416810869
0.6753161629235478,0.36697428983049063
0.6484293687024212,0.16068811896682222
0.15294568056692315,0.025486651910102437
0.530165152587428,0.2811903408071119
0.4881045200890768,0.4026871729615591
0.5162709936731843,0.3375476674823126
0.503496669568944,0.3970617918344329
0.4648282288239574,0.590371671429986
0.0869496678887264,0.40905499372193255
0.6411008617466329,0.34814836451715026
0.11882765128956779,0.10912950294825886
0.47089346738714355,0.5667876450621689
0.5166066201816444,0.6987734503361158
0.45871369349530977,0.03664640677284302
0.6868892652616975,0.6073498986085856
0.4226110847235464,0.5711331498472398
0.41341823461406724,0.36891526396554525
0.583332311287291,0.3850407208106232
0.023827640820820242,0.07297608134929096
0.42773773627102973,0.06934933633120619
0.34559876589067196,0.2285315748559876
0.617680494717314,0.11703781983407942
0.027823633133013982,0.29409644412827524
0.25232150462028236,0.514740171385698
0.3746497933996238,0.22256564417189134
0.43386877631198706,0.6149824442416525
0.317123127363245,0.5685652366916324
0.349044689074721,0.11750417954922192
0.06356780618266128,0.15549331932694263
0.5389928676928969,0.4589421369294319
0.6915894403167607,0.5206352032931995
0.6767265114524093,0.05660420161026883
0.6392342805625326,0.5166302500798194
0.5478510743117208,0.3776137276394791
0.5296711766917237,0.36692567557244665
0.5039375961748142,0.09655172033640122
0.4467922344536604,0.3959440596050738
0.2763656348630208,0.6382111260232668
0.5779842201649668,0.4304084822074577
0.2764509329237467,0.31308972422254444
0.3580450221314062,0.6701580852327942
0.6436474847421552,0.5373877076248931
0.09347045555189282,0.6727853499142049
0.15967039818327475,0.5657735004457074
0.635466641223774,0.573475945376914
0.6539792993222848,0.5555355549595474
0.6138592499629109,0.5623425185655052
0.6440708428447678,0.4755576623119676
0.22166525015976152,0.13498912964077786
0.5633561520271482,0.4527902149429126
0.28255902858198917,0.5141439331705773
0.37326864773151364,0.1656157829207775
0.5786427965818683,0.3313925277969437
0.5651787906227179,0.47162897662262
0.6306629000621249,0.6147531395124061
0.018270755143096694,0.31903773077123576
0.33516207460145525,0.20336531394170543
0.64908943833549,0.4437161791526158
0.028929881122610898,0.6680792244673133
0.6086955098215455,0.29516508939846053
0.6262306155836158,0.34718400560372864
0.6304140700755118,0.5168211815148585
0.41777347064543285,0.1911683407807932
0.1380178799225395,0.28448172303923447
0.6705327736487209,0.3088259560741817
0.43667285405603773,0.4023022485129098
0.6941475303812835,0.16631278121197687
0.5313375181267967,0.2652576524970301
0.6213789156095074,0.3036179338364215
0.6061444585100368,0.31366707145510053
0.6247701635814775,0.1816630476248021
0.5853206462682026,0.47113462834917175
0.42483064098491163,0.009316421899904323
0.44013843236088734,0.3790869459357068
0.3785219143793276,0.6546142344881272
0.030688689455184742,0.42052567211815145
0.6650554913734361,0.5009952012612496
0.13734481278040478,0.2010174693034753
0.34226267043185526,0.49114392170166776
0.6599741685665721,0.3748799585401016
0.1914535963648066,0.0515376548583823
0.4355259710538216,0.13194000122003535
0.49325302472612725,0.058508499339917475
0.4896819361914336,0.33858559129507765
0.38445439065481196,0.570074139625067
0.48628168869976524,0.4388140738073578
0.6185147733222784,0.2841057711341563
0.3100033028218729,0.502543222860131
0.16397003559796888,0.49390054637881914
0.41551690257075957,0.6562357149794571
0.49590382015733114,0.3516734173792242
0.15678213564428325,0.13389097381891651
0.6423652639563578,0.18166241646384118
0.20803465164191734,0.42732873546420036
0.5610971178783324,0.1789153685282717
0.4983886615929987,0.3404435992952821
0.5196164980876814,0.36779309495230256
0.019084781449562778,0.39416394647052183
0.3444504033914072,0.2139772741216201
0.6148150920217246,0.10960934517313119
0.3474350876762893,0.5276259185677575
0.6076299529484748,0.37815998848677307
0.5396955707099811,0.258195235621106
0.47878620175764314,0.0002420360790092238
0.46079854273682963,0.07449807178680616
0.3477905595713194,0.24102354510138668
0.6334237876219764,0.07669452499195671
0.499716585268517,0.6308640811961105
0.675801010953302,0.5454096046683354
0.21879393528531763,0.42585157572382565
0.6624989338854868,0.6120991895548834
0.5784016003874637,0.3702140955694719
0.14269590615315725,0.2766802430775369
0.6068711642927921,0.5738635139448106
0.6560027215615846,0.4762986772395714
0.39348715229618425,0.2855572547418347
0.606930081453296,0.1903265951114073
0.4592013658380965,0.09894133746935133
0.4856255429175541,0.2672669821259308
0.3929197476208082,0.2838029383541371
0.40025319874031623,0.21255922240758904
0.30936870042271153,0.22472960958790822
0.5241282238030281,0.35421029157960926
0.4317807634498338,0.5740040144768841
0.6103544772436428,0.5086107718258003
0.45559358611601203,0.4651047659225586
0.6574244587300451,0.23848059336771
0.6259286937049748,0.3310620756865018
0.37182417931643386,0.4081903346031377
0.6193622558588626,0.4388260358602628
0.3262786666455226,0.29454223532707535
0.5263455785304135,0.35521932803526535
0.580126281024014,0.05813886130011307
0.4275025921933559,0.46849292568152684
0.532996081481413,0.5248328057384781
0.5571303224845172,0.18906110340549143
0.41050191612926,0.5094753578346191
0.2540875867426187,0.38597272216806217
0.11318976349798533,0.3679420099469185
0.09660945808954537,0.46959920219102136
0.5829223577813057,0.2994097912502077
0.5215966776302354,0.39497051917597736
0.5075457618689807,0.4263432695955285
0.3426970369537282,0.30430373522254295
0.6258109132440215,0.32990085279211134
0.43593202620449073,0.3150343843642921
0.4967780222528433,0.5095257143800093
0.642526363142508,0.34530527427253205
0.4828498328195918,0.2893402767037756
0.49474911077381456,0.3285030911432146
0.5793360797894208,0.6219271538782148
0.44054601623832546,0.33766941959914537
0.6924342465652924,0.34085897462039705
0.6385332138760846,0.6817908623354912
0.6443852606832803,0.2910907220228166
0.6145174297257698,0.21344609152902516
0.4485183659448875,0.06808538087541044
0.5326443026600292,0.0701273177863819
0.6214919773230588,0.3879069647605432
0.42551574952156196,0.1513084527986368
0.6843880794537522,0.46997772313750724
0.5225954774778799,0.3890575160151027
0.3503686549237763,0.3144841153702811
0.6030508059937616,0.1949933645910777
0.15351670323319372,0.6564665596278056
0.6624441706566196,0.18440010643703877
0.3780681281138253,0.47542614284325013
0.05609421471879232,0.33176910060010767
0.5235462506926076,0.5632259378671273
0.5077898656595948,0.12792759205355897
0.539906683395782,0.2362844127748459
0.5911929530363654,0.44534278001407523
0.6067221568164933,0.3121223519778865
0.49802178951850773,0.01477696899920039
0.5235502388348716,0.29056529601667397
0.44133223620134576,0.23049363049348548
0.17881274601051017,0.463177094305638
0.5258239703672216,0.6331919881269468
0.6960978769269105,0.5887057489976945
0.06938368481328658,0.035833777986126504
0.24124716986743727,0.3856666947247632
0.06870741154829935,0.287092810096185
0.6087725230356776,0.3777915704551272
0.6741822373078697,0.3903982120392035
0.3924705466379397,0.4624868094292365
0.5783685790989459,0.16262852207762546
0.6469783838498016,0.44252066505003396
0.5372057604023769,0.45083225312965636
0.5172451817707107,0.49034699778591867
0.5034879521554151,0.5815043910471336
0.6375677927592113,0.5660057820614119
0.005922755479851771,0.07582036111323157
0.39943368192828793,0.32055124002635055
0.4969701495656699,0.2810808355954266
0.6659873194924815,0.09745422844146431
0.06510631262351554,0.6643512312849598
0.6574081067539532,0.4355956752664085
0.3751517870244117,0.5537249954111715
0.6201791020488755,0.3461794264974083
0.3304237703394426,0.5567191530144843
0.336690239535228,0.13328629496870525
0.09048096905094463,0.09552364698084366
0.4371618501756853,0.14955113398348976
0.4574610505623271,0.650595908582943
0.42979232017808777,0.24267164585760176
0.5656898280936176,0.6891812330196301
0.33328634567201876,0.5200521536164247
0.29957731950470745,0.35443409028042266
0.1132459824982865,0.10529558606264597
0.5481885598976258,0.3242223187352401
0.02135518171718022,0.062127253863255384
0.07849297727557068,0.19907538706878852
0.5534031981409798,0.39566712785400376
0.6304699363846867,0.2516026630960071
0.44592621614052796,0.30257031979678084
0.632546935484106,0.07035663025865374
0.45504906759903374,0.16763359913952464
0.5612266051832402,0.3270550801435278
0.4325457338199454,0.47842050867864944
0.6310741241456328,0.0796502082185505
0.2291847504901995,0.5627877822006981
0.48981154046991754,0.4298320237489477
0.5734360354432066,0.3018688937149809
0.3591982363698813,0.4632490812456323
0.6600126482206623,0.4220163619350805
0.3176618974963805,0.5258839410172741
0.29510947015641703,0.4000401798331374
0.5055376004208085,0.5318716184965598
0.37897042221880073,0.21493833449964805
0.028258082774510255,0.21354660623808897
0.5282701416679872,0.6584467606166711
0.5818118629461108,0.6509268897089403
0.5099263794203392,0.5214886894368207
0.6655113388531665,0.41023185311201865
0.4968726174866523,0.07866619157031368
0.4944554408449643,0.11071487123737575
0.06251061476901786,0.19646573298742948
0.395713052940515,0.15425032421343288
0.5523226440592806,0.43048047880403323
0.3945646780115107,0.369172653535606
0.4707773230832742,0.35552107693316615
0.6488805088551921,0.5517090980970214
0.5593296739377003,0.5337077175863963
0.11475647763661569,0.543608199550999
0.027035796565192016,0.22089464814360144
0.6762271216389817,0.3283234450016252
0.4954568697289716,0.5875122016334694
0.6508577073914258,0.31583012668803545
0.5839577953400908,0.4185240205375416
0.6087537810271813,0.22724287610460106
0.3442347948088772,0.476573276138153
0.5254291327900887,0.36774162601643606
0.026296556407391772,0.12604881869452783
0.47466609412980176,0.33117226830595836
0.5452527081373274,0.574992283641285
0.6537477391641892,0.38414347026381324
0.6475709628507129,0.45826496684638296
0.5734413870322843,0.4578395433688483
0.4513576582536797,0.48687686667141866
0.4661106960490874,0.11344283827202709
0.5762956471665788,0.5598974130208029
0.47481235055631277,0.20141367654499562
0.5959208495981013,0.39888172856602166
0.25416321862534746,0.5083264974941656
0.5644775953135411,0.4050613431560674
0.46896273821431556,0.5240968069066942
0.3369188612842469,0.1960244152695116
0.32855059534457187,0.423097492975814
0.6512805122490133,0.11683445887971633
0.43973600327196777,0.42766993506069895
0.4390357941527945,0.3864706478719444
0.5639777826630364,0.007685775934104206
0.35942412279182445,0.2723485301414986
0.6766298456346028,0.3046518957737974
0.63870580871928,0.5244185613971348
0.5329685426567948,0.43732269891371156
0.5083262987905558,0.5219633476289895
0.1400076536725882,0.06433347959424104
0.1485839189957205,0.43516486162319173
0.3960322395633321,0.23093666157723464
0.06839344500560615,0.017219074878328078
0.49607370303283016,0.4196174323111071
0.6374525136719607,0.6435733301741939
0.5632423201266529,0.5023772641749749
0.495743686367177,0.5852920578157709
0.5749789414237004,0.3851726399144246
0.5720633728351128,0.14814734448608624
0.1274390889599979,0.38498578347220846
0.6432573960322548,0.2535767248710391
0.4829338434218939,0.6258903714009579
0.695245940935618,0.4075604854844295
0.5241140291053533,0.5152741398379819
0.5263776630543766,0.3292771379170702
0.13917875899507692,0.14596272774639377
0.43325203033437765,0.32279961810681224
0.386779850915448,0.23770335519063576
0.0060629035292796285,0.6868288748543283
0.5204963890159976,0.11579226262866982
0.6317328501386954,0.37143876242972096
0.4718195568847518,0.21680573822828464
0.6488571166110818,0.3099305640700797
0.5245749098827855,0.20611539513164528
0.1125395466833234,0.3492213559690217
0.14642486896017864,0.6411543354750198
0.29581790518797385,0.20682501557985272
0.27305049097050504,0.06722150716809046
0.006451275508488901,0.4281134796383967
0.15934163478409144,0.16586552728798754
0.2735714928644366,0.04631378628376832
0.5386813122352695,0.6482866209178216
0.25148294455974296,0.6337455328123129
0.4193149494186176,0.29792074006728086
0.6039400173634764,0.19386256826372544
0.030312899403025548,0.48426868428537595
0.11636137489856396,0.24682270445305282
0.6060186541253397,0.4478911119720244
0.4998092913537502,0.5532809186559213
0.6618815652918328,0.4525802845662681
0.44755934912413997,0.3454714785559834
0.6370931902521707,0.1470229083180465
0.10098191393202495,0.5084028749443945
0.26849034953098944,0.5712704547487427
0.5509783862471841,0.4453875996724823
0.5862797620024508,0.2740826512572745
0.32856613110792937,0.28708415252839825
0.2808660784973895,0.22301579961177692
0.5010454550509817,0.38494693758763715
0.6413795792826946,0.2279390500029978
0.4988078914024415,0.30259737714233614
0.6751299318019137,0.40657900172326705
0.5496972613110671,0.34209972684262124
0.5227684409663652,0.3809978156064866
0.6774013582311385,0.5226554166824937
0.40745155619535045,0.19984884401476993
0.5819042605038667,0.13181617473720092
0.6241713449865941,0.47313311025336163
0.36738083525825094,0.05532354060372453
0.4967454084193262,0.3277608567094035
0.4643528103668171,0.055910714642869355
0.19429660065856036,0.6361802197747805
0.5583658151838142,0.2888352199204636
0.412826474864496,0.48431820491561334
0.4936050897189614,0.2952135327972405
0.6213614667405809,0.2873914204171434
0.612342532154122,0.14401805665178158
0.2325728014168095,0.40902678530279335
0.6767659081801221,0.5312805054810139
0.5490421305787343,0.3810341664622996
0.42878487795248443,0.13101095656641046
0.558342729355239,0.288516218003523
0.5319584665522297,0.4640325032148653
0.4583693952489101,0.40108874447793214
0.6962801776239445,0.41053532584926233
0.5188234241991799,0.5003644970349007
0.30636440028983486,0.5820577555086561
0.681234754986964,0.241739798901162
0.564644889463285,0.4159678672575322
0.6339987771598602,0.6579988113142794
0.47723645431304373,0.3303630522680261
0.11451130013218136,0.343460068942884
0.5258839398937406,0.32169243632803457
0.31727900000417614,0.37557040254899315
0.5480864275145935,0.5532116980317651
0.5175198052358252,0.43936638517397153
0.5386597521777878,0.18737747232757473
0.5096607585495966,0.31553310036718785
0.3774526529214299,0.07316091961710999
0.5766224985956714,0.6058903566375236
0.5402770027369558,0.6099607315222298
0.427712305821879,0.38949554642702233
0.1558335714447842,0.29947103476960685
0.5187285516209563,0.3610413726961969
0.3535356008112208,0.39667659468062705
0.3561947274062765,0.293314367604581
0.30052251677602493,0.46321214699229973
0.47831216848821145,0.08549396741855898
0.06091221109819461,0.2090175386331575
0.5764552954338421,0.31402857766458653
0.5087621674152425,0.5747808494971972
0.699430411000364,0.27391009004430666
0.5977654985162846,0.4750895255135694
0.5650145638937474,0.5661686935636302
0.661937922252056,0.4342720900070078
0.3633094897943565,0.6987520754897937
0.5064290369481975,0.6758323959313174
0.6483918043856121,0.14365915290946335
0.6247083974853844,0.22016802753700693
0.4438682649590313,0.6191197949811316
0.5806470677570116,0.6073945261793842
0.4640715539361472,0.12905846060471513
0.6692725279697043,0.6400900531664654
0.5142870295770668,0.5730904501985481
0.5349907408259775,0.33560342852075736
0.16233863946064253,0.6195635228631229
0.6543673963933708,0.3015258825614012
0.5151883102632239,0.3249194845852883
0.6094379701743263,0.100821374759374
0.5466594642843248,0.2618588076390596
0.11467319124191326,0.24999806213051964
0.46134526954332156,0.38480069932988764
0.36340118454020054,0.019140635991991166
0.6290508775954322,0.5296226931663949
0.6111275558106428,0.45506249415512695
0.5383502940271583,0.4736966880974689
0.5988513728256131,0.38271568342840356
0.5442594478116605,0.4146964018114812
0.577166597337914,0.6706273309988466
0.5903844114755137,0.5653113575821185
0.17699266637807526,0.626266133963796
0.5828078949609862,0.4493459669781185
0.5082568371819146,0.3942941753278364
0.42687627745494117,0.1611125478539132
0.3421948105076924,0.37597887154862175
0.5930071618523116,0.38195067634697394
0.6982919839029752,0.28059958859678347
0.3546847748381671,0.4248939619786872
0.5769634683949498,0.5783962163343065
0.6464887529446448,0.5470457018144232
0.4682395725423548,0.41275637317983255
0.5507310019974718,0.4367709804386014
0.6818661143664619,0.47163476748049127
0.44690341864383093,0.4941832990319809
0.41706138998198694,0.46446564167265925
0.5357699926344026,0.17611073223195195
0.6397594927509085,0.24491829801818227
0.537826068729897,0.13958366656538984
0.45005544068602227,0.10937394166939929
0.5355874807219279,0.6189443662973225
0.5756979715354666,0.6003199843581535
0.13147930521818035,0.3483048068455517
0.5151443224347819,0.39646908493293265
0.48767310926051044,0.12190671712559442
0.309468320162299,0.5454936199148144
0.5323307129513558,0.5869995793102005
0.4444756523644072,0.5379437748731608
0.610480371069285,0.1289386320412555
0.39159299688741367,0.3768177521273355
0.020534631936249194,0.2720123668893735
0.49630078435415614,0.26482330557128986
0.3923193821987904,0.3424728654248315
0.4767475874791859,0.5189145329505631
0.2525895674224601,0.3120318962394109
0.4805571732317694,0.5304121853822793
0.45932368708941645,0.5600010913396659
0.5069328538192804,0.5228167459866842
0.6791181167724983,0.12110393713825154
0.44836030426454904,0.6366467581424309
0.6025344409323038,0.4004229943862679
0.1738424777908354,0.6851626621262025
0.6773620313145248,0.34920666009118795
0.5982236237861802,0.2887379528077713
0.48850890949717696,0.18895038326963653
0.6852630034932095,0.6364775353971054
0.5019240198809327,0.47465079190069354
0.6657771778425972,0.05122523723671238
0.48425089285438777,0.32307344255645937
0.4780631477369307,0.5076484845697755
0.32119258014425633,0.007115053096594468
0.5593966397611828,0.1506124396238272
0.5433848342874241,0.13197974124859882
0.42372225599678925,0.3884152710513399
0.6609001372851947,0.2586471851385827
0.5503582012467476,0.4400385957018815
0.44301396569783286,0.1173272712615094
0.4411155374980841,0.4943811869164335
0.28120581591888233,0.17339427310322986
0.49053380435697236,0.4738520369604541
0.6065303277784146,0.5112603588244429
0.5391256233726336,0.2573406123453012
0.12669850787103645,0.48370308888286945
0.31956187584496726,0.6045694501611288
0.32108933074506074,0.407196437721043
0.5772384724198903,0.5471700358146374
0.4087815775283733,0.15818734666012046
0.3860406015023758,0.476630059675511
0.05843663403404993,0.191683020995185
0.23273856597589876,0.3360013185930532
0.6290634328098076,0.46525829753003195
0.5458859723511085,0.3117301352814591
0.3597316407965173,0.3655753064976471
0.5235973913233539,0.32357475419477766
0.6534777241473875,0.3452723408496313
0.4860942235333505,0.02391755506840127
0.6251291751107346,0.4805490621940046
0.4472527544241803,0.1941698301717015
0.6583626113600988,0.22442861543604364
0.6564417397571997,0.5239125103383884
0.24103975943031927,0.06626241945167016
0.6802230612672401,0.5776695067511088
0.5039756706223717,0.38569355781643533
0.28918525751194296,0.05337436016690063
0.11054791915214673,0.5685553532351835
0.615577325318492,0.2955625839201293
0.6962726501225281,0.20620497207539706
0.5417998147376457,0.18827014507543258
0.5487191450540956,0.6661650734743253
0.5629949908602382,0.4707661247881487
0.361605157694811,0.47912579086730417
0.4676395565713557,0.28791527406902556
0.42190661038993216,0.5010527947387509
0.6429620800664553,0.03749585257633136
0.6360022761647004,0.03284354507122371
0.17989326285117474,0.5439101636627373
0.4352955994002326,0.11558703994912788
0.4536850707722488,0.16229833429899898
0.5535589499917206,0.5551538649017923
0.30618184351576533,0.2819252338201749
0.5205956039126746,0.4778336850542256
0.5302910012260523,0.4142813236887727
0.18991514308454605,0.3795829501086393
0.48906270775554117,0.27906461793381937
0.5076397127003842,0.4770378653381623
0.6984338642268352,0.5690249888572046
0.3535283224348724,0.6907889990580296
0.4690643242031643,0.3292775059378702
0.5175783229354047,0.3940320950532368
0.373948390229356,0.613483799794666
0.547763397401676,0.3223568346482267
0.3648346511816164,0.5387648511243681
0.05283257001152564,0.288847234954193
0.5948575920168759,0.42680819813337073
0.08689242126234101,0.2445458417832908
0.6251196239963035,0.007769527694325873
0.6133711509006613,0.4955083594211388
0.4248360869056711,0.3602912034396093
0.6010115560595133,0.6744852723671756
0.5387119218379481,0.12383045986617036
0.432602872413931,0.44615309836569694
0.5939969829614388,0.46342329984235003
0.6291335614669512,0.3647228547950758
0.5771491539781519,0.00845317130659621
0.4878780758326758,0.39582700339628646
0.6227283546741282,0.1420571291056805
0.687867883122333,0.5768937230107328
0.38787839503455906,0.5997596031280634
0.5025946597428386,0.48176824651124794
0.5994236332313976,0.3828456420783507
0.590007056592661,0.3669274765901591
0.42577023380271567,0.3557992528592884
0.6393828199796953,0.39485824703515837
0.2822402350991306,0.5235394155693734
0.5383758384485997,0.35138020141436066
0.6725076913682919,0.3767496072672111
0.6471601221020877,0.23828173566113148
0.5542947378422952,0.5969602889849553
0.6047512012197958,0.4120291170874497
0.050057252569047514,0.43336794961174235
0.5977836647020432,0.3085352767091086
0.5596076687717065,0.34381844015301977
0.5633148256175373,0.4538893221508654
0.39720262044311117,0.37106498536325094
0.40494783452296,0.4669655689015755
0.40516694422580535,0.3735786184890648
0.4289223818149477,0.34191514776885895
0.45383441901891297,0.3148746990876447
0.4052991830049213,0.2182526517777908
0.17526191144170583,0.33180762799092434
0.2513221542549116,0.5742908643293925
0.053843544489930645,0.03734124652704282
0.0030081839964115186,0.4045421171379391
0.4352392991206111,0.2802170825969327
0.40521798631733674,0.610407915948609
0.566031844028655,0.5114807747357593
0.4963608025812436,0.3564521363168261
0.6689115619779836,0.28714474541032114
0.6803966832551335,0.4668940268994704
0.5233519263880553,0.40040165763985164
0.5467828494958817,0.5768732171441963
0.6444547075880358,0.5106469110494236
0.29596859053121927,0.18083954597423407
0.5848940275943958,0.039718723792542925
0.45529316165278233,0.0625477012671328
0.44333320261331144,0.40410977462343356
0.3446089855915951,0.22859273709885675
0.5701699248213054,0.6081324835689536
0.5631047709078435,0.6456434619339465
0.5438234778811886,0.43029154799699526
0.23295806268685848,0.5365620948842938
0.5948218498195,0.36066841931755056
0.6933348794451817,0.06061366917064533
0.4821438116265976,0.1326434757930614
0.5208713418028736,0.2274053954089211
0.31544107105350605,0.19495957739177083
0.3036483382617321,0.10633220125787168
0.6971435898965952,0.39560254921934196
0.49046654895405445,0.23998251140409857
0.10136491840014988,0.36189063664404664
0.503182430716958,0.5630624065441105
0.3320757986246631,0.6565703155190399
0.12654169642406282,0.6147984769027943
0.490258704133334,0.4633295233894314
0.39192733490919573,0.3573958806197114
0.26272776792149743,0.2854683490096167
0.5197481272480032,0.2548946257980692
0.6504318718480904,0.18245800988511807
0.16250615827674947,0.034616414159916085
0.15814804575172076,0.4833943341967165
0.41453003958362683,0.2528936632170144
0.6809229119421744,0.35318315105204356
0.6197674215919494,0.36461059386546285
0.519467818381711,0.6326801730710245
0.3353262962164476,0.23950005418796147
0.5585150327662526,0.19382899305253576
0.3338722761892596,0.1373905251202731
0.2517831766376464,0.6844133493226221
0.4658882890406895,0.32766335327833007
0.6566077662693913,0.5239599912907652
0.5420402486307982,0.4054015367716105
0.603457577781972,0.5623280020687731
0.5674373628055641,0.34065374507862806
0.5539467134241566,0.6529668286081515
0.40607793410843335,0.37761098382196623
0.5143809290455045,0.033383257731816704
0.41127353953479884,0.5709157282982404
0.6786462506869092,0.6884309560367411
0.37588652517523935,0.6746098603473116
0.6044052517205634,0.021623897988881785
0.40118144546126167,0.3444702381624165
0.6807818078900878,0.5972747639903353
0.6280178265155564,0.6484939270761266
0.373553081748232,0.47028155782781245
0.5774920996051468,0.47064286377699555
0.5707915584626205,0.44059572126723734
0.6280506449834966,0.30756950382523096
0.6850387828812854,0.34452133593200085
0.37317286223756874,0.07043052720896933
0.5394507997976707,0.20778892888293993
0.5722792751037232,0.33036608041376114
0.3728796303469031,0.08761159253442477
0.2523823115799705,0.19374978271786325
0.5451061700423294,0.5527526223604905
0.40589192271249597,0.45539017067651266
0.32315870841016714,0.6231263517245289
0.6539056116565723,0.6304827664894002
0.5630005766050075,0.3525500346877676
0.6639936093402751,0.5037366927962038
0.5413882602094985,0.11783169328398078
0.5750970446722895,0.6360948756116824
0.04987571210854974,0.5506681892938438
0.3265688367328199,0.11565316211106239
0.31276842642889713,0.1705912153993444
0.6361345544374454,0.4441250842543185
0.41943621042223056,0.0854495556763081
0.1138527574226843,0.20330060191801036
0.5270197621785625,0.03582003179501568
0.6705905455558785,0.36032384259934314
0.3056626960292714,0.6156295697088282
0.6468382151938479,0.5626940458915077
0.45096270313501857,0.44839784987791037
0.5616810632758886,0.44489639467320974
0.5899516187139937,0.45988840174324286
0.3137037637254811,0.14143414186763353
0.5757491885496815,0.47004021736742607
0.5457547026912263,0.1607270225811543
0.41444133555941903,0.5873280944236156
0.5894681242572452,0.5454573803947325
0.6534805310414967,0.23691610014266035
0.6093108835224021,0.3232201377383853
0.47903707544040425,0.5045755750781045
0.5721442346705878,0.6962543015825696
0.569148723882304,0.41880466607734534
0.3615565391948912,0.5967952364465052
0.4283563606984559,0.4023794587412394
0.46546803034259326,0.10542209004188424
0.5696506094409035,0.11723840756999226
0.14253223346521549,0.30102380466253154
0.4818710567787663,0.4253561289874087
0.6647702597762881,0.2207902860120986
0.6389984908810072,0.6618465282693076
0.18464201977742048,0.621929312141246
0.31979270871783705,0.6299625407705354
0.5387340387140099,0.6209606519458553
0.5420450234758154,0.4142812295080193
0.6209096495651857,0.19612228405335153
0.1412403836595386,0.24859298603672764
0.027496386009332803,0.47287778387948176
0.4951302308951596,0.6463044448676137
0.627028758865762,0.5033056464701445
0.18103689899395137,0.4244338649795835
0.5853562184693712,0.07142649039999323
0.5060300385579288,0.43432359702271284
0.40710737904478167,0.38040278768674535
0.6216466596150909,0.22400298346995873
0.6979868984627069,0.10796310662304896
0.6850638427589553,0.4287687630756668
0.35918132596457714,0.35953173253158754
0.11370113319055505,0.30235275893787456
0.6380888090579028,0.5591432083340907
0.6228789819543813,0.49572187135170054
0.4981795404478411,0.09591636301066744
0.3311105905790605,0.3798876435596335
0.3884459461452286,0.40970756725140844
0.050834071580331215,0.32816780250643657
0.6935696965927722,0.4797230267383797
0.522012438829637,0.34501529870493686
0.6660115286932949,0.02463848264369531
0.611997276165973,0.6975152877561916
0.49244962809693615,0.18814705648257998
0.5001809652250978,0.44138327994464405
0.32751230168484335,0.10568490608804362
0.40979530925807073,0.33515299257765985
0.17134794807241957,0.1977607302686898
0.4065488447493849,0.5223254916841228
0.497120364331131,0.5577891279179961
0.6436151832349175,0.6867685500119951
0.37453305349728566,0.26698883901510373
0.6417555035113081,0.0795425388781332
0.4190875285498815,0.382729180216382
0.12460248578493147,0.5305050934759258
0.4332045572805984,0.4144901245500151
0.47184806592280504,0.3681718393008143
0.5353357492222901,0.5782933465173712
0.5534680600606756,0.10466552351145358
0.6237720729358304,0.08485461535123805
0.6083752432468881,0.36565317005748516
0.48715262011451493,0.3438230186910799
0.3472474743078122,0.4146747036207442
0.5277499168150758,0.3978717725568228
0.6549475647083023,0.4990069376138043
0.5067154088845764,0.33141315931193094
0.5087028326176999,0.3964455756882788
0.518236247615813,0.4400998100371279
0.41042508381262444,0.2960603947800319
0.3815780539515533,0.6374806900493271
0.633879927248681,0.5220143536043073
0.36481797819117645,0.6846517789839439
0.5434350623632919,0.36408601246779027
0.23615324561930184,0.5347894822195723
0.5990689118296719,0.26282967144233343
0.543090812880083,0.09972086978159886
0.5316718421835428,0.44187511075936897
0.6797458235222519,0.2937498693823702
0.4220280935374935,0.09165079258860254
0.5859460907497915,0.004428581583767237
0.2838935640948843,0.5277245127608481
0.161796824244181,0.5607732023717491
0.34100807649708065,0.05786774315869678
0.663328207145709,0.4120950579192939
0.5186855467487865,0.19291829785529763
0.3558632084118349,0.40060734649419216
0.48815436549486196,0.46342202213883055
0.40150593989137867,0.024774884794558295
0.6568194989014143,0.515846231450237
0.5667146871687467,0.4911511085280673
0.6191696644821204,0.13801591148480263
0.39202430210949524,0.13446090016907708
0.4610148814652249,0.4300745567251418
0.3591163323686344,0.5652751785886924
0.4211584601168434,0.3732486850216488
0.4804748171290425,0.5523149234120126
0.6875779763839194,0.5906297859113524
0.6735944112607266,0.41337951961768565
0.5302995105596299,0.20734893715668368
0.5965070372176899,0.3273795365128171
0.5175435444031046,0.49296314535786345
0.2261948441902651,0.5340497563659776
0.6090795199098779,0.3822254136912878
0.3287319746271261,0.5024561415806668
0.092324248609356,0.3918865526350981
0.6891653686628149,0.4790156501946227
0.2446501534631399,0.5136041081899068
0.5809962316419823,0.3237595729134725
0.6219702077049355,0.6976033492421474
0.5695416808499907,0.6476990453151834
0.5007707128966754,0.3961422567221327
0.4499211281103119,0.3761568026919846
0.5365851555538311,0.445643910861147
0.5948327108752764,0.08818473105367802
0.6647429669581899,0.2493779898745748
0.14329352588821853,0.06038742224767813
0.3795429099286189,0.08533420582909623
0.664015861688523,0.4432835613806414
0.4843907087092062,0.5352820733256702
0.3875581269591235,0.4445763283844756
0.3736001320658555,0.08311457315342835
0.49968902135931925,0.3720607252866844
0.30311449589913375,0.41429831659207234
0.4313527413118671,0.4108932195224402
0.686082058457158,0.4578914993656664
0.5179025767522871,0.6779621820476377
0.46158008567743997,0.016415856411887215
0.5045486906570916,0.3125915670907351
0.3862435619094723,0.693115247193397
0.07336988960849242,0.6981325508348437
0.5693308843188452,0.23562002689936698
0.4935768479039333,0.5347837288722119
0.5293398486217303,0.013577752550221131
0.49990840641566436,0.36942444656431345
0.5974175857569934,0.38556694293094596
0.3000573004925062,0.5344141726557238
0.11734592770413929,0.018999064438969596
0.608021995203418,0.34011059148334105
0.42052659948383303,0.20932466375592018
0.6331480538922624,0.5922352539814214
0.3495144043932116,0.03794941363700982
0.5203944254666563,0.2828387560499796
0.5377173543417738,0.4325388701220708
0.42343609408065536,0.5811381345995502
0.15460735776104917,0.26108275845333384
0.6966135699230526,0.10395784268897498
0.520114027086528,0.36503638434386027
0.482492750421862,0.11799438330447158
0.6466493160172473,0.029186205048670352
0.5086402392217252,0.5216691251265652
0.6772580601673162,0.16451789739543793
0.6176207303249317,0.511762077394267
0.5141843113271098,0.45492581559603085
0.6097473244459184,0.07681485237540848
0.20817463503835174,0.5708329741651834
0.6647473204645102,0.410238137199331
0.6781268276922198,0.525626691550295
0.2832293459709774,0.017576058092532244
0.6299520063955567,0.6513764257997793
0.4958346809701123,0.5341291574011835
0.16808771770778236,0.3809657306703801
0.616496542518001,0.47671079644195763
0.2765167803484943,0.5979839846405293
0.4747598871103121,0.453301168093317
0.5973694896592594,0.6039244712906628
0.36158472545546183,0.026086079495595462
0.40101177191500725,0.4426416358289508
0.4845903494024572,0.1029081259218185
0.5368956854684304,0.487674286123822
0.3356025166518622,0.3348852322255738
0.6598397486954082,0.06884994238924219
0.047095829602469996,0.027274143605955422
0.02948276292472124,0.19530367259498194
0.5997210313899612,0.3622286330903269
0.6284107485571852,0.4339584432832043
0.6059748192442616,0.33253359378787256
0.3922852878326061,0.3209045729090573
0.3478660857460865,0.2630752027358939
0.10946413457397071,0.2785438440408036
0.634458640010474,0.5996109115136417
0.5587237342460769,0.4070672530544628
0.22898748814427847,0.6815283093112923
0.5554305743968824,0.07897291524469256
0.687959456629804,0.3304207204203615
0.4812257714315601,0.6052657881176092
0.4825724387944754,0.07201055187705173
0.2349372000423779,0.3503289702075213
0.5652501580664742,0.5736773773976201
0.6497090044954935,0.2886192593129754
0.06444525043362248,0.4521057429510362
0.6959331440205534,0.4838102631206251
0.5574768757700683,0.25008704217088196
0.5265565108234388,0.08267471303661558
0.36500816768272437,0.2617393464095045
0.5638436916424517,0.4649797655662136
0.4964542317691777,0.46603971510718767
0.6964871559088178,0.41038550674734126
0.621720467579502,0.2866892422324397
0.3907254311857618,0.06893697922168976
0.5199579877722968,0.5045603013069657
0.5059621453947752,0.40146037747160546
0.4748272140291384,0.2205735280348716
0.3140673452834106,0.09432901679943817
0.5011936332634165,0.3621549008058379
0.1875615893390139,0.457415893480283
0.624086107835093,0.697143611707861
0.08673564565439178,0.6026838507082053
0.6002969544523354,0.6705452795004315
0.6755676108764348,0.34529408965671193
0.5606744890156602,0.5257241116099818
0.24194195789559375,0.6244689261581079
0.5502080333326538,0.11572689191702538
0.42092731130546945,0.0385423917136204
0.6115979384934742,0.3646735589219566
0.5542538006879252,0.33965147288569786
0.6015644712988276,0.46951964505200616
0.6604899694616672,0.3183935388295454
0.07260828938805375,0.10708575462340811
0.5675684663806218,0.5736165274349181
0.17382436458368228,0.5637096614588311
0.5678623198232615,0.47412739118967756
0.5825812539606186,0.5300621802864443
0.5287657651629253,0.4771103146426871
0.5198431301376033,0.6878716976164537
0.42640607352840193,0.3011500020024926
0.4419282639408102,0.6365554981031849
0.5877184164627206,0.17135842451493583
0.08820672429281659,0.2780449924494991
0.49831825749804204,0.34759567522920565
0.4702048749625579,0.5248262594413826
0.06502485512521225,0.23468778489525405
0.576782775700783,0.6769479716358795
0.6389242428920097,0.167776301506466
0.2631146735523959,0.391543824773362
0.5390797362872052,0.43951598848251794
0.409922884418606,0.3506337565458392
0.10154611923234065,0.2995705788157207
0.562189358332755,0.5150703529532864
0.5846238822962131,0.6480782390467605
0.5429388730826921,0.13609423473643953
0.4536366953602606,0.5586411843020342
0.19013208216929756,0.5847702604718249
0.5193833304319291,0.14457209915362945
0.26909112067051594,0.5452450086273646
0.5834737054962444,0.350039154387738
0.4370348720608949,0.31996996413205214
0.1994058447142345,0.6194904796992656
0.6918480203754207,0.6020621616971814
0.5348974995935766,0.38362721379551373
