X,Y
0.14770860640361227,0.5076577085416456
0.6023627243430741,0.33537698215489475
0.6659233824859838,0.43081037684149087
0.646033938204625,0.2130588315490478
0.6493137755649085,0.4934020113804703
0.5707513532696549,0.1805795652439216
0.510794407440167,0.03442142877381625
0.5563923579632057,0.3390996073850697
0.5750222146928101,0.45121141188985703
0.26874430188290943,0.43146602791826294
0.394479144316679,0.15648336930433315
0.6376795444147307,0.5270643411311328
0.46031381431901885,0.6684858589472482
0.46477062315769685,0.5635541929202649
0.13754431076268409,0.42362470090721743
0.4012198025818136,0.028013657394042126
0.4870727251249225,0.41953858618312945
0.2957492577017765,0.4648481071015277
0.3888969278333886,0.08772435684601483
0.46072891095607404,0.42947289035336794
0.5275058967629969,0.07466842909246946
0.6805788125873075,0.437579508321041
0.4803167812400725,0.10703788823209323
0.3954907541447476,0.33578265614940483
0.5325746006766754,0.4122327794075748
0.3730453303601926,0.1731885872881651
0.10342254424064526,0.5747751532514307
0.5279247729904802,0.33946667722558876
0.6974325379856184,0.40293286975879944
0.47585305898635794,0.6329413644880841
0.4854729493688228,0.006295074725034225
0.43426702687424956,0.5518281525549344
0.4107510023775785,0.2954843396818384
0.4360987568414106,0.4268134540709192
0.6357888269498667,0.21414107973440097
0.48026548882272957,0.48512774165170275
0.3882669865498567,0.40653463344298646
0.3842057546714359,0.4927014969262984
0.62479387193126,0.5951839784655142
0.29653049649573493,0.6751729884244296
0.6108285842292758,0.41209003065620065
0.5148491435263771,0.5824430818918104
0.5178534772347596,0.3084054705763905
0.5649101528280243,0.40048133451762746
0.40414418893198256,0.2831770185762412
0.5475993698461659,0.47746050943571255
0.5532405217890168,0.034826628914970625
0.3359226046621815,0.44140578570264233
0.6981500529819993,0.1440471708652163
0.6382732861770524,0.2730671001875487
0.3788159726062463,0.3253583385531457
0.5910482093016234,0.5708917851531087
0.23883996225126244,0.010243374034166086
0.5491918333278307,0.34481457038211927
0.5659003296275656,0.5235405607183427
0.48119334858949464,0.5224057996379069
0.46384672096028234,0.36376801413027543
0.3571056185431515,0.14780280274168622
0.45651259970957336,0.10865530224371542
0.16979008648591973,0.2226667300639039
0.5116332747991256,0.5202512581111736
0.3973968071661609,0.5915628962722721
0.5605394586183126,0.011942908213328995
0.05687816761474188,0.3344341626231763
0.3207004808773163,0.5930581628281093
0.6846620273606235,0.5468406733083728
0.07556164212299833,0.10107653452182286
0.3221697749579171,0.5447045362188514
0.5825196605407499,0.03275946806664709
0.4033570404472549,0.04410216984099247
0.26605891338534776,0.5714209175191233
0.6238140482959147,0.17663931480394587
0.44814596965511655,0.45743731041265123
0.5720260700469721,0.40532319258540833
0.6799381020429242,0.45392226824112536
0.01781998528559524,0.17578704279302326
0.4888942595249769,0.3144648664774982
0.4778661037431175,0.17335132304580952
0.6428555239445889,0.38820841572733544
0.619474045391534,0.3709329138317182
0.6721012636987845,0.12496640777266949
0.4016150543943151,0.6169489073096316
0.3976710294214164,0.36585688572496056
0.39303038766753995,0.5261245008726201
0.5769525559505164,0.47585086227508716
0.5830470135192493,0.38224122403395927
0.4465340209481306,0.10406971947361007
0.6236091055590489,0.13333521817395955
0.5913668576789518,0.16881165239351864
0.16975754843428764,0.42126123533266485
0.30552927440976013,0.5809781813829895
0.5501852174802704,0.5613427909398719
0.6147837455531097,0.4744286009235088
0.6981809386563853,0.6764887259440064
0.37680532692048296,0.3698247855572647
0.2806693023625486,0.13374130784621502
0.6380685753511974,0.3866711917517573
0.662380406618766,0.5665852598571199
0.4681803218583065,0.48321274900070926
0.5022823366217496,0.061130313255142586
0.05863456819718469,0.40372678001834383
0.5672101780699039,0.468274593110643
0.5190736617932319,0.35909751891547154
0.38966935147029036,0.2658712164880578
0.6127808086829962,0.3623038384670329
0.49572784394865566,0.36991916796437707
0.5676398162441423,0.3306093651060709
0.657742403447631,0.5278167648362431
0.1882133691098545,0.33598483183688865
0.18214355188969714,0.42608675856891964
0.5050081862869524,0.45742835006464677
0.5754220452387399,0.527058079988605
0.6444155565952666,0.2104360035395126
0.5751992906385427,0.05697079409516856
0.24189707483129952,0.5603611871728228
0.6053414461280601,0.3851668773818828
0.2437930310310559,0.3348971043420957
0.5715182319248994,0.34006831588281905
0.49224054012976176,0.3119665387070747
0.44504377755671376,0.23870566398565674
0.12464357681559116,0.6332193852918029
0.099317794193918,0.3373205828606818
0.4062845291158826,0.054616225603679076
0.33102228532129696,0.504038369290108
0.5558201562639227,0.5995161665095489
0.4791332741386628,0.6808649975981277
0.5278654223105249,0.37030465891969555
0.4090639741685242,0.041612502555648766
0.49624981238195937,0.27131284647397325
0.6982445369077592,0.4015298593621451
0.6161469418083416,0.2362148702733145
0.3845916537690266,0.18913689943843492
0.2115269804768353,0.34618116502969626
0.5138148781641589,0.5015620247667325
0.6146555931770308,0.3265603243191185
0.573440638354683,0.33918830889603746
0.412556034529362,0.06384849972376391
0.44686557557609735,0.32318982815511066
0.04829484289892183,0.3371446025066368
0.4773926876759857,0.2819093589962256
0.5089856359065961,0.514003511650958
0.5230755030266571,0.2048217558166816
0.09623323858536385,0.19878010990285083
0.43879432219299425,0.3571390467404418
0.44218322606862726,0.26163938378720347
0.5688129267766516,0.07006518160159268
0.5612493295070753,0.4132228425670518
0.018714933459196406,0.11522037483825864
0.03666841132591481,0.6926543157494947
0.5374591311478284,0.10047408740875123
0.5371821294436172,0.05889007625175191
0.5942998328574378,0.5202842969820575
0.5597932457241589,0.5552142287262922
0.48198508314393074,0.3635350797012709
0.48898081016152234,0.36640661856196344
0.5496245549557996,0.17472375900541948
0.22935214039984217,0.3189628006546756
0.5287333916738204,0.41222874346075333
0.5948185025646499,0.2819266044744317
0.6554274142896723,0.5027827700947645
0.5882978934067696,0.5673413057141612
0.5958201845800485,0.4622698573153786
0.5742808589238568,0.39727823696640324
0.5744616686471582,0.5280622976230149
0.6161874302331685,0.33070605113457197
0.5783737573042826,0.10892468332779041
0.6706234584167015,0.2780025001709108
0.6053595230993449,0.4554899013692365
0.452499385825407,0.11402511593954202
0.3629371232270056,0.30791044358139047
0.06909426005791731,0.5731525750195272
0.5633916267307346,0.600934113082707
0.5925238592256045,0.5851172073001271
0.5524883631219616,0.641819834670712
0.6189062139032278,0.4950162558869598
0.5942767033795233,0.6405404867623687
0.4638868678250481,0.4829246745045285
0.6201404385173093,0.4146308464739538
0.47740619881963986,0.40058471054935263
0.47362359930104336,0.14780998472087886
0.5679425632289592,0.2994654251158193
0.45800311674960126,0.5274780380619092
0.2140601530864455,0.55038953868951
0.4831156104120497,0.13405294821230102
0.3214825826780473,0.6554961668634809
0.6139838721463016,0.47819537907132165
0.34661328074719144,0.27209021353395485
0.05733875967282431,0.6017031047365802
0.4113981246314224,0.35970572570025366
0.5039097767837539,0.42043986471632777
0.13415698054028335,0.29878121625035275
0.6894041679129758,0.2981115185963117
0.43933484010149015,0.6098728759405734
0.6473107017162586,0.25990044167262516
0.5461814087024611,0.17452312780410106
0.38808732511077204,0.41619088560019635
0.6636980849706959,0.34960125489312577
0.455542124592385,0.3115476839931481
0.53034922286771,0.35147325851917127
0.6816429677616473,0.4619690102206353
0.11152141950864061,0.2179562873000667
0.5982035357045944,0.46077372568875846
0.5974644569546125,0.27632580854401767
0.6276814798245768,0.5697832083231322
0.6011275673410014,0.5450806808062553
0.39313528964346933,0.6459927221280904
0.6647511982708748,0.27607856314846757
0.26072652666979645,0.46930058388442114
0.5178668879095457,0.3395087504255091
0.5459767281368751,0.3569073349194887
0.5638665558599224,0.4599843560296707
0.46203745077527536,0.33318147991708824
0.5401751546815412,0.5799607809278333
0.4193853361823532,0.6312055096882923
0.29646298725900844,0.5464808106484071
0.5047262616224719,0.21350329633977294
0.5096417171759242,0.40314867779896535
0.5243351520751749,0.23648595387954024
0.022127655151617888,0.32943479310112694
0.5885932565880435,0.4824110187021029
0.29348770567808286,0.4184959947094036
0.5830075203378448,0.48731441552443444
0.557730610772045,0.4966589899940691
0.5709454472327796,0.07083726489371325
0.507943591206781,0.4725775802848472
0.5756078374050734,0.6214653477877782
0.6077628695511166,0.3787764025047076
0.6684372894436477,0.26471135793575323
0.6202003826120038,0.4773353915233571
0.5439695322323109,0.10122330029358904
0.6215638802687902,0.34981281055167923
0.5783602346847118,0.5276356039022003
0.6670168625558501,0.5887142573767914
0.48016471149585876,0.17346407102552208
0.5368090051909558,0.20076032644917347
0.6504254102914245,0.26299268535643605
0.6479575415506494,0.5905428022101196
0.6061359749885451,0.19092163547186514
0.45537437092226407,0.6238234167440044
0.22542322700149364,0.582562415064671
0.4627292372854362,0.3727369868173794
0.668100237877589,0.28264059477688397
0.5219336377220576,0.006681255819510193
0.6870351644430271,0.28972076199752467
0.5085360357260938,0.15109409120163275
0.6317215816513981,0.6310355701727047
0.4232826238601218,0.38665762308944923
0.4887844376800027,0.24365114835861626
0.5543529329387981,0.6484553556404345
0.6265916168888005,0.4098744015168845
0.21557240005634798,0.4618437621566668
0.016083551312197287,0.44111917997777866
0.5846596010614219,0.16983820964716206
0.5689122167504768,0.42672570375868807
0.4160596402199606,0.683637562083434
0.4380326367259756,0.04030565088588098
0.35025992049455856,0.5811231165065015
0.1330367046862753,0.47302054499587654
0.5020027192757973,0.44961935403367903
0.6873030047192579,0.6775254079523201
0.5574334754366114,0.37842114492635737
0.4900832377696767,0.32282065049897424
0.4745235900262592,0.3954397298753184
0.5324440144161269,0.4221562040044485
0.030450987649480787,0.5845688849379705
0.33476155439640604,0.5342300339585982
0.47586128733447175,0.11932650221516693
0.5032008708123079,0.5301961975270781
0.3342618412411832,0.5891896663677805
0.6998351660535054,0.06727574639539609
0.5891521554633714,0.05592117869566787
0.303259708531054,0.16224204845253387
0.6525868152957464,0.46983160268995294
0.6593629929365435,0.3195331647343128
0.6215300788512648,0.10399649754193982
0.593905722234718,0.5288379650220355
0.4561232195714592,0.38263955529256805
0.6146346097770775,0.3227280286154449
0.38211469489648026,0.4736837877174688
0.5944322766783194,0.10143799818959848
0.6490350832858947,0.4043749053723007
0.2532130921205029,0.09008367586094276
0.1596350258518079,0.5923688375100209
0.42324374607900606,0.4112740405119539
0.1662959300753364,0.3389424849738619
0.45468315598222253,0.4230291536081045
0.6663771143925612,0.5772335613768854
0.5335576678734064,0.050521173153174066
0.07482223773121666,0.04120580484069036
0.4460795817076239,0.030394430368871912
0.5275065874390129,0.3611021537005997
0.46409140991354714,0.49830831928240726
0.6123542829193404,0.2554035378926333
0.36023801374659975,0.45100350296612757
0.3285346101161083,0.5487231042016198
0.37193135543089206,0.6378012609234267
0.028906348467983997,0.6511366236112692
0.5259689140597431,0.30445308328506426
0.656371720276786,0.45313612444802037
0.23331558914378456,0.35483558132145543
0.09509855393477964,0.1782114274846339
0.5826527990261012,0.22292700081082678
0.6338920403361809,0.5693484957379877
0.5673203781991836,0.32632213489808015
0.47734437371243005,0.35555389431069684
0.6446939159453182,0.5448601682889779
0.5673545849746421,0.46562141930532935
0.29283998356955543,0.26958991063187154
0.4323499490068662,0.36561691534512036
0.5176213570759738,0.327724881478896
0.31349773397994185,0.4818513686638136
0.6573290165743166,0.46482435947905415
0.6343596014707673,0.5092286021289212
0.5153944625064517,0.37278523249488615
0.45698897964420465,0.2767865973614964
0.6367390799868237,0.10657486779756513
0.6623893746994302,0.6329527579387818
0.5771449703795193,0.4119443421030665
0.33061916368070676,0.21991162025047112
0.6053880287503731,0.39433996584026115
0.6032686556526056,0.24556880242085805
0.515732815235717,0.40130706400015986
0.36712185606194,0.3599082775566051
0.3044253590554783,0.35238615674691626
0.6183746101442346,0.05291853617683724
0.4388055786860514,0.5093967033284768
0.6051392721384526,0.4207549030429621
0.6054784408192575,0.5824961951066701
0.48493843473642106,0.17897003233014638
0.07509525751262221,0.19503576093198033
0.6131096680807313,0.07804026161081112
0.2615638265247613,0.41143663440293987
0.2857216161729913,0.5028843898507578
0.6373795010274779,0.16625538121725675
0.6672969536912265,0.5678536369687244
0.6703935062987618,0.21386501571398356
0.413350863773675,0.23458222079950064
0.3496687390322907,0.523508892089269
0.6747729488128341,0.425610354622229
0.277849597438722,0.15895186408533557
0.6438740508928079,0.6365947189385617
0.6936527309589623,0.36748948855161623
0.2920584881055223,0.6328787282651392
0.5135344080047226,0.4691463476897062
0.5290760467955667,0.2500149448579617
0.23863883114831314,0.27598492018265314
0.362604897720903,0.19425294963982503
0.16527867118275202,0.06117760469778068
0.6764319582709052,0.6267442985919414
0.6711775777738103,0.3369792701357294
0.38863276270637703,0.11608779902011568
0.5381980804934197,0.4456907276761896
0.3681820904550263,0.4050707205828758
0.49841342213001577,0.4153218214219576
0.5968969954146658,0.6854819531711911
0.20233130931665216,0.6301755092983689
0.5057104494287951,0.42542274722731344
0.31213850417731664,0.42115824865913853
0.36813876529934686,0.2216217416823315
0.6424645871030151,0.6044321895266437
0.4962920457044721,0.5065116672171195
0.6319706120744149,0.5213539253155834
0.4126524830392994,0.44679114356307037
0.49312449590681084,0.2261920632244867
0.1490511194700504,0.41133922221596375
0.572079083383063,0.35595551824222316
0.1804320765707235,0.4795416492400725
0.3287095860798526,0.5473609078346084
0.5224858043385625,0.21677662199388756
0.2608607833991534,0.03660902205555913
0.376048032739295,0.5039875142699094
0.29553283374360145,0.5832373081028812
0.02322505888886847,0.5862177139132191
0.6907468609933758,0.6263434494598429
0.3353828747639101,0.47992493468424496
0.350975195216013,0.30294884331915767
0.43377949136206295,0.6210311498676475
0.5776092904460247,0.6821722205103061
0.46225330384605423,0.019326875450503843
0.38607238034882374,0.14272541096003816
0.6974797885586165,0.5265445079080179
0.6011013260491138,0.43818028077068133
0.4401923709996137,0.044486048322121205
0.6459117142362849,0.5832833246357787
0.44003130461750517,0.4780982090748763
0.49184973335619775,0.4808627966875215
0.49450490581972095,0.15062451058397763
0.5982083408716459,0.684577752193243
0.13651766666577236,0.3725545895319735
0.4725129891546954,0.31666823829794966
0.5316798368068167,0.42481495704991945
0.6696549940234717,0.3541307050257863
0.31070044252110834,0.1218530373686949
0.3967671863195859,0.27863294063712213
0.5454724478009962,0.27849482140068677
0.1265242547875593,0.5712380482005284
0.201688756156078,0.5788169678134587
0.10174240567976447,0.1847695816778276
0.4678033789048898,0.19963903288029122
0.21081109113386626,0.6658975732861008
0.5871999088893738,0.3231958202057167
0.6184153813801678,0.6057495865738616
0.3156164975604705,0.6343315379953957
0.5867796485210749,0.5669509459636353
0.015813337938249947,0.6144522113089017
0.2566733000021911,0.3931638037260206
0.6955172645966586,0.28756833438462226
0.6346572640012919,0.6743250133594828
0.5170185646728672,0.4106162524655588
0.4382775770870081,0.5122189991582441
0.3112483854805209,0.5455355965084561
0.5386765847436998,0.34290046593511325
0.3378847394806913,0.2655686344734432
0.3501836239549139,0.050588529609565516
0.4419950213676488,0.5033923287996027
0.5587842181291774,0.4409285636911169
0.47267307071759485,0.20324751960693183
0.13637825524359906,0.5163418501288171
0.5130056167220041,0.4537426398805001
0.1135341229018835,0.20302490565394798
0.31773676172266274,0.32008204455733114
0.520696090887619,0.2654053344475822
0.2177895548279773,0.2327639724103473
0.6391728153581194,0.11205403774365907
0.33541076831881517,0.32407400924588287
0.5007833043828565,0.6764237022453515
0.3462296840749254,0.1419041376426456
0.575229083712753,0.39977193262887617
0.6878351888000906,0.5994455546107791
0.6170151968566997,0.5348936460966882
0.25582165784104927,0.5874471779273203
0.01637750321289337,0.5786144266743588
0.3490229836946584,0.3272593401192119
0.48518213676972516,0.2662097197086054
0.5728399118292128,0.5583904402987461
0.580054957567155,0.3986950165921783
0.328239807194073,0.11979742444905969
0.6049614941635363,0.08784178770146472
0.6764127831180483,0.2443810822621412
0.6031522974233814,0.44804601295986635
0.6237719394271583,0.5803437637337177
0.18001464188349617,0.30514219179715907
0.3128876020446488,0.5827113042994972
0.2180755995751023,0.3610726391661272
0.462524950522318,0.1542876591635759
0.48844150454912555,0.5174918149126351
0.10400632970108255,0.056178386881597514
0.36619997627960643,0.43101656164079766
0.6145778894307847,0.6848140504934738
0.2677791487802588,0.6128005400278115
0.5768516515555703,0.40548269941316356
0.525874860323526,0.3177324187156152
0.2901649306259273,0.2735620894899515
0.5101968492722727,0.3784290626675724
0.242162231170144,0.5327212921298402
0.6226382529209566,0.13440012039467306
0.3771439177837981,0.5647349499548927
0.3702883811046911,0.39119820192297966
0.6031769238592067,0.5045377212047217
0.45135081285002354,0.35798094453462115
0.6070811536506773,0.48032276919964095
0.030463034698214334,0.21927959836269745
0.41123796426057296,0.016662590768591855
0.5712022800183987,0.41712624841874435
0.22760497679728567,0.6130253405737679
0.6526621087923625,0.5587430214459163
0.41961672406042877,0.0763861967674771
0.6091159297495339,0.31590717910051647
0.5441440815068073,0.09061513542616562
0.4872052907617171,0.2792910422083054
0.5833269552328356,0.5110055437310255
0.6727057749231191,0.41876647629125235
0.06598814102380882,0.3407925748061796
0.6531135709626866,0.5708713662419053
0.10364850095157739,0.25222584357346933
0.6925668541937151,0.2250720922423837
0.18805768642396198,0.46510165510435486
0.32109238689654307,0.5567738032272227
0.42977593172710304,0.04604121002874237
0.5286992226600103,0.5727529417681535
0.5101795529940166,0.13771460815731634
0.4338501375386258,0.5080791524050675
0.6593605419657343,0.11910969171708904
0.506555652127338,0.4713990472240907
0.2558222993973928,0.2515239107041055
0.6425811559660236,0.37502303239605267
0.4497913694785107,0.11773001562983039
0.3758110743896389,0.31171208261855987
0.6566608062214585,0.5325380525937767
0.1645230228195882,0.17727808605369744
0.10382756441090618,0.468150505788448
0.35525612823697506,0.5239060119846758
0.3006540031140707,0.432199295468948
0.066167836475777,0.12070716198925988
0.5113311032838181,0.19807327168815414
0.3922363492953909,0.013420499024918087
0.608416358320712,0.4793415227696744
0.6991842830653419,0.2509197856578461
0.187205348986643,0.5078419935872649
0.41799094242263635,0.1344323133600779
0.6278936398796728,0.3840528184433794
0.3660866388410016,0.4559766365828521
0.30091941447098686,0.6392955377595042
0.672711478131876,0.6887125023132574
0.43420881751644674,0.3764809853722861
0.6580743030993165,0.33437001124580706
0.5722895455192211,0.674796494889436
0.3474774942486545,0.04399602471674786
0.5734467447704181,0.13695662334861244
0.44397140036637306,0.27503989703147447
0.49057621343194213,0.44310327224847934
0.4549087455802562,0.5852878149885516
0.6394215552508697,0.3130616051799256
0.5089522740097259,0.4609040284632947
0.590692386734019,0.129206181794436
0.4475672579613652,0.18112861567346006
0.5578589250624164,0.4492553581452463
0.6236720370300242,0.5986993630971196
0.46918654618950695,0.4265915942247608
0.5447239327216414,0.5912255407245944
0.6552487036940108,0.35877863680762895
0.5825546741582088,0.15997460604562036
0.20416028807631642,0.3522208666088584
0.5103042825940212,0.4363473812598556
0.39134800635124156,0.38075681202879214
0.6304893896146198,0.4429243995492702
0.3711177510609942,0.08162209699022127
0.023130757582273558,0.2860849673164278
0.5724992430043341,0.32116742848400437
0.48908110866213805,0.44830417306690484
0.4384357393580167,0.32324276078784403
0.6975186450696349,0.292943766679053
0.5376269346052419,0.5553105547900471
0.5747167252523223,0.6101441567869946
0.5864241004290096,0.1456862003216172
0.21711397257560405,0.6416511777198433
0.585873304025276,0.3834199119734332
0.6581167487351778,0.09108083962355856
0.6828764222222167,0.31251505076084524
0.6981301917786237,0.06928754989318286
0.33560272123451906,0.5709553026743489
0.42163888340847977,0.5555198210401373
0.514168331537895,0.5224842499329936
0.5829647802837935,0.09848490272705401
0.6137094059936036,0.21660046148896867
0.6694852636188431,0.5448968721634855
0.5183456936399796,0.3369822028498889
0.37213877451063326,0.3543696179688052
0.24988897832821433,0.5580481774171832
0.15798116196633358,0.6535973532247336
0.22947947691151374,0.4842746526802633
0.6098924925912672,0.5794191897232654
0.5511126388490496,0.49292564347898277
0.4043320593373628,0.39405900110820746
0.3982667958403634,0.3542377235266561
0.3196046362230679,0.31265166558397217
0.5964236852332041,0.3660150012243575
0.3902174335228564,0.2787319531914946
0.47664836421619783,0.3445900967499804
0.5510016150500298,0.06981165620044025
0.3705504243226922,0.32672413615900403
0.5627044561650697,0.34409094897831766
0.05009868771644316,0.3873931554829998
0.48466694530605137,0.20159550765357603
0.6469531028627717,0.5045950518153909
0.45321154599256497,0.5577032048523192
0.449863333226852,0.5656741952519394
0.20337385360598734,0.5656825977356451
0.6418021951971278,0.20695925636367038
0.4190350171561686,0.22463368152001595
0.47506294630719736,0.4609305445957398
0.6762183177291183,0.5124381142453537
0.3744159669818806,0.023024759355733906
0.5285945852547766,0.2665638821367038
0.4708652804299337,0.37458682492394313
0.5801859383293166,0.4406216238111225
0.5952727399478069,0.3453203327390555
0.6360302321726147,0.4477468693063836
0.5721579018251262,0.2917930530180236
0.4317396284036882,0.234914436597964
0.018524264827380676,0.42995012521701625
0.46056226033405784,0.3313137294208417
0.43923367266777785,0.4870826705098419
0.3025565315857298,0.5287013493582613
0.6270182117958393,0.2595874719006304
0.6351141802465153,0.4850806698528691
0.6142954655783783,0.10803309604691881
0.04618818680946072,0.31902479089697194
0.6931058615494639,0.3541572352097135
0.1605736315114612,0.2795536398828934
0.3509098375174384,0.02917907515147544
0.5818022102296385,0.6107423752320427
0.17659437498081196,0.3684908862331276
0.5824393463052456,0.26916594252973464
0.6286744587767715,0.2621956405616903
0.3400049057992533,0.16177641763886602
0.2578823548045286,0.4260831251991307
0.46086099037254713,0.4025068933012184
0.5703217844976044,0.42218238781964745
0.6422651627007036,0.6709584292790008
0.07567565850432831,0.24728156292413772
0.437218330936481,0.25515264861614334
0.6611660031884975,0.5008444791729172
0.6739503789146226,0.3908143780509553
0.2883338587787269,0.626489954439123
0.13629619582625835,0.5156766783615258
0.5636175179300178,0.08374705119084572
0.6186121442345756,0.2195945093722655
0.4469421791007448,0.0026387440393883903
0.38353192523038016,0.45049413585187803
0.5949835861937457,0.5662771990483797
0.6075545735523787,0.45451451418895666
0.6905007025716817,0.2254879564508222
0.6211944978500652,0.3515758062884609
0.5124879407642854,0.33534871775974284
0.5569110369387296,0.3377070827809282
0.07223805196746685,0.2540093110173476
0.30508290627119194,0.6737271053188674
0.14699384196441093,0.4610795806987804
0.5695374937890472,0.3614643951938634
0.5929138506158349,0.39255553634626117
0.030225357472837822,0.2807706862273665
0.532097311118251,0.30242050721886177
0.25224531764778885,0.2755481187183979
0.29918913018165255,0.10068344510503788
0.5243807586140592,0.6379575830505289
0.640161011211647,0.23493809976718305
0.5928582579082678,0.2711662423639792
0.6465552318275343,0.217444422172844
0.4452941166535487,0.25927099464651926
0.5304060434579947,0.13951238921357423
0.6425434677485432,0.4184297279416135
0.44451654407749286,0.3568284576468989
0.38928680336235516,0.5926152033312909
0.2633308045926467,0.5640902056588137
0.6107238104449728,0.578000569702703
0.23039918059616815,0.10028737653809523
0.22183441532675005,0.49273002327153337
0.22038541785818666,0.42680763146329526
0.18079417804960654,0.5579315364386234
0.0029403403864027566,0.678890325389244
0.4968402629953389,0.07834770686212132
0.5748729503745021,0.46769677630965106
0.4989396734765626,0.5104026487638365
0.5509377837060633,0.32396223253858986
0.4479845917949619,0.32119000160360184
0.42281566505637697,0.10527850725194858
0.49209470901304597,0.3533297022108566
0.6436812760837031,0.12577154214098057
0.5021789757975094,0.016098857559386476
0.466447034923244,0.5780563915049913
0.5852104120525388,0.4013298885987073
0.650735049576492,0.3351363592762342
0.46804483876728364,0.10484650468031416
0.6408557892938945,0.16431468820913728
0.07897400833230137,0.3988718287873019
0.6786506698778318,0.3755019449712427
0.4425960667921971,0.5904245781756268
0.6252425260351843,0.3403708511568351
0.43464355766151175,0.6619779470769097
0.6481383552387341,0.5838013365086147
0.17274652572624166,0.09574176448129615
0.4445907686896467,0.4579692159188016
0.1933879378990485,0.4715241811131098
0.49350073069163813,0.3047108875093574
0.37570011223851846,0.5234884173394676
0.6118926293192001,0.41910754026054864
0.40994108066788815,0.6099878771630636
0.5502541986651431,0.08218055181181845
0.5190226313931221,0.0395914818959347
0.5207629279326157,0.6912466715404092
0.2760456870868711,0.4232313150676131
0.3581754861503775,0.13024816220446517
0.22250513358166657,0.47932196991433623
0.45822702825351636,0.08647555605235269
0.5528522670955237,0.5115720295934174
0.024602337680505206,0.3114234694854469
0.6365440334310921,0.3894019434576417
0.09754512308797922,0.6287314401208625
0.5295656271860198,0.33928474076969567
0.6402289473324806,0.4020836944995153
0.5867250313832792,0.06012546837094754
0.43633683310793425,0.5823014561620528
0.4416821590694361,0.2885516642487036
0.5751237260964992,0.23083907874855836
0.17739085617818193,0.5647037116863927
0.5912989474456478,0.4435733157011561
0.692125000291066,0.09840846481783791
0.38054417154868614,0.4515378967329233
0.16361273807736998,0.20042060147714372
0.550285549499245,0.15552822043870693
0.4696919835321923,0.4448776788668353
0.23368592108386832,0.08085610099966734
0.4352334467049612,0.24427280741064952
0.32796800551039496,0.5361166336818086
0.4539441578365203,0.5604013069752765
0.6199496258383903,0.34797458173634993
0.3773055201076603,0.3423707982294533
0.6073005912653422,0.3923481618465012
0.4732178121099675,0.12565603212145798
0.6067554787628889,0.40065651527843443
0.40901237318184525,0.21393429696346694
0.3185574130998986,0.50368475000909
0.5278466085133712,0.3289491471712735
0.3692991372831834,0.5122190871884927
0.49455054286579236,0.19650763215484626
0.5111834799878001,0.441391170523627
0.6254964106151559,0.22887636554562668
0.46759264457087807,0.33862804317343753
0.6841223915241723,0.6619925918790359
0.3693086289542096,0.43675762083720543
0.5070159763091099,0.46413370966113937
0.21028265340409127,0.613642264556626
0.20185978276841943,0.2781157815802181
0.6535775731689591,0.42494034149112747
0.6648932968192246,0.3420709369758686
0.5118279031607958,0.5735463637660879
0.4261177882812421,0.3530297243114259
0.47251989377996395,0.22271043487410389
0.6115354619489902,0.14169090176690616
0.5217140822648528,0.622421401241429
0.10439639702784892,0.11813575882116988
0.47297229942720115,0.4414944769104916
0.5136149537292216,0.5328990383804443
0.6968844433326682,0.1942167200752564
0.29443642416436044,0.38279719594809264
0.5652312553122525,0.14669319788668894
0.013558384553037695,0.36354519708549965
0.6502674826022006,0.027023050611174715
0.5632277883251586,0.48383499117422735
0.4940889870070143,0.5420415102520607
0.6505006114121724,0.4549214975243768
0.6704170292802134,0.6457078635907441
0.4914097694106696,0.6242861995610842
0.5346705414810299,0.36981717134176084
0.49835650830875816,0.28345141789659273
0.6639436396476293,0.639709209264032
0.6442575622634371,0.21558784782734336
0.16457395791004786,0.332668786210045
0.28370097672711847,0.4680906286420055
0.36214809165288125,0.2486694983079385
0.4451978403093073,0.21287261247850037
0.29658706715885375,0.31546883643852436
0.5086898629049464,0.553813960151794
0.6286122658786245,0.33259379908276016
0.5821903953405467,0.02572964863244878
0.4191621605200553,0.4027397230696504
0.5793997413890898,0.1363860652148316
0.6703627180894196,0.3951324764973846
0.43677039859797573,0.2904807277324597
0.43573127124147326,0.14150478420385973
0.5208239418469218,0.08242031217025232
0.12947664780482757,0.24507572742677794
0.5317247467701889,0.6543191468987197
0.6887718903931278,0.1207241828867984
0.5658861377317815,0.08231734159293
0.4902810833454764,0.2862599159708793
0.5399806856582287,0.21737881839515072
0.6860754471123942,0.5634253178031939
0.6202626786008494,0.020776521047506963
0.510073606549357,0.4623176490948147
0.5979245029049979,0.25634505137286356
0.4526702278833268,0.32143322536692204
0.5641146472063068,0.4720354692406763
0.6647287625074515,0.20970365726387297
0.5360036388771344,0.318342420072725
0.34670835325079524,0.40328286015820775
0.17365850415659623,0.46228663083532945
0.5065345649618918,0.5311282057176037
0.6742966657103134,0.22823757843113895
0.235965637856883,0.48976433326755475
0.5960985239181368,0.40795778812631983
0.64360496103771,0.5748946462396798
0.4783868711279925,0.2315832936304772
0.488015515110788,0.3196273924630044
0.42962657115157576,0.4072912624023081
0.20508914442675047,0.5376970545650274
0.6107491827992079,0.4496348517570721
0.1576876690807306,0.30312234687228856
0.6958021938925008,0.35255598694518436
0.476338193528598,0.641356647414924
0.2423186935073369,0.6247495032988615
0.16387550101343912,0.4062149205238003
0.04506659528393113,0.6403633830593021
0.15688914260215087,0.22193839448401742
0.11411293041184858,0.23965863510680585
0.6285378712749075,0.49410122824322233
0.4890773515975103,0.35559908687217445
0.4441156642724076,0.42353012839834964
0.5026566709066835,0.6478127086732247
0.4254712577393067,0.49723493484297177
0.4973342783970316,0.5008960685830877
0.3100068942910972,0.3591362443275885
0.675243912893954,0.6674433614580677
0.6760089713584656,0.49580863911439815
0.4786298123021113,0.31707235552824975
0.49992945821205076,0.19410000004143002
0.17916767373097992,0.5592748281572645
0.5733394197866875,0.5403742536577634
0.4241011673217954,0.27364179683169554
0.25369967791955145,0.698031302151395
0.6375118135378068,0.6510732693119945
0.05053659580698991,0.07802394132959506
0.12994803361193802,0.3740751914317334
0.4732713831183353,0.5249335742659003
0.09674245379043193,0.18228864885585108
0.5823572641958441,0.07548859698457304
0.6576434830995642,0.4845163210540283
0.2849534622008352,0.37984112229305134
0.21655451666400666,0.2640112367458312
0.46545107331842883,0.5155351048629536
0.6854461067265638,0.36192216405895006
0.5363725793014213,0.46847664623886653
0.39815344769005767,0.3209520319545971
0.6119508553546119,0.6122195847732461
0.6579154351381045,0.23784913787542405
0.1521836165931648,0.6974653263237202
0.6546825577911483,0.46373044288556536
0.5794766774680746,0.20485517099171469
0.012555258662322114,0.08564293928809226
0.6389604977101806,0.38545361555483704
0.2892156266961771,0.3956559079826742
0.5261183609318894,0.13986583270564037
0.4648999521562759,0.54406237729938
0.6118729116662955,0.23089694539236258
0.5650352081829276,0.4436022320189559
0.4908249120947942,0.6538005160296676
0.4754703802710476,0.2730097882042282
0.2927842496885371,0.5302814454258261
0.5321157356738052,0.6607230939590708
0.41919972216280244,0.325174566288577
0.46467158377413226,0.0017522308477886835
0.5077285477047271,0.35313999052412604
0.624445811594328,0.35610733555888224
0.25460299601395014,0.49129275648132353
0.38713775716123766,0.07008966694447222
0.521617880415625,0.2660588384147673
0.47426950031027937,0.36450341647930284
0.5069087688337053,0.6250831943283718
0.6200844443470842,0.19845061992775528
0.3418672415689454,0.4981018495117482
0.4833488660353511,0.36826353762002717
0.46775992723585336,0.20364128926436711
0.654763593269047,0.2839300237283564
0.11800165939995935,0.026882618528292025
0.33692512511303796,0.5234934996850947
0.5491736267633747,0.32041799963242884
0.019988671411596572,0.32581568838908415
0.3023798797181586,0.1492727663983273
0.46310047786382014,0.4445333861231318
0.6289882748805684,0.26197166864042465
0.3980948839986672,0.46062576156747037
0.31955032822221185,0.487548223567932
0.5622439491771961,0.26329139428451315
0.5613008108293618,0.2915898397745254
0.5173148566129648,0.0676327760591236
0.05077151616228609,0.03195336346212829
0.4704589248273297,0.433229093387113
0.5074512798154329,0.6858071888969842
0.3179846656170344,0.1755550613805674
0.39867489952616375,0.4541085808924082
0.3905340443503797,0.18171183724798567
0.4233234726348956,0.2742163773251427
0.4859924634654372,0.2404261871568179
0.6370255569450419,0.5139315932976646
0.2744461373216194,0.17787964499314765
0.24237420907038074,0.2711119479633197
0.5527774170138873,0.21294936222565491
0.3148812867828319,0.2611840342279862
0.6726599013517917,0.42061957586586896
0.6044847923759242,0.37691297774098625
0.6561988731243656,0.6368063334600582
0.585035088352717,0.44473908281831753
0.5652898471416704,0.2687076734276666
0.32992112744598373,0.13933835621824986
0.411733307967284,0.46463570181278324
0.6574976026879558,0.4860624589124753
0.6725904456464132,0.5540228160129237
0.24543898314332724,0.6279353794445848
0.6456628702947105,0.4394427465126106
0.4065803028327575,0.4392693787103188
0.650183889020589,0.3972834517846435
0.1713324685751268,0.36040731542669124
0.3400528596023885,0.3546509721278397
0.36476869611032137,0.6037136391015092
0.6877374328968021,0.5631927611327348
0.5874574027456955,0.4968112638555909
0.540918836439681,0.4718773339147335
0.036608539302371505,0.10438467225943926
0.14033858887960696,0.1720953978264745
0.6238254968312217,0.32552561068930697
0.5827247945573445,0.5085524154201699
0.6451502788990366,0.0888304606956778
0.41808976925257124,0.4579623216934807
0.5829288313891393,0.3408069120738341
0.5848151660295141,0.4674712459876817
0.06667352482221539,0.4965817331470691
0.5863938939896317,0.42322102315507376
0.6880625195526917,0.46535629254446226
0.20023665748446295,0.4365156531945867
0.4938149742472107,0.5738938566697376
0.5538794494605068,0.35217182845332146
0.6648879783792677,0.5616524809311328
0.501618155115249,0.6341614452563089
0.5336873317725845,0.11040670347163817
0.28746258905591776,0.6527813880594623
0.5719451116907598,0.5711043069800785
0.6344431423008364,0.2345830976925482
0.6429891822089414,0.18239037976095707
0.6691235267331158,0.07599924469394917
0.137482194165397,0.07010648733952574
0.66952724402405,0.35763626466261145
0.6987151735106087,0.4299081506109299
0.6266879263160984,0.5264941363458508
0.31716864404546913,0.5465044928516293
0.08249443367790896,0.16630077630960455
0.5764718654745907,0.4421018733614243
0.546156834658766,0.181591358367432
0.5133091727656038,0.509904747032955
0.3671601427038059,0.2582428287962107
0.48901733030851485,0.6403537066701867
0.6841410169862903,0.6133685059795702
0.4946550039522122,0.18739205523378477
0.5205628683602046,0.4823341808718893
0.6282946237988247,0.47569832796150996
0.35407417453064793,0.4725531194875527
0.1547822420274943,0.2664304110013519
0.4379889502606025,0.12710508133756557
0.55161433305395,0.3510528873973005
0.11513148577371737,0.19973412397271567
0.4894034509756058,0.34810063381462997
0.5911297264026705,0.4202591205858471
0.5389758504880365,0.20159160274535465
0.36964561118218847,0.13150556267822458
0.436038146804635,0.42540760283489865
0.1888582059139646,0.2986699285697516
0.33555941919617455,0.6868521259271475
0.6002895408476592,0.3177875140043825
0.23755016015813732,0.5041963742966344
0.2574136597487535,0.36912627726753894
0.5207143297318171,0.6471485484333959
0.15140850235140324,0.30901685918605426
0.5149878094704035,0.6247194700334631
0.43205468528846025,0.4730381670891486
0.6760793731046921,0.5357156193363024
0.5522514870072538,0.6879282883283311
0.6868401487852168,0.3069945692819862
0.544046988933758,0.14798386690068643
0.6610188861868515,0.6547325241653168
0.5506827304567339,0.017897565692204853
0.5605308660037237,0.18192613278429268
0.20684686901795526,0.4318256240583949
0.5170904047697906,0.3734154567302276
0.5861366398852167,0.5000036324946692
0.3811806877982671,0.015015397314320347
0.48690729480763306,0.24542346054680642
0.446025149480723,0.5025207579110105
0.5554964457997339,0.3639083860348785
0.5506239249465807,0.48961700692901505
0.2145705642283033,0.598892277966262
0.3249979618859947,0.5235108370817089
0.4658405043323969,0.026991841592623404
0.5845527167628018,0.29223703122703704
0.5394857996759297,0.5628658554087602
0.5259135691824327,0.38791171404908914
0.42943578729914206,0.5515914072808011
0.48956467975553825,0.616865751361066
0.4840528978367198,0.12079209024040845
0.5922496358400182,0.16802221915436966
0.5280148006843796,0.09268426441645267
0.5276655008417893,0.19075709862165466
0.6122048130209051,0.3174889574552596
0.5732326437082272,0.40607409852581444
0.47628723778887483,0.6759182072761563
0.5117405469723856,0.34770752055878273
0.3038617123389248,0.49498584244630395
0.5447659425382653,0.21710707585418165
0.5674142286750465,0.1607430611246478
0.3144437961539908,0.5984700561339515
0.5944775725329782,0.42045368099768393
0.5775418864361802,0.05516061171459613
0.6958456231376506,0.4957632890918491
0.6956602873086448,0.2648145324839632
0.35431618436570345,0.4108484783772722
0.10371123006800051,0.28466710498518455
0.4313331146078024,0.44498572797442526
0.5326968717009971,0.6321254153599032
0.4246275278959827,0.06286553974021877
0.4704491975629324,0.37954887805789206
0.00039667946474939743,0.16225710896937562
0.5058238527894064,0.5359485251772718
0.6608528132731608,0.41098250691734173
0.6264018115799023,0.3677913164828204
0.41184569695943896,0.3274319556762047
0.13292547895357235,0.5271794604238236
0.6931842421034781,0.3531038755721371
0.5496775304371295,0.116695370381058
0.36720043414687137,0.38582740819152284
0.39171605407161253,0.34325006088300286
0.1947331554689796,0.24553287089484843
0.4846287954020725,0.6692764447839594
0.5909773883264919,0.5690026873692772
0.520840038957706,0.43819439922615644
0.16147161906152518,0.4882643619379684
0.26846394684484365,0.4188737919589267
0.1807644777008568,0.42630669075512156
0.6899496419919364,0.6086129973020742
0.08212935182999548,0.007203133724361325
0.5238626980960986,0.41001861994413086
0.526691840834658,0.045478087139211615
0.38116837691147243,0.30265957308680175
0.43742467777517746,0.6544746011861362
0.4877681107847001,0.49265492510530556
0.6323878279618047,0.04480439679757899
0.5220224167752738,0.6382508914388815
0.4894467495055907,0.07403017360977895
0.6438822005349109,0.4825137235612428
0.6796455004491461,0.567266196735689
0.45813639691252467,0.6755818728530935
0.03174642332057795,0.09720370061999486
0.6204084474189749,0.42505263669342613
0.4169636220374817,0.36034727504556086
0.008578375766397549,0.30844149150052
0.5674255701202588,0.3809516687287791
0.6104435075294692,0.5117937613288724
0.47717233964376815,0.08322107655675351
0.45287548735284605,0.42545966179917954
0.40514035062361586,0.4881348040528581
0.5466835778967697,0.20184702608416666
0.6747049234803743,0.4401940722825999
0.36022349051047897,0.6238936663817326
0.47877946176694147,0.2560850680329333
0.48572763043719763,0.09773791288724727
0.33038998440477046,0.518886454932504
0.6097454453857297,0.10338532949582709
0.6454958536276375,0.37862872716659074
0.4316053259951566,0.27843987257758357
0.607158158609366,0.39653644875931326
0.645815904931165,0.4984560222695232
0.24347456797043826,0.5039800542528101
0.399545083594122,0.18873271543654382
0.44078178398859336,0.1493682685103946
0.5256252422781902,0.04022574640147373
0.5166437642056869,0.31324840450687674
0.5167475164616415,0.3157554444688365
0.5516275349019768,0.007179284373033907
0.5026479283981043,0.515457532088806
0.6538499983207987,0.27244201744651275
0.5685331860557334,0.29800520522044677
0.5236987354814286,0.6042007020526355
0.47735937400301776,0.31924948144062326
0.5784783649081444,0.6936753601611599
0.5418022945323299,0.4936043377236987
0.059822404868412636,0.465758936411915
0.3081213673951443,0.3938954831453574
0.4871915756086615,0.08713448594551848
0.3867546178554957,0.30798569302750667
0.65395949000405,0.5545530594548297
0.15544814551835223,0.27861454803873437
0.2917086279039368,0.5402180329982769
0.5161782605357813,0.28581054993171795
0.4026823854533385,0.5985997096586989
0.4486209710864332,0.5527995486976118
0.6185249862147358,0.3121439515141292
0.21125078729864016,0.2841289424594494
0.16607068137025624,0.4578737423829995
0.5076249992557739,0.3129012248488538
0.04246509573747037,0.3105419144789236
0.5731652067968029,0.5503415990601285
0.5981053606935289,0.5097417636083819
0.09699173958745186,0.3485682470901398
0.0929806003192454,0.22411602168561343
0.533526800217858,0.6321101914561398
0.4204774366632249,0.6521814711158926
0.38634339948021146,0.14298582821667882
0.43088515044254744,0.5033026474208777
0.08792719705931455,0.12020493890621642
0.44286580700868977,0.09198605921974125
0.6068341219484752,0.6826393142421663
0.04373084800376685,0.30101097590554926
0.5648547389481278,0.19746854547099718
0.4742154690698075,0.1522369175154313
0.3679149836574823,0.43387286688565424
0.5714906218621986,0.6226970899810497
0.6885772128684922,0.5939975676845589
0.05828787279827538,0.5211082602172122
0.43212914692354815,0.39442833480979966
0.39483071076485343,0.08688204665857291
0.6964907466346462,0.4392343100434193
0.689671431365574,0.4111728409778504
0.2281732533139333,0.29331764169084956
0.5966600526747441,0.5000102738143298
0.6841438952305463,0.41565879992320476
0.4405037885062447,0.5528990260536742
0.5088049737467566,0.42752523966446165
0.44772015625594397,0.22218307607400947
0.45166374642562457,0.598514686843182
0.5441858888636898,0.2555065728695891
0.6521041189558834,0.4180556977945086
0.45275119282980475,0.47905906776178575
0.3512728214817731,0.39461494998988217
0.010262126491471013,0.5736388546757064
0.47909781942897056,0.1541016332532862
0.6226794274200239,0.2653211190027883
0.6817892688851003,0.1146754348725102
0.4507133576431403,0.01629843834174438
0.48087586977040075,0.13902821816021133
0.4665958417082139,0.3769903139869476
0.601226876761024,0.43636921059658834
0.4723411978561201,0.3576035726166479
0.477217602011536,0.11683840831567517
0.39078406834692514,0.3233597389625303
0.4143099221772443,0.22585021927975357
0.17714909400533602,0.6480602856813615
0.4946164078351006,0.44963824140625225
0.5067907989428302,0.4487410974734202
0.16230371443423386,0.6506957293549525
0.46103071010470364,0.3171948482549845
0.4188576278156725,0.28462515777708525
0.441968664521126,0.27527022002871626
0.35419796736686654,0.13568878716536958
0.21385555035876455,0.3134584767844952
0.5683452628212382,0.005464878513254182
0.4045796836220452,0.10793044911375498
0.5249166880291802,0.24071765782846455
0.4733407921866458,0.4231041403935953
0.522265270335393,0.32474365687359436
0.27397037555975134,0.5427555820854048
0.5898477223557805,0.4979095255589088
0.491235517663077,0.2276954985019041
0.1828356941496072,0.04383603395694455
0.05949908770676213,0.2702054999677714
0.23886894129359262,0.5061252660361992
0.678829287934215,0.4916675350078684
0.2674219638985458,0.040780885825121335
0.014665524788795764,0.2666942694677416
0.4153270588241809,0.5467621588896109
0.630323831107111,0.26487185892915843
0.04005982042643497,0.6289876770570011
0.39949958158558285,0.465204542198717
0.4864151790300879,0.03247802685672411
0.49285740707305015,0.12496609175779766
0.2776060142780659,0.42663320655031
0.4462984588941188,0.16227382331182091
0.6306739949312699,0.2859024532037827
0.6616992643617532,0.24512523621256813
0.15203682965403276,0.5293239354577687
0.09872746169045181,0.2106413742337493
0.39997071675406576,0.5619418213627572
0.6966047178144288,0.3560491582921249
0.5500399035419649,0.5995072172330888
0.6173747081652676,0.1079302278368774
0.617273180861533,0.5559508305114407
0.31466845077193234,0.47524211765221125
0.5644388199458638,0.29267927969699997
0.5583223712148637,0.4564378933177997
0.5809020658015315,0.20769029100903805
0.4787280215726839,0.6291231112561745
0.17468889190504094,0.4881104505607713
0.6229736465619379,0.6697041337237469
0.5594227452818114,0.3009289406414687
0.5925047820076167,0.41776001405593466
0.4160417882182801,0.040685579926895706
0.49015386378036807,0.2341179491558707
0.6164100814484321,0.00852962950801231
0.4208989809764951,0.6939798277527393
0.5478307666244825,0.45336753045029493
0.37550481537572233,0.1702842940677872
0.4399515726658203,0.06379108675820228
0.42622852574049885,0.6657527711117943
0.6318524137476019,0.3779433271352763
0.5206936841485571,0.4017703208919857
0.5624337763241536,0.5195682660208946
0.05697067826028427,0.27789101344046535
0.5989451787296088,0.3772287719462247
0.5310703515538711,0.3961386902428358
0.21070285843761444,0.47010607543283994
0.2943341549567669,0.32978278636834735
0.3695620037721042,0.14550984083934934
0.42939959071662614,0.43179357963249054
0.6255864828149375,0.6264965687301266
0.5462096880782765,0.41815727288655
0.36210512369315473,0.3354788846126211
0.611560169033536,0.491144645081005
0.4826136939659569,0.39686671120613254
0.5668868300095699,0.20349206949524573
0.6703238775861765,0.30737263535658277
0.5863666853702092,0.309709480946357
0.4188512744033692,0.6076627803117128
0.1804769875217811,0.30342302641315816
0.43549666688118516,0.3624012275841054
0.47612961592293385,0.08652636039355902
0.38612874854743534,0.15056941832771037
0.693461603309944,0.4674168102452655
0.6097332630036716,0.4198939532408358
0.49825447740701484,0.38842617653739075
0.625921744402763,0.2616359874887316
0.4174776603831919,0.25635603660832446
0.2534801138596385,0.22050389924383992
0.05662441904210181,0.2869775116320836
0.6132657819032956,0.15345992881626072
0.4335675099082765,0.245619470195232
0.5341606138833688,0.15182282831347366
0.05270379674115768,0.14004253726228066
0.5901968558687981,0.5505021095817343
0.6295304815066596,0.44707414232305775
0.598743446188404,0.17283437617947195
0.42394022353381483,0.44626593337850196
0.6134708593515704,0.2645529137318025
0.42845174970938465,0.3464112713104225
0.48872318595369857,0.6545252523166489
0.2058194174634081,0.4236572668535707
0.3930176642799239,0.444642137360969
0.45544911713609304,0.6141751248977652
0.07861275393026787,0.1578525768773121
0.5228836362527702,0.5951839907212875
0.6394707575505612,0.30548591412288134
0.6522429673241317,0.22340053769101564
0.5106005576224661,0.3812504535480735
0.35057535691087605,0.34836282930094403
0.5413749295028494,0.24331181854396583
0.4897684869809271,0.5902614462203045
0.4677092786122269,0.08902870645215513
0.5370446083881748,0.5036019970461079
0.4812566751801862,0.48163781656586313
0.4699383681600933,0.3786905804462796
0.12990660645667246,0.3927615667255617
0.4631234765927762,0.44074704690190264
0.5954190139923049,0.16385289732712532
0.5887276458339628,0.4912811168051117
0.0006014912369343844,0.12674082157256825
0.669116421441808,0.6012518308835523
0.09067897946938781,0.17244353162699447
0.13571461226428683,0.5025218231967021
0.2063340071974339,0.35205524720293924
0.5920649130835884,0.474973255044023
0.5761229496698674,0.4028351651106203
0.34393261784346874,0.5250876632202025
0.5199154164999533,0.028160726654067506
0.6559583591431601,0.5227555911103554
0.5137190586623858,0.47158542687495575
0.5410167139858745,0.4636642252386501
0.6968800380489149,0.1503439395334346
0.6858469182728962,0.3626000722452115
0.48721133265981026,0.6302171829070933
0.45373370716191913,0.5220325717802893
0.6759994551525529,0.4425948799681396
0.5937837144915721,0.030611230739243468
0.5721043401595661,0.4384814247327028
0.604968305910846,0.1840575862521044
0.41414895738354707,0.03456903788499582
0.22977668538823245,0.23828368214977688
0.3810661221371906,0.12940159357472591
0.5365447334044062,0.36996890998601206
0.5183112207523267,0.4279357230660571
0.49602299492129,0.5841185041532896
0.037309320076525425,0.45468929582503337
0.3126400872201305,0.20349003212047104
0.4962937911975148,0.03995983570727231
0.46203702096826355,0.3773832462774635
0.5758136998162564,0.3821085844477813
0.46785696170324254,0.31032223409435133
0.678541336553015,0.6964307390800477
0.5513391509020181,0.3385772939133885
0.46558841567666653,0.020977040663608615
0.570465419884794,0.5587810482102352
0.5852406885103612,0.36698674796667285
0.09971560323749362,0.1276814147567205
0.37057432034508764,0.03038977911057951
0.6879033593995071,0.3142293862602218
0.44606972620247354,0.21205108355862617
0.6638559392071123,0.34451641752639306
0.08134825481118094,0.1360556529946069
0.14470211296314783,0.24263658384146902
0.4725240238173798,0.3005543418337488
0.5241508167631912,0.6587891837341703
0.1616992338483033,0.05585647579216769
0.4204721994073011,0.2847917675016862
0.5647402777756241,0.6020478925953315
0.5258058109568141,0.005470051266449935
0.652188461677911,0.402586615907973
0.4866356973619419,0.19550612437871107
0.03164788000625399,0.18409073176807084
0.4221010789314096,0.437473550680078
0.3624102242088463,0.08107692284495202
0.5186062702771543,0.39362179432769245
0.47203618882828446,0.5655383814311242
0.5334887401526343,0.09680109332304065
0.2870096943696612,0.5854190515821747
0.6724420818973889,0.08214014065739317
0.4245475835984467,0.1956109445478778
0.6878303756554082,0.3547827008316462
0.5309076492931593,0.37256212138369027
0.5119447881481973,0.5730498517014526
0.6518816526516683,0.33164299158492866
0.21226913116727658,0.3043050914071056
0.4439135611980899,0.44688166162017795
0.013125276473935158,0.5013565513390341
0.5454363187156485,0.37664073269101106
0.4947624417693397,0.40502990938372707
0.4171617733131175,0.418144630383269
0.5923890419970402,0.2633382694745773
0.5607607342054678,0.46441436490430077
0.5774159714713717,0.6592328839048321
0.36989504264744444,0.40228766457491394
0.5550580593623962,0.13086952278950123
0.4819271606952861,0.311459004831561
0.5316736380374584,0.5085800725820676
0.42208132307824786,0.20607597860157587
0.6250448750393747,0.39915156779857663
0.5718536332578871,0.0641999863394806
0.5626942558131762,0.3065971136595509
0.6308036259618812,0.3462714911027305
0.5014748667461696,0.2118057371330395
0.4863551384450084,0.5464478928910315
0.4440617783541805,0.37624056811619067
0.4205490197320533,0.3253591875359859
0.5374905373647342,0.5685981253421277
0.21858332780416154,0.5183183519605874
0.48491695494028897,0.22183115749330973
0.4672727128009419,0.5190228508363091
0.14260966411571138,0.6354016571016647
0.5732186867917534,0.46909993058721583
0.5021845778657,0.5409449843394697
0.5659138054606707,0.3482099259206311
0.23986576953622274,0.43027984593875196
0.5516365780593826,0.14638055351988324
0.6060313489337537,0.5228462585732475
0.651239319064435,0.34202597471463636
0.44990308569873044,0.3194653376001458
0.413119788726644,0.18361511585581733
0.4846485715041723,0.4925992930564334
0.5506750430720324,0.3179577193704889
0.42351033692202705,0.17993451092192392
0.517238439332287,0.2910539934556835
0.36594131992106993,0.027258724557024928
0.5095237046908704,0.27165806683380117
0.013783397531716785,0.25785146173462
0.3499323914671023,0.3268329130848454
0.019768134876163995,0.4852598560039808
0.5918370843498513,0.37401368282294417
0.47188369438603783,0.5102653520831744
0.5646616746949498,0.12394174669902927
0.63645018053432,0.41246872018850245
0.41396542319307206,0.43934947698040927
0.508441151988473,0.43807879242802544
0.45797401156378903,0.2898652063995527
0.6741166004893077,0.24890996420597122
0.6441979631601826,0.3009874071291099
0.5468572702921152,0.49583999757478064
0.5230521993620512,0.4607823433654177
0.29966751814048004,0.664826705973107
0.6398734979006501,0.6280562831373566
0.5679910713855774,0.36243514958836476
0.1627499097469623,0.42651260857994466
0.43566751272000537,0.15510490285719994
0.0682315859778413,0.42281582793079286
0.5506119522067082,0.498839078486764
0.6485288947910618,0.16053797681715076
0.5371027440752209,0.5193515315680305
0.4551119548660957,0.12162185311907642
0.5444168926575579,0.4368456270936005
0.48962966701439464,0.13042024859876855
0.5972953304553313,0.01632621669424661
0.45831621966658215,0.09591158091454421
0.32919429917055143,0.20730147265232413
0.1315556244851078,0.5772790148540172
0.5015512338394191,0.08910671831046793
0.5191075963118266,0.45672688601177197
0.684939770306461,0.13081322608153312
0.6182656239234837,0.006943509150586322
0.6055898793200931,0.5580720014567854
0.61361533302979,0.44989274883276464
0.28963960123655785,0.4325143566102977
0.6056528317467716,0.05848850473442862
0.45321235460228837,0.26321640587801265
0.4523257000907195,0.1646372721319436
0.6160998399255272,0.5257709150578516
0.38985591035274725,0.3939785327114953
0.4309797365968336,0.3430889557317067
0.6107954708119406,0.4742089974093553
0.5447200095144747,0.29287597006052124
0.5107876544629752,0.6153607549189175
0.40543375813123955,0.6753253312633976
0.40994295611240944,0.4705900947939124
0.33484533138201544,0.0888228766486709
0.5483449745249914,0.29783296385279884
0.3985622289095211,0.0870126451324528
0.6793581703803726,0.644901891110181
0.19370925450908505,0.3573521000510754
0.43670790302859996,0.2847144706070871
0.6573907999485488,0.6808310136921351
0.47573742942473807,0.014471359837155154
0.5201891107790513,0.022114757340451995
0.5798413308576515,0.5117702855305832
0.37087807045308396,0.1692079705163852
0.3105930758610736,0.35165380453336126
0.14610140424083978,0.49438981269182447
0.6857073648802547,0.30802469875418403
0.623231743340837,0.6808893231877206
0.5786364220289417,0.30617087424972605
0.2030446717937956,0.4366196289044652
0.34761677268426905,0.03767450648867388
0.6846706570947022,0.47755823337076897
0.572445529066307,0.6914773329318533
0.33877565549139843,0.5440782364521597
0.2492525437679997,0.5232799719495946
0.4339520919936934,0.39698691450683826
0.6693797074251834,0.39087578464206546
0.6463060913332586,0.6127549740983639
0.17337402999113033,0.2986887464876738
0.5634901153479195,0.372456920315165
0.5355233456586013,0.4537277684277262
0.6726694875719466,0.5163451960508539
0.5434185865730559,0.5905737701942436
0.674343037946234,0.24893278285432655
0.602752379977763,0.2534583682016912
0.4383402923493291,0.38251321204513444
0.5455380882673915,0.23594164182410954
0.4441899725345369,0.08250481367976498
0.19138622213627576,0.47331297754455737
0.41763559531555416,0.36023253153373574
0.4018859392032999,0.4714039756276604
0.41136202190233495,0.527457689135586
0.46077063966819987,0.021709310649241823
0.6121550355651534,0.6923271237367086
0.45452845056247787,0.0806228560344614
0.07598633265342428,0.3529256156908299
0.584857850443897,0.5426990152435512
0.2417056770275294,0.5280979958714049
0.2603224732996231,0.5150530462419028
0.20241250925913842,0.625752307520266
0.5841430751406431,0.18131978963370785
0.6946319686113944,0.5356094697885527
0.5339423494527861,0.41782257221432295
0.39795744318604015,0.19526445917415583
0.5201482877360313,0.5288372207701676
0.4760695259867841,0.3307612864336136
0.6127980381632877,0.39275807616642877
0.6703346082728975,0.0818846855738619
0.494402005305947,0.3398996181092474
0.47513809827833875,0.6326230785261692
0.5987258116979681,0.5372505311957921
0.324485965226571,0.29179420645612786
0.5805802007717153,0.37576316568005885
0.3918134907974226,0.39047257413577713
0.46472718309647104,0.4812735284383876
0.12444773330081685,0.12927244455692022
0.6293903691333029,0.4676410565534466
0.0685338347996616,0.29209275304257554
0.14431288965249145,0.25959012252450264
0.263185501184028,0.57723813893828
0.031183151405218212,0.5554202827633201
0.6568506539152902,0.2764878820706911
0.60959048263055,0.556011919397672
0.5135394070605296,0.05878217837023522
0.5270684807722004,0.14912174647908505
0.06199095904903128,0.275663894893111
0.5463220903887789,0.513138005598083
0.4816403120965905,0.6610019729588772
0.6284244863929608,0.4468636232822368
0.5114877800459278,0.3812887016707337
0.36569750682199614,0.02199579146088674
0.5820875853781795,0.49977986891116233
0.42126794066306905,0.435146473855284
0.4735706900743181,0.385462728187306
0.4394425193122384,0.12572500547396576
0.2731369104948509,0.051192860386695904
0.6473604261658664,0.5637935844461113
0.5500031295676341,0.3404039141016246
0.0579136816830412,0.39539236770245534
0.5561753297784912,0.6184214570411182
0.5245181938508944,0.6649131251715441
0.5597602308285587,0.16603780188435185
0.5171765758446463,0.14653478309915244
0.5309247112903974,0.5067006343030478
0.42674036035704477,0.6369391007282225
0.618112652542816,0.4354887191477326
0.5204317351861673,0.5901808417239192
0.3813964556785078,0.28553442196296047
0.5998457210758878,0.0802911361563876
0.6018495474282721,0.4643985318586643
0.6675701690091101,0.5661494530617898
0.5038401999271949,0.278778333467664
0.45318886843123274,0.5894943873568578
0.3798455094587512,0.38721392839526575
0.5660913020020178,0.4785004674714195
0.57980142457409,0.4262879257100453
0.2010362720438698,0.3933530081524438
0.49780114940401,0.5325309729692359
0.5164771348458156,0.07369280258536678
0.014796400805770188,0.1491728790306674
0.26001422896980675,0.25488798115669914
0.12603518442010475,0.2646071519650257
0.6256400103958797,0.6363518378351036
0.3206248225310272,0.46035480624339575
0.6649587572019786,0.15420708465396102
0.3849222062456734,0.3810916611344744
0.4741301266045678,0.5774813629086595
0.08899767811442062,0.679556836050273
0.30067068987270074,0.5802494080092347
0.3716025025357307,0.411810555993262
0.4756462296951448,0.5655737960675784
0.05143873872819624,0.1511430870752164
0.47869964951967087,0.09611472372557374
0.5082819781520167,0.391399941484638
0.6648160253706061,0.2871698434480096
0.03321535110896443,0.33202123674575995
0.4835859845729682,0.19966600480380012
0.4512268245648022,0.0844583595969725
0.5995835080028398,0.26391719898881594
0.5371575012725964,0.5181445055909114
0.48824961440483344,0.5655912449951744
0.5922473984083452,0.6537065596740413
0.457936572308577,0.4381777036762568
0.39856517042265416,0.6063237621506173
0.37492228594431476,0.08583202769162257
0.5734773344837817,0.25948885967248925
0.46543257522319414,0.13797557823722484
0.674296743872309,0.23021613126479662
0.601574731224946,0.4208260229284845
0.500318780586491,0.5301607756307611
0.46803379848037346,0.06857473561381351
0.09189896582211779,0.5980247181476405
0.2824599617691457,0.3003580177386305
0.40195084765327604,0.05892728575732339
0.045906633262101246,0.5878211303416153
0.5253431234157607,0.3602337682058343
0.3646740729770195,0.4671615257301776
0.19358942504887033,0.5347774437372836
0.6319758954967338,0.4086793023161708
0.5839866805365718,0.5615965172289706
0.5919410697040465,0.20982116099895617
0.42969502945824745,0.4101456330615424
0.40448987339698955,0.19768014355957403
0.42392827280719325,0.45453174686967024
0.5308665070768499,0.16190834832979
0.4928169733202956,0.694780955708958
0.5510741146536013,0.4299287407382505
0.6651129698258217,0.17406973789830704
0.018357216001678056,0.13477654578630388
0.5584923299174324,0.32389631485248593
0.15964023861859175,0.6300375723515583
0.33705566084287025,0.05711768059342279
0.5633328882544991,0.17628383764816413
0.6404284965521179,0.6484439335875192
0.41544058279653223,0.5400215879152946
0.12862361404275466,0.34762511214668657
0.15801787049159538,0.14057233705101133
0.1628045007503241,0.22911108463699795
0.15165060766111732,0.5351384473355826
0.5196938846513994,0.24658839451108272
0.5626530343794394,0.422473005941416
0.6905971371693683,0.5221572827114677
0.4785480051765353,0.19682364642168643
0.3972026905236067,0.3894679521832609
0.41447215431507733,0.5003929634299115
0.5265680748913903,0.5017037332876048
0.4354155140696374,0.5990059510649591
0.44835714704078283,0.5411848143885191
0.5736627112027836,0.3460738856005329
0.5443222271808357,0.3159264073298932
0.5437557276919137,0.33213487411320647
0.6020263660720441,0.12726753776929878
0.5300981811071015,0.6954741521725353
0.611469645552911,0.6716767162836307
0.45711492314236263,0.04058733747330165
0.5211735590350282,0.49083509810157505
0.3117894146779187,0.05481848547928017
0.4722454452551037,0.028869195258580824
0.48118976376435696,0.578365958717392
0.6704540301505987,0.668452079286285
0.6681890632151547,0.25436448682398327
0.5484551515663978,0.5934852311122036
0.508965013396574,0.5010489250682519
0.6538640095786589,0.46270164282721377
0.6170821054432892,0.33277213327739463
0.07718361661108178,0.6371455824094765
0.2524647180721501,0.48431887565213716
0.6024330629538703,0.5013293960110502
0.4936619553691874,0.18239056217421895
0.22842072684129766,0.06086618182316338
0.12196086509114273,0.6592634090117031
0.12976712917408428,0.3141742012600637
0.48361417700438686,0.570373906497085
0.5888855357476563,0.38253561359867627
0.4067650804595435,0.1518544674984551
0.6594599926522254,0.14549247113093472
0.6421226894975703,0.6238328124818262
0.5962538393449093,0.4168612132217135
0.16391764856591362,0.20384079442514463
0.5378825405923384,0.3985931035965241
0.6052948795830303,0.23570229181500232
0.36145646802227505,0.21627891338903707
0.38813051110912156,0.6712589620997583
0.1065603167555227,0.2519322883730107
0.45628699470514383,0.3834172814011528
0.5221384154855867,0.5074491365506673
0.5167823502964091,0.13212686058372833
0.6028982941100338,0.6294877816784159
0.4203845142468258,0.0038772983322727834
0.43182655359879696,0.2560910214524477
0.5564837368868389,0.5369571932328305
0.5399157469659864,0.3017871673587569
0.13086101037853173,0.4436780380867874
0.6165153877390326,0.2205031112767581
0.6782354137054485,0.1089239562832422
0.6931318532611341,0.2659064665625953
0.5350644973039185,0.31449427031110044
0.4898857933831336,0.06346906361961917
0.668212413778534,0.15047174431625293
0.6155197827832256,0.4399764658638601
0.5903256378776981,0.05608918482731713
0.5926702747018714,0.40042764070213493
0.038081697761691916,0.39736657927585545
0.6463848317193059,0.04014801124809644
0.2215387793664088,0.2893088946730538
0.4719443939695991,0.38128311985127333
0.550195112948528,0.05239267911644788
0.5355460341960961,0.4455107654011892
0.6028228831588167,0.29272264432884165
0.6379829623244804,0.44748169624778134
0.5955145024350015,0.004401490225510153
0.6154085699146253,0.6902817704146211
0.6055724552382283,0.6281871385472738
0.12507631841271338,0.311571915652894
0.248144582411928,0.04158932686408872
0.28648162508942765,0.34160761565280473
0.49312586902292815,0.3558183347454738
0.5626566384600561,0.3561891405644061
0.477038127246835,0.2427814514078265
0.05329083445977828,6.269480821564227e-05
0.5401833377470894,0.30444507562462836
0.5624844198356369,0.12574307156481757
0.6202647895704624,0.5984491984612093
0.5828389281910293,0.36035729821926427
0.3264864370373267,0.6449084837492893
0.5957804487213827,0.28925094828382375
0.538265599770985,0.5343393938438674
0.5713285986207052,0.45515166175911265
0.593160786177449,0.597913663683847
0.5095350137909512,0.2597683609893002
0.45444026606041,0.4666545730205342
0.6569567850132344,0.30000335916476006
0.6349299284311687,0.5331207553836461
0.3781482660286627,0.23609944324014656
0.5876400630392425,0.15128641900506998
0.4957289405627701,0.5345758881332098
0.468596224261278,0.5047139070464646
0.46868749437392604,0.41941286985956333
0.5015637673418105,0.5838255325006158
0.4437951445946952,0.4267061694137568
0.6860284152719865,0.3195327378221056
0.2476867504328396,0.3959825980096541
0.5031379469147181,0.3747587264581804
0.6099219227118498,0.6633034943292877
0.6472602139364549,0.19824264392741953
0.4447917444244854,0.03484523554594833
0.3640202669592577,0.3671322773148538
0.6482980277817448,0.4846838319755813
0.5773634132709007,0.4603881702921372
0.4832614470704034,0.12277282957430267
0.10081598128653163,0.42926140537777857
0.636113461621836,0.3118811894630999
0.5229248165867911,0.37130745400705356
0.624833055130559,0.14677228603993508
0.5930852904718933,0.3254501587398654
0.4925233427121475,0.38532810357890157
0.4678336687881627,0.38571852946412016
0.18876238479432092,0.19457825471616644
0.5851806542220416,0.32812636165432
0.6723795112699235,0.14296832769042966
0.08632985211169658,0.5816724325733402
0.597722034767671,0.181870236776386
0.6565584315250321,0.6374400757262945
0.6925714402901738,0.2556086562121266
0.3906600154688369,0.4735411442906064
0.6649146041955942,0.5287472742301309
0.5208852555497612,0.13298489135266628
0.5389054669880204,0.18814002920039263
0.40873476450491253,0.30126219192162335
0.6881831562341192,0.21577539733568013
0.635706550705403,0.6913544855433831
0.4257205657232164,0.45844407079224875
0.45580713894517144,0.608360707573693
0.3709793048140387,0.5665592429366625
0.3963518616879321,0.3519583307914294
0.4105091150219936,0.31791603612043356
0.31923325253579504,0.183228518627931
0.498880423148923,0.2048774453914694
0.6661847037219203,0.5177176406624816
0.3909712985991827,0.2832268958436507
0.634576397961885,0.45062125117445706
0.568883580754247,0.4177477693656821
0.5339341195678413,0.36487211782206413
0.2723598583036615,0.36936601266902747
0.35477547088082473,0.5721722876421321
0.0719832471785237,0.6392773924246695
0.597407224490005,0.6678664789226556
0.4400949626792913,0.4597387753741896
0.4865318931230877,0.2965857689374962
0.03076138907609608,0.09814502215088669
0.20925992778368785,0.25549778604731244
0.6168111502122641,0.0957979772835244
0.47881704772554023,0.48273809388177424
0.6353842209537542,0.6961242763074144
0.07670134750612727,0.21330980408372943
0.32662919462803547,0.63524546634229
0.45379344946005346,0.3420247995758176
0.5217007005300459,0.19274694511071455
0.6989083453359771,0.5793385652472731
0.21324818996494557,0.32999237556817035
0.6020402529766276,0.3454065068542822
0.27186752399235004,0.2532296555112029
0.48459574112896336,0.31167558768206827
0.47955648758317715,0.07475225478511
0.5554962769701386,0.18372849516770995
0.3389064311621691,0.3292264675036078
0.5587407585030181,0.67869629214894
0.6624208330391613,0.39773257179814664
0.5559340134840749,0.4109337523426372
0.5419747274772577,0.37166067878267006
0.5535816652993354,0.6849609925622852
0.5128963680533958,0.5646285457050749
0.5606980701562813,0.404061947020474
0.5990101096504186,0.36150767127612443
0.6292231491584076,0.5345918015617681
0.6811465508326326,0.31927910124107706
0.03570707904970373,0.292912990827217
0.42403792179748245,0.28331973086901147
0.6370541406354783,0.5552246477955818
0.37717161167773333,0.5674895854477027
0.5906189629149169,0.4036638461815369
0.3978593883587518,0.5301272222727573
0.6068641271547348,0.6132181876927021
0.6237332677836745,0.3096616672846872
0.6128260778207232,0.40184954903173015
0.577810173755452,0.6927360220569336
0.5995380053133887,0.5322353596445126
0.5400774631588923,0.06183708544983347
0.524905180038252,0.6529380651175825
0.2606607192510399,0.5271867336581972
0.5827273031978805,0.54704571085817
0.4094590392497216,0.0830919611931557
0.44937586508498695,0.5841167896756552
0.43642402578304507,0.510930133708087
0.5712987972892044,0.12582604024636768
0.4415014837683258,0.29099221692600086
0.5560053867551327,0.44672315572651533
0.25970674935447247,0.1054895867762839
0.6134782867298125,0.22974189273221163
0.15992120093917303,0.2954762898073496
0.47725408563354055,0.38142010400455184
0.6687561896654142,0.05744964661402726
0.5101541499425971,0.40437354286161353
0.5518473492633696,0.5954192267442513
0.02615255465677383,0.24051076271535368
0.6481406124054768,0.5734379322690163
0.5221270609528303,0.6251823109463167
0.46831929962280777,0.31035147092405624
0.4552263990882064,0.5292363313472009
0.6503134189101644,0.43947006225983065
0.5307668810327743,0.030788102762748265
0.06445298720112336,0.004003588605605561
0.40441562942159,0.3960218126839497
0.5949313707503913,0.222818031361004
0.5132652546862003,0.4212950524873331
0.5445417761813677,0.3064348854021018
0.560396012473151,0.3715478759038052
0.5860067369857477,0.3661295308528239
0.3623298658376576,0.3836112415176574
0.07835375345919199,0.6508110430452052
0.41781266662762845,0.5609721450053622
0.6316032922965826,0.4046196766601088
0.5850730029397279,0.4579769289273732
0.42000961139256254,0.6605731953998082
0.4200130512745527,0.022485103499591867
0.6628000903446172,0.6073028775582902
0.5503368404238643,0.04221404930952048
0.36080947856501544,0.6265481253882942
0.4080642182158155,0.5094120033047712
0.5745181074427235,0.5261740332670897
0.2533138142932688,0.4466884369406877
0.38824235749281555,0.5548036432013475
0.4248519099292919,0.37961524293911375
0.5483586482401962,0.2899533825784764
0.5111357770554706,0.2690859530300189
0.5054601241638965,0.428222793394428
0.4512533401119484,0.48602038191300073
0.35444829644729836,0.25227922052265955
0.02485560744260424,0.2382456576026366
0.23227701316290178,0.19174961646359953
0.5151223951765056,0.220925663311139
0.4459226735352489,0.13405812853630145
0.1653601928660821,0.4474851241657092
0.42906648741507275,0.03384343974562636
0.3886240793922946,0.508237289172498
0.5462023002213385,0.4797345418351239
0.37059435290063214,0.21125811231725156
0.24208241750495677,0.30506497505683
0.4824673142594671,0.46063664110683195
0.5136852317144093,0.5301163656521943
0.06040552835340414,0.17564585696901375
0.5599830665740895,0.37550315208404117
0.1187463880005546,0.02720512569728262
0.2794335371387997,0.5831396841954628
0.5820902090112523,0.5939749886787911
0.1011889348645693,0.132637744278592
0.5337995196013083,0.3458023570340043
0.49517285274522804,0.1422917391178829
0.09758877434931837,0.5105865959230302
0.4129520439837866,0.005634371039463685
0.5768417983247675,0.5264855480319115
0.1526207204430714,0.19772536710125688
0.5839072955234093,0.417354529145863
0.49212932902808154,0.08822830414901234
0.4557528162814997,0.20427101862497576
0.44447011651762003,0.4314261551821953
0.3738354598626837,0.6012168954611359
0.6035346562370308,0.35021927433991823
0.6566431149452614,0.5729881832825549
0.581129351735058,0.680013482115998
0.5999798463879863,0.6432907128168942
0.4661684039484828,0.03674936247223724
0.4059498832318993,0.5270465772223665
0.29206236792265905,0.5506375161179146
0.09767579036104382,0.6337007572540071
0.4446646126833702,0.5602342865640737
0.22874135575511884,0.3547448145273621
0.5352888168919234,0.48344840051011523
0.5096334616174503,0.34217390458472957
0.542066104849834,0.44820800039321185
0.37595654119899025,0.2703937694242937
0.5616115255450758,0.42778802747778066
0.2796664276073011,0.5763811937258899
0.5762460279939772,0.08192726223635993
0.6125269666793361,0.26425034159327676
0.3573229391274663,0.15622517354319954
0.5714988962059379,0.5637287750783188
0.4704248750699203,0.3854880783477748
0.027599339955242788,0.24667162184458225
0.26297401266479736,0.22962490846208988
0.44487716813612244,0.40940993859641134
0.6480956087833446,0.5126285098382957
0.42756756881356045,0.11553211767518981
0.43677534966269504,0.5387012483896252
0.05060759820841009,0.23438441532511034
0.6633798361552671,0.6210479413246074
0.6145541731111615,0.5663224681212651
0.6525102933656812,0.5262078450464016
0.44173895051733936,0.3728247441091741
0.556136474331077,0.2232262247162446
0.6060814926466904,0.3995354301631827
0.5932783069398695,0.5472244697168116
0.6247587979072483,0.5438974381020021
0.5752808595176103,0.5588735374954104
0.6482387000876279,0.4719286520838895
0.6508173959438407,0.5403263303486814
0.28347976698812505,0.5360502314778366
0.5208010225182206,0.3114345979552316
0.6695472521159066,0.6156584975609493
0.4093267298588758,0.6462580352774384
0.42800746258331956,0.4634120901478101
0.47712482751920177,0.42511949526610676
0.6542728600677097,0.3157144905545851
0.5312964353058972,0.4192527155339938
0.18257742935252813,0.22366356397358533
0.6141111115922777,0.28245629386827636
0.6154648549153056,0.18586013636394175
0.6885933019858816,0.2800182345673515
0.12314744382472934,0.24087791281387014
0.6017795359774273,0.2660655192370926
0.09946862143361684,0.42814466610207175
0.379791820954109,0.23430308672810332
0.5039531950508178,0.4947581990368504
0.4113288382263732,0.28259763652440595
0.6334676650528501,0.3429296429563353
0.5034573889242937,0.3461558810068162
0.4855945003051153,0.35602972089709145
0.4635998913620797,0.5086530078155297
0.686612354024606,0.3900082496908474
0.12915150289186536,0.5077031585284022
0.46923263080350075,0.4936078639085027
0.47870345895565747,0.005477239680003288
0.6591272779993975,0.13388571453399273
0.43875525324951387,0.3687359110282797
0.07155524875359756,0.354290475261218
0.3889227016939347,0.5343154518238225
0.5049505143814962,0.41533575347376595
0.6925336477435733,0.4757559584197628
0.5959963053403495,0.3663186532942457
0.4081303253458016,0.2641194632454635
0.2834804720933346,0.5425299664353596
0.0654809712209099,0.25139014478346233
0.36580654161587484,0.3399631251869945
0.5598297318101172,0.23205088002052818
0.3424799534857233,0.27202349767769163
0.40134511650935534,0.3849283225780386
0.44650386745933496,0.4153774407677867
0.424006753289181,0.43073629084645493
0.5243403091184092,0.05788429934445262
0.5527225831946166,0.4265882545036867
0.03196640252953621,0.5445747510200638
0.4516556338942213,0.24333702062172413
0.5839300016287172,0.2966937467799381
0.6845155722013307,0.6642240715767097
0.3672983794503156,0.2794457002145023
0.6461572337284871,0.41445873678497847
0.4168952215762029,0.43643053563546585
0.2872977714874335,0.6069489594794995
0.2981532193780913,0.2577513316446051
0.4370734160850618,0.2814373961178463
0.21134962446016756,0.25347371515854494
0.36370783184530986,0.5365619834330647
0.6051328411878858,0.5236754234244394
0.562235155301724,0.21680503539476165
0.34896820292542985,0.3967891890106209
0.35104068627518903,0.2774237556270197
0.6665223308463831,0.6236978558302966
0.5553684741984133,0.20754563618687494
0.5680237206437746,0.5881280704012916
0.34793269055367876,0.5133124869424129
0.48638708550666565,0.27507789595701226
0.5591549544329832,0.10532408926781048
0.3742175053561786,0.43610708912571655
0.2790545160236245,0.19580644106328804
0.4343991519931919,0.44725757779389186
0.6335782918990939,0.6619142405549535
0.4896334706684516,0.4428090223790669
0.630894502979492,0.47015548692895104
0.48182692834602603,0.21096239659033555
0.45072343212514315,0.6705907350855935
0.6355961908074438,0.364454116884764
0.2094269893570186,0.38893284221258473
0.20047506898037454,0.4806256617748876
0.6151472154303232,0.42513412338186457
0.4868647146991347,0.16648251301438272
0.537579830241067,0.3678993171688576
0.2535045935841298,0.34488739095800724
0.6549783022212691,0.3899350022207895
0.25998958133482636,0.009254682924615124
0.4985547192718737,0.3021424821366795
0.37307185543915833,0.36189355412182395
0.628342603080297,0.4410538135047071
0.6234936267550478,0.5457303021944752
0.3408662165926773,0.3507496796713915
0.5193126359450572,0.5286469074607201
0.5271012689069584,0.19093077326761487
0.22536826327236698,0.4467635876116564
0.6735915054165854,0.696774006672143
0.12337757737690998,0.4062447917262679
0.5595424188492891,0.6991744438983685
0.6483934268323217,0.09929618871860232
0.6117734034906597,0.4844388930636578
0.4290546821658153,0.41603523066882714
0.04995462990078803,0.5177211411109477
0.3068567171976081,0.5242179469511474
0.28824931021207084,0.4852290697595693
0.5944638824518211,0.31939044323729593
0.5691438109028898,0.34114963081333866
0.5689368429331908,0.13488534443455363
0.3018005128087991,0.22090991280391586
0.37946658821203194,0.5010063585713337
0.5337063282456433,0.2374428950401103
0.5124555536640988,0.44734070464258635
0.08931234826246469,0.07791962408555055
0.2525631783280927,0.3476795933226701
0.29008073721560457,0.560682108815159
0.12544520192281625,0.2992947003318092
0.48497589871033947,0.5293330973448911
0.19953147887759493,0.29376749134874763
0.5215714304018547,0.5401033690080198
0.4846942154298935,0.46313602863647413
0.684923943575603,0.33514371175746416
0.6083769925019242,0.4187582273374893
0.6960577241681776,0.45422481348688015
0.23832251845226363,0.47962898428281253
0.3897638658951808,0.5758894748272383
0.14974694548510098,0.5928049821310432
0.4092662003326036,0.574055090082198
0.3450727846347419,0.2827444209860275
0.6201613550848278,0.1991787936637217
0.6642618028494567,0.20115836441624585
0.48218269971335204,0.353589796829032
0.5035004637648691,0.22150596234787584
0.34022316148057413,0.16600612054579722
0.4900165560733521,0.4324653773603704
0.30485356130506386,0.26957184924575306
0.1237103118284514,0.3138441250507442
0.6297130937733195,0.5846335063881062
0.022560914252898835,0.3214299166572564
0.4568818756384097,0.3811478222412665
0.5154898126323669,0.43289277994821135
0.5872669228945789,0.4308723016246324
0.285033553083751,0.07520077834738498
0.4145181704803903,0.41705301417259494
0.5630905464498106,0.4695232582759159
0.5110603108433216,0.10862977551297756
0.4424395757206443,0.2736767258430295
0.3714837448627408,0.5668422060888532
0.5912907819821198,0.46505561058951844
0.43658334895744777,0.45365911210393306
0.6389518933277184,0.6466319205289124
0.4366008685523809,0.4146726090808796
0.4194486553105627,0.5386664294050603
0.36145029378983906,0.04473272296041513
0.6218421242190901,0.5201513683079039
0.37432900188066465,0.019589588612644426
0.019713521423255165,0.527539577734644
0.17350255547287402,0.19756418503938647
0.208605925484947,0.58653385382322
0.5369253648172305,0.23116363553351738
0.544000115120189,0.13038027989702958
0.387776750761171,0.50383411693954
0.4390047773510928,0.3986433250249943
0.5070686718142026,0.3625968632128077
0.1575640521134197,0.30423474778015464
0.6347906571707738,0.5100970665682981
0.4824751330674583,0.28748890830717616
0.3984205901422398,0.1535932217689414
0.27938856990819044,0.48912165449081013
0.4389856214145295,0.10472233613870022
0.6855887403244092,0.23950491259696502
0.6677956141136865,0.5393515231819964
0.6560833682103157,0.12124650846612996
0.4320955382394664,0.26751876261848195
0.5505935111883208,0.5612984438432689
0.564257690820831,0.6752278067671444
0.4478974839335134,0.22982615038053128
0.6439609154968817,0.033533168041904454
0.5013591031082324,0.527103230964124
0.6265690689708372,0.45163442313947777
0.19362597318112734,0.20211337126249845
0.4494691763801619,0.42883548679257266
0.4716018098005228,0.2935448331053061
0.6573308782494569,0.4854145944768002
0.538241152618051,0.4356052149603594
0.574796534016702,0.33112391241108763
0.5516892348501683,0.04972600505934785
0.5485256343885205,0.3258281620404451
0.612827573304944,0.5764226587947308
0.6399016206895989,0.4357892151326716
0.6742354534014158,0.5033591402953482
0.5952301260069957,0.3851516286697663
0.14190399842971024,0.43261280440439587
0.15928749404446502,0.2725924124586008
0.5553884592143409,0.44644283195599105
0.14122261220511226,0.2947586388477387
0.6254630515110804,0.028038175693645206
0.659378231092845,0.5510134943195377
0.35730212061615674,0.3675925707673061
0.11722663051366948,0.10700695049839447
0.24940978540147937,0.46793092516542634
0.6871646879070071,0.07042483469722402
0.13543724984183997,0.09483863151744967
0.4685212574629601,0.25572803652458864
0.13377529761853396,0.22561371217681836
0.5807787724826716,0.5136141886169305
0.5207255459061129,0.5902622977373806
0.586099646009083,0.34605019287911365
0.41063176067057383,0.45122730921573884
0.6601151919387344,0.24614075435189225
0.06783221757368382,0.3549475603498232
0.6108594092673775,0.34543536648504325
0.606711408524113,0.518580044345094
0.08003923028587025,0.3314576198157032
0.5498566595080845,0.539855557037391
0.1266057427618842,0.33833258736064104
0.5850769658050237,0.37744554797329266
0.5899442806194204,0.02912704511194651
0.6141465046572535,0.47355748993481256
0.6507406408490328,0.0074469647669047345
0.46734731801759766,0.4701646566369641
0.6222760314051412,0.000789041369370358
0.6653279962361165,0.4590191611320435
0.4907821049405182,0.6045912877230718
0.3464585010552297,0.3482600560153568
0.07912262380705445,0.4026406019174076
0.6905336574465916,0.4329291112128103
0.635487574395763,0.2365541340632454
0.670708851706996,0.4985598212723587
0.5408560552198113,0.3927064256336588
0.43142094376854995,0.26841722691704567
0.41400570430005723,0.3943450369008819
0.5265908776276952,0.6094662929458073
0.5304456939206765,0.4593195560369588
0.4401495616392238,0.45763931953086423
0.13711219808929664,0.5631673624344965
0.696899185862134,0.3027042391141769
0.5610387931993106,0.15858794591516556
0.6444668401251159,0.29353863099219946
0.40882243879913077,0.532716723465193
0.46470770576496395,0.3681684932829364
0.4756899159425648,0.5898963495913655
0.11651326100227644,0.4719517288841206
0.6381648343723343,0.41571116668533636
0.5620617306558522,0.5378613836186689
0.20425264737494359,0.43181396853850035
0.4381867820474632,0.6392184418028293
0.5093195242743187,0.48897277850660553
0.5236507913830178,0.14058632282868316
0.03685373039623481,0.03603488623503798
0.24763614040140325,0.321216918815031
0.18166044320947314,0.02537668344236177
0.2792114856081113,0.4032031320817274
0.5747394486507317,0.31051599776562555
0.37331872198534455,0.11723248238439064
0.3058275345480961,0.05158189945857898
0.5087954052989696,0.35911901193600837
0.637955111633909,0.25481506329265047
0.591419461423162,0.16281365353863436
0.398863468734283,0.5729888592233192
0.06331569655611796,0.01701677235206331
0.5307632133590655,0.6247948185655599
0.528481276186843,0.6700187133900091
0.19879034709497712,0.13198391115689787
0.1486051215785258,0.4901045300764929
0.6770260424294816,0.5120529826272482
0.5975307940249392,0.422211388931616
0.5570281315202018,0.3843686116630171
0.4682804103035732,0.1855708793438704
0.20217028941743967,0.6436368490566686
0.48108730644990605,0.3163857823966886
0.34773916509907027,0.29082775982327913
0.014947729590837707,0.22664546815947306
0.6958765099881148,0.15475496195288577
0.6114458590065285,0.5455579364533613
0.5241186103121375,0.1982767819999527
0.6456016387869242,0.631401664189231
0.6891939804415447,0.5196745313597431
0.6305118435484317,0.2706241845696391
0.39540260874651256,0.4186871748099257
0.6450510863505375,0.5803035665010644
0.13082282145249244,0.6675839160033058
0.39681188787759175,0.10621006875565357
0.6338180929515886,0.2979127695392461
0.6519634298438135,0.18766603105186574
0.4297398924912902,0.4848836971086197
0.585811256903155,0.407305009097785
0.6699980445015635,0.6148982540138973
0.4258697040803983,0.15524840231034598
0.6279232226841098,0.3732275666084251
0.16146964247745255,0.330110870219154
0.6682383330100294,0.5494757487017463
0.4413840670625696,0.19446495009371595
0.5900990797428669,0.4924889017974043
0.5244586338021384,0.3581442985994326
0.5144673075086852,0.0004838906663114234
0.16957808316571585,0.5229206638907077
0.6553004290583851,0.3562119530364766
0.3631226145916979,0.3139746451176268
0.42395797475092567,0.054480169179783836
0.610474377360716,0.6596166037880423
0.3922203850589361,0.19932505110492232
0.6759745639051752,0.3870729992997717
0.4287955825349728,0.36458696664934764
0.014468459440727813,0.10740013866366499
0.6502954152295817,0.05369433964512069
0.5511271397168247,0.5887308616846242
0.037102945441790616,0.25169135185710123
0.14071206987358253,0.20410267991945308
0.5072909932823052,0.14251806598263123
0.533425487408148,0.6815263163146059
0.39914352767679256,0.4952561409861773
0.5796063683945016,0.37497670411215733
0.43478314028952153,0.34518936995590876
0.5775210642964578,0.13709629081234107
0.6640254018167512,0.39466516619191006
0.528403132578443,0.6590880395267954
0.6631450812981025,0.6669104428538808
0.5064098909863813,0.2881189759679107
0.39479382340605795,0.5117787039115272
0.08228813879966196,0.4753221960251168
0.4359771387052848,0.41248774942922556
0.6728300996545947,0.3914928659109113
0.33688010840521054,0.3760851342978904
0.231447524784347,0.5145247866928311
0.5146484846682506,0.5240501959477364
0.662352647621156,0.2650925230067842
0.34958472428266213,0.26108049053590565
0.5156845245310295,0.24287997860689425
0.40464518044814884,0.5424721634833389
0.5643532483423777,0.4615217996127608
0.3267878817228787,0.15751029996783245
0.667922254639431,0.24112797146707368
0.4209667919271413,0.29439388322877236
0.5396049583393838,0.4326582545080813
0.465096067857294,0.6052600333167564
0.4453388748030285,0.4191825093985202
0.6098919275521494,0.5844519805696358
0.2649669902026855,0.13607599920840568
0.4993558169256406,0.0686594767539907
0.6410837963936783,0.25621327755448553
0.6716906639414847,0.4126294172654781
0.5605616793885508,0.3487979579694578
0.6291087644482064,0.6648613124320579
0.6494988214140848,0.3858978862939425
0.47954789767329786,0.4255307200088461
0.44992247674099006,0.46453113023240694
0.3884056981909424,0.2169522502634628
0.6231197889019964,0.41018843876756883
0.2575725880137847,0.6283983132653158
0.579018587097925,0.033340662119359925
0.11436669544925925,0.2183663741539602
0.27548574747946397,0.02866982946288238
0.48708094108587857,0.07131161583151463
0.2548461555060652,0.5653212826753595
0.4046240652404688,0.20777280471721477
0.6461858976360596,0.42268993474625316
0.35482425521104644,0.41148291757472755
0.5950580790481936,0.6724758288471948
0.45790309656933864,0.02363287269104286
0.41622496095525074,0.48579328290546225
0.0447220231212957,0.3984649161641592
0.3012918845892112,0.6120943670388181
0.35501144855782657,0.3203003932964516
0.5568402595764637,0.4070826067749296
0.36620338420898807,0.46944913153433643
0.4873397287202208,0.586694222106693
0.568007924357209,0.23130888718429418
0.41320168932139356,0.6841697096111062
0.45078934019133743,0.617506665231589
0.6053138403690556,0.17301415127940534
0.39067152031614255,0.38464510284955244
0.22205650255066586,0.6102035613254829
0.4823650676619626,0.41701551753826355
0.44568546659486546,0.46565609900577437
0.5031346899065466,0.5554357459881409
0.4052677133281006,0.41210305506964734
0.4589055406888859,0.061148686153295856
0.5090630888447943,0.615327553406361
0.5858537388123998,0.44363876381585393
0.5859876350244666,0.46822444173204886
0.2444442307799134,0.29254701556345664
0.6008181959646826,0.18033279564959911
0.18332518014847127,0.33137318975254343
0.4834120993823763,0.47926036026683655
0.5314869820636783,0.29537741821619506
0.5704679365456037,0.5094328358495603
0.5581464179830207,0.19154532929150136
0.5585542824647681,0.5732552327759504
0.2855704891788315,0.16313610349222357
0.5122234249695321,0.04503139662829028
0.5600722353976356,0.3725601956640223
0.46812443266926496,0.28632521340669315
0.64055468738556,0.3966252957755257
0.15909044278516699,0.30720809260298637
0.6647880278061512,0.37824946287749067
0.5886455952167855,0.6211177925952083
0.6137346491426436,0.33871854432402493
0.6801345207984967,0.3258860998843459
0.12744251963786218,0.12181751948214377
0.3292031462058282,0.07899026313555291
0.38888102067758024,0.4752447315667465
0.31474849357964735,0.33396523355088087
0.6456967728151388,0.13620382997447097
0.6437852368046655,0.08344386389094625
0.26772425563325025,0.4977340917689984
0.435652978976537,0.2206361852704339
0.563411673810058,0.04536758409198893
0.6396921295267756,0.5249812965002848
0.5623716590348942,0.29173167482128337
0.5963996291483549,0.3743384653276623
0.14651253742741618,0.6882129908437846
0.22971955196771793,0.17025396124134645
0.18590963370217428,0.3612213748767108
0.18476746132532587,0.004123966329353478
0.601616885704905,0.5857648655851124
0.648103706559264,0.6699393535297342
0.5533552000296563,0.29050126029086687
0.47527462622089356,0.3471684091371616
0.5235662591232676,0.5070260876026443
0.5169405619535058,0.4549916099962204
0.31596428086624573,0.6028585534301244
0.5091722339197683,0.6218562955255922
0.4607101943768342,0.6480282122247762
0.5628742104816422,0.6153804679711803
0.5690580981464409,0.10739572445207662
0.5259634977165045,0.6488794108348311
0.18879493811270653,0.4962536145126032
0.3378365114285211,0.12296084460190033
0.31839076318660053,0.3725363385197142
0.40962343426973985,0.03283662696021312
0.6756763244901397,0.41947539211919865
0.16256857161438049,0.3451134512718447
0.4153466943799682,0.5356710114170805
0.4396612587173408,0.6536026847236008
0.010693358768451573,0.304326145579416
0.398336077997571,0.31801652861925933
0.5654833930545254,0.31083912139189623
0.6121999756472957,0.08529151679801948
0.46683700466171174,0.09438929729119902
0.6821491790992721,0.07222633072346071
0.34679867301396183,0.6171906602415238
0.39957711510794236,0.4836604939124812
0.40880074013073786,0.4872858525746035
0.6445565746640585,0.31239157454577415
0.17011611574221178,0.6365397349190212
0.5908908781572931,0.6587864869864649
0.5048513659495254,0.660512560527075
0.61613957537016,0.5198833467930817
0.2945162458874758,0.00955794910869914
0.5794166054731706,0.5310094463280242
0.6633565343974804,0.26737447816449267
0.5309208825213819,0.3414159221697785
0.49615793763097227,0.45890526017872785
0.6846090034161697,0.53868619394523
0.07781429120255247,0.36351314533132795
0.44050647312738767,0.18368239834902778
0.5756060825734857,0.2711282723026338
0.497675343224615,0.23113385685556864
0.31631610315898784,0.44903194022323184
0.6492436023503932,0.6909072075672825
0.6180583957416024,0.5742619975326083
0.31238729131274356,0.1662925068796817
0.4837176589601929,0.5141044172721879
0.5848947653180524,0.3426782330465803
0.12183303904493581,0.4189905060382797
0.3477359321331817,0.23739641266036704
0.4286969648659089,0.3973550628847765
0.6826453629171743,0.4121688411862228
0.5592786886764154,0.5512589915790204
0.6824098799753404,0.422523492558478
0.6202647789823682,0.3006634342174628
0.25303852972165314,0.33689156854924773
0.34314152722166513,0.3711265404548209
0.6981672523290151,0.39983238128772214
0.3879915905672166,0.42990890827767375
0.3687363531122557,0.5272867588439515
0.07328763874817582,0.33937126884549706
0.6744878734644342,0.4068720711321871
0.5856405001491186,0.24586595126930044
0.4133226022289867,0.47651735490714664
0.4114133285038299,0.025560349981311414
0.45220815620698246,0.3859484424030525
0.5814569905052885,0.5683354380382355
0.2080872999331358,0.13134665155420122
0.5884519242070718,0.4282640917328301
0.6352134009089465,0.5629726103394349
0.3577359481262632,0.6300935576759439
0.547340762129757,0.33321334482210274
0.5570407290402493,0.20794760996388187
0.4151829351640994,0.23455669613067953
0.5263487481578931,0.2816650917686091
0.4122769183801498,0.3724456627001713
0.37433182238612794,0.5398351658297331
0.14797964327059027,0.10456856147376459
0.1972757511612188,0.5211284724923102
0.5364686424571798,0.09691325005256231
0.1463122001527775,0.3917474900629345
0.5560220835409129,0.6280862782876238
0.48587989919489194,0.6123519655240744
0.6801886555263991,0.5706239288034928
0.6058539524965164,0.35227632488139227
0.5037977258313403,0.5107881366322905
0.48255167300450885,0.27276317289202223
0.5655228899873693,0.6281947461092054
0.6872197644990121,0.6852431514509336
0.5399437605842138,0.2771014175726056
0.2918752269722961,0.35345053131848453
0.613748889095792,0.6756923037947526
0.3938512128637578,0.008363572643468473
0.546268508868966,0.5272191682184333
0.6642839763772792,0.43058462878344844
0.48243547056115194,0.198089559585451
0.6981553640005964,0.6717859421458193
0.5529967250759806,0.2570354443123949
0.6413987599149928,0.6169048026398503
0.5544572851097249,0.6569315331159565
0.6970034353122233,0.25789210207924723
0.6412459697037685,0.4009676293911855
0.44758195641219906,0.42549077767348975
0.3137123144948357,0.056078698955321735
0.4656151155336581,0.0852858807095838
0.5528361915308272,0.0896873610549879
0.6197757732267541,0.3789838425087132
0.3087190427049622,0.3868467400365481
0.5120031324611265,0.26523246728067845
0.6509682151796006,0.06797815430388551
0.19365794184490917,0.2926942138685526
0.5527133080097323,0.07038650762717451
0.3744822952248765,0.5879105126828582
0.31591018016799755,0.49980068860808063
0.48501165140679237,0.4977286649095006
0.5952098080704539,0.5858253726965386
0.4259462727399881,0.3595015423197045
0.4967738029951819,0.12226055192478731
0.5189275578618483,0.02097181103561753
0.6585520622121727,0.49598000797604286
0.3419989480772106,0.39046025031447895
0.5196906275040905,0.6769933980568708
0.26286262446023495,0.5406697203295219
0.4065891384611754,0.6754372505223392
0.6362097342194093,0.5359965318781483
0.4483191904510473,0.3511359076263586
0.13138756530254975,0.1946616815019607
0.41934081676418433,0.46923470541694734
0.604782506376947,0.3015362866446632
0.6106260588889139,0.37900229977363664
0.12767775404489734,0.17991084603245516
0.6372525724171201,0.6048842542801577
0.5647787943965712,0.6371099762167642
0.6541978538423356,0.2856899014416756
0.3690571788889845,0.2094373531527619
0.295128534004187,0.4034394389622074
0.20578140021027064,0.23429004475955606
0.10370447059764767,0.30873186096955696
0.5905808354623124,0.08081163717770504
0.5091735498339531,0.39057521852145793
0.6377594459568948,0.38815484732763517
0.6372910788417575,0.32957277285374426
0.10650922330901337,0.48165942077441515
0.4081483661217867,0.10342990283008806
0.46152974380161044,0.5887336816067277
0.6724812221712868,0.3944202909587427
0.4731730669431657,0.3317971574951708
0.47775160305832287,0.3280616119434425
0.5013034133072828,0.15808116602392025
0.5274961639316379,0.11469712526369943
0.6265952906043595,0.5805107501867701
0.6527606264344044,0.22344033095076457
0.2820129746254115,0.2931790496728962
0.6276511946966439,0.5723185574180294
0.31573977525546854,0.36343758752831007
0.5288528413262933,0.428562981267101
0.5367953719348982,0.25691248644797227
0.5443769060458804,0.4355434007736498
0.5314943741675489,0.4431137746067507
0.657630778638329,0.4217488916490143
0.26273564580440173,0.5715125890224794
0.42266404087991954,0.33052780916053903
0.5674814148466072,0.31682807277404995
0.08845650530423585,0.5207670107053541
0.45223343637128716,0.3242398871054281
0.6009683488483567,0.6738318111924945
0.262728347158918,0.3043234579400186
0.6227433324907412,0.01444513254208242
0.42211557261219934,0.4745771393405669
0.46661219786970554,0.6861457187090941
0.46541657640809864,0.031672791635127644
0.520578949335644,0.5147196632548321
0.6097440356431552,0.6833581190818286
0.49143020326008424,0.35135343077588743
0.6320567426961867,0.3340763320986141
0.6455192974824379,0.38583313997490803
0.573218618158078,0.4407889517893984
0.18980215399504557,0.3466754399520679
0.2662894559697344,0.03475934386640443
0.19015461553754326,0.601660258738518
0.4797834673320398,0.4207120247020584
0.5316408595043204,0.597813740173085
0.4440325534937924,0.4059614002699242
0.35858527468880874,0.27873477313218264
0.2109746341010872,0.423180689217806
0.5343914636839999,0.3971346764052629
0.6294549250834337,0.5620981908873082
0.6315907049060354,0.3522987681071058
0.6049428188655954,0.03546428827500603
0.39999172936896515,0.040796804446299045
0.6798672602436839,0.5371948178085905
0.5821086918804954,0.18718198835214564
0.28448013218196205,0.6612890194615764
0.6173060268137931,0.389368311488685
0.42077733950457286,0.07053200708062851
0.3579472146366494,0.27178215200627226
0.4182501689271234,0.44914904507251957
0.4676088414830363,0.6753711026947038
0.5853304824645671,0.3686140108885483
0.3850720297722384,0.2357648886015142
0.5059915873896159,0.050360462295991906
0.3424319950500358,0.4660912890418076
0.6160101528692604,0.6261301737409707
0.5097092323573799,0.37295494613309227
0.20239005409745853,0.15856991878379134
0.4459282934553074,0.5062353063570734
0.5962115741704145,0.3547294681898283
0.5572516371660701,0.3963287567725838
0.5594332934326942,0.5607984054366357
0.34576954090843043,0.5709373325393775
0.6507098864082614,0.46987464855870514
0.671844783036283,0.38465162668805214
0.5088771006928985,0.48129760764873997
0.6344444710799182,0.5730993810409758
0.3828744686408647,0.4718413116901006
0.6502272611358955,0.33881122750016607
0.6371822520626118,0.23574441907285246
0.3175287178159794,0.39258134252624566
0.4638483244217691,0.6969741220075502
0.25417414961892537,0.49603050110644004
0.5847499022501131,0.4163925697825637
0.6091112741486462,0.36798363984734644
0.5154861948438331,0.005135445122792563
0.3465496918808806,0.3040908751057907
0.59934914215245,0.5637845951313619
0.4574098188799793,0.4936346266096199
0.6176153145263794,0.4767788084828453
0.41358013632736834,0.12159897445602241
0.6578428170416457,0.3337732736058633
0.4514003104713603,0.2921029024058976
0.5897510757569827,0.04930355610195955
0.3597801836915779,0.38036485995126057
0.3725869912041847,0.03389551624020988
0.37827107489652695,0.17780423770341938
0.39527046992937825,0.43661027507987316
0.41138814523602224,0.2469522657616889
0.6965602136280642,0.6918483298980445
0.33754497350952195,0.6031918888991611
0.4013293162445201,0.474781398247901
0.24144821030620672,0.3146474726227682
0.054535924380230805,0.5221680536324702
0.42043047157347047,0.22614873974497537
0.5274175144234653,0.09122144309768257
0.6134574304251725,0.3108730193157412
0.5479423285834825,0.4324325505173044
0.6585076982732112,0.2775949701916787
0.6313122349785084,0.3440411281465653
0.4263102638892481,0.052063927095347656
0.3789436404141624,0.4572804252138138
0.509603474018983,0.5001402182800304
0.4784089067583576,0.6029278953034489
0.5078800112727522,0.49283692627842385
0.26579991263875236,0.22794965520716898
0.5738798243200695,0.5526495195044733
0.5275631032798624,0.35287136534978464
0.4637506861485725,0.5041963576416462
0.14922846824464342,0.4604554178188715
0.0840699771507273,0.21870524827711213
0.6681872775243084,0.4599368693634189
0.334600876785973,0.5163514571423731
0.527833009332362,0.2768217403266534
0.386196392394924,0.16448609812000736
0.5201259144947203,0.4228678576677531
0.5194932917001953,0.4514727211517631
0.48712296650343295,0.4013252092155397
0.3293905441442696,0.24519215718802423
0.4893441798882096,0.3880651457200764
0.10165010664659793,0.2552222948911144
0.44321277650007423,0.2481260010593125
0.25909274346621164,0.33147217194568557
0.5004840838880805,0.25805641301125765
0.2759359695522816,0.6562012116754772
0.3963624968031286,0.6447188395872694
0.5778102604851318,0.4248485283824592
0.4208619965129609,0.6163065451051168
0.5324925838915908,0.05900336484005481
0.5245204537863013,0.2622758053034218
0.4790308968614766,0.1932857212877994
0.11116127357016405,0.1390538578326413
0.3712465798897449,0.21290802130477895
0.5710450448804136,0.14595891332321737
0.5501103168541404,0.33220205028386535
0.11595363541260724,0.20507282847847114
0.46483222543758757,0.40128179965572947
0.5941820711362642,0.034369923085785896
0.13860085371450764,0.21255681364022203
0.35149495720101254,0.16542829104231596
0.4154611701350342,0.13475077164834715
0.5663636136661405,0.6586288363367764
0.47957347958742835,0.43264511197149536
0.6261854467216038,0.43621317543874494
0.34517365568765956,0.37190726362010373
0.647319686579492,0.5109544085607706
0.5969086730843307,0.561045280079161
0.2273525920907246,0.6997039899983417
0.3722212289796726,0.08565732802637033
0.37108393243446886,0.36074401919010435
0.5177335641995985,0.501601699860571
0.07606548332909183,0.007520010863167278
0.17703781446659766,0.5266803167680721
0.6819401966333591,0.4108880993258375
0.4189453260554312,0.5299086349813213
0.49225376026751755,0.340377417845586
0.2410293440002152,0.6775271522380819
0.5304839932701302,0.42925838681435347
0.2758424064883696,0.3148576604797737
0.6381363348832083,0.2531749887354231
0.6244037501095246,0.3324875056283865
0.20422207034359896,0.014031786571270667
0.39014067980959677,0.5428120817351638
0.4742051250410051,0.2676005042244979
0.39087233310403363,0.03397544189972352
0.5452870577357112,0.43965085859877906
0.4296876585246702,0.07259776327717751
0.5532067448258986,0.37140310809091437
0.36456500845621154,0.3675573065113424
0.2207309642535294,0.1770700959092999
0.5238555215307452,0.5631683557793682
0.6416447614895485,0.24451782000949265
0.3785707516722608,0.07678542452897916
0.3440240965626086,0.3713688925523405
0.5822638309001941,0.2367248716179972
0.3541840811592056,0.14704439407942158
0.5157402793963644,0.16041687148662737
0.4068521001763177,0.029169915576602555
0.2997713965697901,0.4638540031385156
0.6436712403493767,0.5736522544033922
0.002626694920254179,0.24737744434320486
0.018134916608343547,0.28620843229075327
0.5566591404209001,0.45218624394137097
0.38169862857431214,0.4761975237456591
0.38793371545618077,0.4894226708764511
0.2089677835074882,0.22140558005785266
0.5943743443023577,0.671516554262346
0.6545365940023035,0.40734603186714785
0.48137657607746265,0.36149371906938793
0.6027597308512198,0.06997342355693638
0.27417160241197913,0.10780618632303762
0.5048802972249634,0.13816980433084747
0.65396330676987,0.48418103995190365
0.6363464340609057,0.6883927673832515
0.5507983154683944,0.4470007129198542
0.18180779837456487,0.6887591686029602
0.205155006584627,0.28366478940814227
0.6577586051023449,0.4072096126523723
0.39524266779450185,0.3742215271407384
0.40762045759950544,0.29368218631795756
0.6271730048672588,0.6504925620477875
0.34932793393752254,0.3388285795092263
0.5119458686578897,0.2480645918999033
0.622520177521643,0.5502532164611522
0.044367307983251766,0.03188685336810539
0.4600083279388688,0.1995260774277297
0.6447583714803471,0.21395040069266447
0.636258237482611,0.5891362633664139
0.5222215215658996,0.442739748914705
0.6214925293518317,0.5577353476295285
0.5532338788223014,0.370584678827247
0.039280156331532645,0.4762999555906446
0.5866880687512375,0.5742353309834725
0.5889317894441335,0.5509633453422093
0.604449452054923,0.3240563086471938
0.6758263049449578,0.294710630346378
0.3167282096113064,0.5444774940295428
0.09217229793812329,0.6194238917139231
0.4911431187233099,0.5118409944896087
0.4547927277152165,0.2665353486405969
0.027064269768856668,0.262847551549324
0.4911170465295493,0.6505622572796752
0.6292039270049498,0.5782214237089215
0.6636449824651077,0.4739122181845094
0.46612193412427116,0.3470153081714038
0.00793945721270694,0.38087731944318814
0.5739366051770789,0.41143205941677297
0.2772731232426167,0.31052376493632566
0.384762908831726,0.25676977224080794
0.6545154689662318,0.5346131306164247
0.5774789819896335,0.23439388276801965
0.4407523864618794,0.5253784079452584
0.415884312989978,0.054486652699263845
0.3851821354503589,0.45580928582967345
0.4625886776234359,0.043473148352638304
0.5327848518356548,0.28833054993039203
0.6165034669157484,0.4394863197146137
0.11458778831508261,0.6580535441179031
0.6432606417068842,0.6893002780427324
0.6001565398576588,0.2165343332125189
0.4721216431358609,0.47456322299813636
0.6127651001049987,0.5331613143856817
0.03252845623801273,0.5328259418018555
0.42427105442121343,0.1581883846758218
0.457114054145876,0.029653312810533638
0.6433224543299264,0.5532602602295373
0.5043801170877982,0.46362026049246885
0.0935004259829804,0.23799327687984914
0.37520359425973104,0.23373220186146995
0.19267385036208534,0.6102584737990898
0.13551168065078745,0.4866885985148283
0.3664906283788123,0.5756333495465275
0.27006373461241434,0.2134930877117765
0.38879988399655696,0.21234669852986748
0.6425197452024464,0.08032052689538982
0.14975509672527615,0.2699766110630485
0.6684354058286034,0.4327907206815149
0.660940927239338,0.0982716684198646
0.6413215612087126,0.4635336577689305
0.40239140997677963,0.03133207836991415
0.5049870581959002,0.4711241293517304
0.5176375273426318,0.5984748467345725
0.4758498180041686,0.39303225777786566
0.6996867391520161,0.6004809562837495
0.6811490630129832,0.5378018227170134
0.6617493382963784,0.07262077547255139
0.37798516833740675,0.3397850346091077
0.25392392120586393,0.3694184847370428
0.27577232552050296,0.4305257085453882
0.5216179388098917,0.5701364452072426
0.6335183628488732,0.4035035400828421
0.5839794576336961,0.3929703316184563
0.4059271922498677,0.18595697530104954
0.556957138507195,0.4540853077707927
0.008051768565033778,0.4022366087617968
0.10791324178481093,0.5566408524308096
0.687380864648222,0.26638673114844513
0.11961041083365115,0.49594470124824597
0.6610145789226839,0.619891551246995
0.5751942908639774,0.017282321829492416
0.4492979608284875,0.1995112385757679
0.5031085876063417,0.0742304101890985
0.631371678594141,0.0526211760141274
0.6823579706843158,0.41858984771923896
0.3696609231505684,0.05295019023266529
0.6219374107130338,0.4478091094482314
0.583700233193163,0.47882186221094414
0.2886538489105848,0.2417035308984296
0.20020509095598404,0.6051378438519391
0.5814955143492639,0.6569505374737725
0.399370363942013,0.16397870015492838
0.5297352244906878,0.3805666520895289
0.5321754200358678,0.5378523791478562
0.3251186427344005,0.6700464812094663
0.43709265223341803,0.5313248129067094
0.35623882690496567,0.02023552880490103
0.182617908406009,0.48137319318976296
0.3046773019765825,0.5210393037062149
0.5371181176905938,0.35052219686186187
0.6455494703017556,0.3429454206279269
0.47842112308637175,0.20087089389350177
0.21170924350200143,0.5439708225527167
0.4455067148098261,0.6559101029394173
0.5836981271961035,0.17745266983371233
0.3731046870404277,0.5777841660440045
0.6224627970863554,0.33845697124328733
0.5635080193435593,0.6306167210914794
0.5068853078778909,0.21191584844186306
0.6179604907325297,0.33400875818083914
0.6769434018379186,0.44049848095767197
0.4428831890901717,0.5344572216115211
0.12027734447855674,0.17158987361361494
0.49835360819550456,0.16486993054595622
0.668678262560595,0.4340081567415636
0.4084569455708819,0.24821222824637162
0.47860994278246477,0.13243120910564277
0.31174391167009113,0.37243626382006056
0.6096731024998523,0.4241721586592982
0.6217231726469733,0.5355921353523079
0.533906438575431,0.34618286060766645
0.6601893382980192,0.3413306432617576
0.6894725954519196,0.37641487407801316
0.6226831862870381,0.5263293434953658
0.5877288517912213,0.5340493757504576
0.08873407754956195,0.3585607146986284
0.4231298480547712,0.1158880025689184
0.46342944877202297,0.3737552606969071
0.547905656215578,0.14849559465335216
0.5522693421962431,0.24414781447429798
0.6678858124249081,0.4796382559565851
0.3264072624546692,0.209786115404721
0.4927682070424773,0.40340487038601924
0.6464964507952768,0.5356370283121181
0.6255456770034373,0.10706291213672758
0.3430970413864324,0.4578245693262521
0.6661111711364256,0.24821904168545555
0.6281720944998518,0.6639944698517946
0.07121847659363163,0.3821035937614957
0.3142231101290141,0.6562612592142092
0.39572598296145745,0.46715000088488534
0.5735730795178939,0.3502323552151261
0.44123174663775533,0.6906875563915725
0.6728145723249692,0.24515056709691754
0.6226110575953928,0.15707260968823983
0.5669058721579502,0.3367560584161831
0.1815596862373372,0.41051087219260357
0.3978124802113194,0.36044773855321377
0.27981851409950675,0.19596341759409913
0.4116188767680251,0.5908846975932728
0.6293759811299381,0.20171835734096222
0.6640263394218244,0.09222155441848214
0.2509815813513971,0.5718569825946129
0.5648507984313029,0.4929546655195619
0.566702611439658,0.49270523263698307
0.2511745086181584,0.3910119119291362
0.6325790308812747,0.41640763607647235
0.34564967122963897,0.47247201712194653
0.11506041606227466,0.13766864106557503
0.2996543877280008,0.028357815411992195
0.3166177361158911,0.03502098428093666
0.1950735656565781,0.5022684116689763
0.5943735436708542,0.6337524055386641
0.41322721516680727,0.43291635183982846
0.05570427474941004,0.3198096791453503
0.5059016823012277,0.2278120078352154
0.6046025967947529,0.2753310651071646
0.4784462594101613,0.38108694022048245
0.2412473118843857,0.5610812026883509
0.5474894158901626,0.6178299521513569
0.5691910444771635,0.3354159685076388
0.5267082500861662,0.22029792872702794
0.5494975992052327,0.048159606711746725
0.3957450655210862,0.4534000299675966
0.5568722064096716,0.4549303700812082
0.5945315662710516,0.648572945041943
0.18543448401572463,0.624719934786696
0.492518537696332,0.21040186446534867
0.06475440674711581,0.5174210844226791
0.6259767026308932,0.5223035884260243
0.12055632939756525,0.4317315585581763
0.6434406751303694,0.4861388551205097
0.23149073464450343,0.4226843291405945
0.019890561375711456,0.3989558537332245
0.5806048445808094,0.37966816111103613
0.444022936498931,0.3865570120469923
0.5938056054906096,0.6153107445761126
0.6692320577388265,0.5035577376046739
0.579391146314794,0.2383076493507529
0.6100696538289261,0.24608214099097103
0.620490188629801,0.10019044124361422
0.3984785474716713,0.583901902701909
0.5702189879364791,0.3422489993824251
0.6831021866266872,0.5283106070348789
0.435870424029443,0.4785814988290358
0.5191466302728418,0.43780195573511715
0.42449853453609715,0.00832861641198717
0.14324002267361557,0.5633641820788609
0.6235900658668894,0.07039626741617686
0.6659847816541616,0.6523623036064442
0.6269884305448621,0.3988601374195101
0.5926647517714516,0.21457707768035122
0.3413391101410839,0.24016590927300902
0.44064383714054667,0.4263707552095725
0.04368748515203885,0.46392777007020175
0.18281575019242285,0.25311052770871634
0.3219533784552189,0.14704138041918877
0.41729268341024484,0.47622636795518025
0.49271020068271926,0.41036616611474325
0.3535701377269158,0.39141577340674155
0.5726757764527691,0.5729347037611047
0.519134372676327,0.27665793977409053
0.6005013557808402,0.4827846660262888
0.4701482755219537,0.48600530818368853
0.29920840447838715,0.48996289025660944
0.5064833369670123,0.3248972860624519
0.4925923963380511,0.508248541536046
0.5826967000033223,0.07616286668416646
0.6092647335513356,0.38502367729932896
0.6283164989847771,0.27563468123572005
0.6179241037120111,0.05517976485048963
0.4482511477134843,0.29229217789029105
0.13710607127511334,0.2757218666598977
0.5372171825141763,0.5974398067470916
0.6262946250758126,0.5969270286710683
0.4365368054278961,0.40995314099185753
0.4249521705632665,0.11175422051281214
0.6026626782933826,0.6244097727791973
0.5161638292262329,0.5077928120692168
0.5527454638633924,0.5010902852746283
0.611908217496496,0.4835176241521865
0.44737152921215595,0.39097703483024826
0.5172461616289348,0.11107247538089371
0.48137818127634224,0.47416661897277634
0.6819134010755677,0.39130742011222347
0.367043415749864,0.37250226843593215
0.6195504219177991,0.12557280101580037
0.6553525872263598,0.3467308557374303
0.5899667049665296,0.11830534082900096
0.13389929066364342,0.41132731373286646
0.6244437234372395,0.4687575377461926
0.1462791023021744,0.4290006108758564
0.667743859940579,0.38374935398367005
0.5607728297277322,0.5238757342037524
0.63626966511454,0.3446889192794662
0.5629622913921329,0.4856797492688059
0.36089621976059005,0.1474524789838818
0.2321014129842976,0.5057032529483796
0.4398432204837397,0.02994725396451324
0.5455906603465022,0.30152621035767335
0.13683734920400267,0.08053216282103257
0.40291844370090574,0.10377460223440514
0.6714192116161464,0.26426913054183127
0.2812648677165683,0.2880065807976844
0.5460280509515448,0.48372234541749626
0.4842908278558644,0.2119946318377075
0.285920686760943,0.3582526078508963
0.37915914663592976,0.2957909164923723
0.3705806544509903,0.27247062819001766
0.6674133346366092,0.5663810361621597
0.5728417211083708,0.41832762176368554
0.6219056906100708,0.36969513147063887
0.32624905899534995,0.19563058245825157
0.6002661534581001,0.5084218049741678
0.5268098762220353,0.6400403258881473
0.3978031599305196,0.08485098428509005
0.6667438818742417,0.419334146860322
0.6827941029741242,0.46829449652303035
0.3642602457508125,0.037522669005309074
0.5079442930952082,0.40470701782099244
0.3286609346767393,0.32581498671554626
0.2982238328509287,0.5519380740231071
0.6164636016030567,0.43326495879290217
0.542097290458562,0.6438314539958961
0.6421175833224828,0.41803407379691326
0.08372608931990169,0.49202715177020606
0.48928283631734815,0.4465502537347441
0.615790152101238,0.492318100820032
0.539839596614709,0.0365460286923707
0.6121055102348456,0.678377846409987
0.6641096089842773,0.5289458277563012
0.11601181670603612,0.5497225613949216
0.378235211354128,0.2445084286648241
0.2567387842667289,0.5195702629969424
0.486193828738097,0.14292790506970565
0.2398741443547655,0.3062750350290123
0.326608101270374,0.05320313284152271
0.5764739544535159,0.44350927107960947
0.5242591138101174,0.6973368804114164
0.04161677435852877,0.19885198233914123
0.23076775440618463,0.1458588423428911
0.4186461802849111,0.19607593201693416
0.5819716412204042,0.40801954516882344
0.11651940003007617,0.5148433143043946
0.5343826932442385,0.4126338490463216
0.2784509355270213,0.5135869639341867
0.6737852076346178,0.6827406354739938
0.5566886405510956,0.5050616875639172
0.5223084921664622,0.4493258712924622
0.559746623006288,0.5297142818563844
0.24776840033724,0.11773297468022631
0.6249153318246077,0.3308337041378429
0.4047533053221979,0.48818036934347603
0.6841960658419562,0.15500095537408437
0.41060255348669616,0.6066364772816121
0.15478819001347016,0.6459864354524754
0.6265204950344107,0.1434489219510835
0.5157734031716218,0.49770616414134927
0.6256546133037793,0.25151325549205683
0.03647769507680518,0.24476696469923387
0.25726708407412724,0.00466369662581247
0.45999723775649476,0.30805320997623264
0.449811316829388,0.06250220143523658
0.1799875779950469,0.5967874709454924
0.5588824119128385,0.5270034008495047
0.6559496286569401,0.46884262219152095
0.17405175914633628,0.5273640978288313
0.26456145287674027,0.35113148902146213
0.667339559283527,0.6372579298812322
0.2565947410090137,0.6843535816738033
0.43622310062159136,0.05080749450647738
0.14322077462644583,0.16847243468392223
0.3656008127242684,0.054705830507769615
0.6637897782023516,0.25705356256868533
0.31081199048083863,0.3942060351403931
0.5292578912488238,0.5785174785413356
0.6031882923660029,0.31236538348029885
0.5758588421433594,0.5210451063785791
0.270441716210994,0.2811097951838953
0.32134239240165396,0.6172512158888006
0.47266519051660627,0.10292262074620775
0.5628275509968867,0.37461489589264685
0.5774842370677158,0.3806683907776376
0.5284801327388632,0.24833447417251833
0.3788909392015114,0.5102412377932862
0.5444893257861655,0.661521802917655
0.6896003963782618,0.3260918047364854
0.4889378695501275,0.6450038958748675
0.28164209483615366,0.1533886816303506
0.5514266368050724,0.46185690155455966
0.5726993362733434,0.5254974323389868
0.6495621020964223,0.2820024493160914
0.013626335749324592,0.2436971140257316
0.6807184498855067,0.2896924069705748
0.6139907876198066,0.20126162576435203
0.5873869032365638,0.4595709540257681
0.5939617191023306,0.3505322393264537
0.5704630700439618,0.6131183843821516
0.6471368292774173,0.4223242330079979
0.5332294125228703,0.3838939358002866
0.46439014084224295,0.31741697154704906
0.03976460770605875,0.4945955717441388
0.1103227965339591,0.27762203255083556
0.38257941781826665,0.6314737423997703
0.035312374421051194,0.37565250243784387
0.08418239952845734,0.5415027395221897
0.5275374852085971,0.38119978685444955
0.4852781982121329,0.1497813299280152
0.3382212498311036,0.6588168643400069
0.2556379764067172,0.6119285727138515
0.03816038397192367,0.5343158063263104
0.0835152226733947,0.3181408806496666
0.5052426340997053,0.3906526458283098
0.595480180954804,0.10577110646403892
0.07858649493655309,0.5155501591907204
0.5577374134532864,0.5649388369497759
0.47936139056888794,0.5071545783808744
0.6621952744194705,0.6439228409586134
0.05978742690678698,0.40435050698559266
0.26458614712158457,0.15356411454347269
0.6297859011233448,0.45456065536692264
0.18051673392384981,0.5104317739314759
0.6245051386357265,0.3354715359527331
0.5029772350791044,0.2881292425747251
0.32843387369825716,0.3093271830880309
0.5530943495061273,0.5154224958087581
0.5864940187051608,0.13322985865192358
0.47336115765294895,0.03889374855192642
0.4971874674299964,0.6222556655169151
0.3260686525258373,0.40620564998791386
0.47824521406777487,0.1546684046980289
0.5337754222897452,0.2771091771113719
0.25699936555265906,0.6707242533374528
0.6508677379377267,0.5068304625419588
0.6800728041003967,0.2017106312887033
0.46405924947182897,0.5685463505082021
0.6769534537835832,0.47837960931571955
0.5942443939375361,0.35861110128764245
0.5764081789544997,0.41065315810622444
0.5189163844767678,0.43866936081531294
0.6964154227910972,0.24934347149177247
0.345172611008018,0.3872237562601764
0.6847954626347339,0.439531221059414
0.699935989640887,0.3944268762185795
0.43686534975013847,0.44203671676821893
0.5502201489155849,0.24075189160328533
0.5647394311465267,0.5337005943785462
0.6137710040786317,0.4318897026148302
0.4680461517207437,0.5059693005323798
0.6802557464794983,0.41906859787984263
0.48865977262894084,0.15629098405557873
0.6744064113311616,0.4456471672804137
0.355491712469885,0.4750223267029293
0.4372367390344172,0.15532401328453255
0.516511471577967,0.5651094870295621
0.04846993858350522,0.10229621660692408
0.32284650460293746,0.5401151329222595
0.5509461472723545,0.40340040740075056
0.516709018711072,0.12065641734057586
0.3791987495385079,0.3558106128440282
0.06024049496041449,0.19641548659710875
0.37321825068183306,0.590096938090882
0.43357029146423226,0.3223558080690162
0.4757007510099305,0.4314314550249331
0.6333410039574232,0.11701479460652356
0.12337532805564308,0.15253050340373034
0.37190756257898105,0.2637979532650776
0.3705809619486714,0.42104188008415705
0.6693416376836971,0.5501199346975665
0.5350609321599188,0.361171929409717
0.5445214745816204,0.34775444431240715
0.11444195175715521,0.6282391808622994
0.6345205167989785,0.3078517367469457
0.6766632611251645,0.3296633750223013
0.4519995979224093,0.6270162940236061
0.5935908187438725,0.27994395904879243
0.4349817333457249,0.5728728582137639
0.529887365593231,0.3482243206645249
0.5295272321990268,0.4009914753376774
0.6241376909836656,0.3119822256587881
